dataset,model,feature,macro_fraction_with_active_outside_feature
astrocyte_gse330741,metadata,relative_edit_midpoint,0.021089783384455267
astrocyte_gse330741,metadata,relative_midpoint_squared,0.021089783384455267
astrocyte_gse330741,composition,relative_edit_midpoint,0.021089783384455267
astrocyte_gse330741,composition,relative_midpoint_squared,0.021089783384455267
astrocyte_gse330741,kmer123,relative_edit_midpoint,0.021089783384455267
astrocyte_gse330741,kmer123,relative_midpoint_squared,0.021089783384455267
astrocyte_gse330741,interaction_3,relative_edit_midpoint,0.021089783384455267
astrocyte_gse330741,interaction_3,relative_midpoint_squared,0.021089783384455267
astrocyte_gse330741,interaction_3,delta_CG*parentfreq_T,0.0021929824561403508
astrocyte_gse330741,interaction_full,relative_edit_midpoint,0.021089783384455267
astrocyte_gse330741,interaction_full,relative_midpoint_squared,0.021089783384455267
mikl_gse173098,metadata,A>C,0.004075129456030535
mikl_gse173098,metadata,A>G,0.0004512834027197913
mikl_gse173098,metadata,A>T,0.010086812793945802
mikl_gse173098,metadata,C>A,9.219988936013277e-05
mikl_gse173098,metadata,C>G,0.0018473505104521146
mikl_gse173098,metadata,C>T,0.0011713776419658773
mikl_gse173098,metadata,G>A,8.912655971479501e-06
mikl_gse173098,metadata,G>C,0.0004663599054843925
mikl_gse173098,metadata,G>T,6.366182836771072e-05
mikl_gse173098,metadata,T>A,0.0006600783036419388
mikl_gse173098,metadata,T>G,4.382302603916831e-05
mikl_gse173098,composition,A>C,0.004075129456030535
mikl_gse173098,composition,A>G,0.0004512834027197913
mikl_gse173098,composition,A>T,0.010086812793945802
mikl_gse173098,composition,C>A,9.219988936013277e-05
mikl_gse173098,composition,C>G,0.0018473505104521146
mikl_gse173098,composition,C>T,0.0011713776419658773
mikl_gse173098,composition,G>A,8.912655971479501e-06
mikl_gse173098,composition,G>C,0.0004663599054843925
mikl_gse173098,composition,G>T,6.366182836771072e-05
mikl_gse173098,composition,T>A,0.0006600783036419388
mikl_gse173098,composition,T>G,4.382302603916831e-05
mikl_gse173098,composition,delta_A,0.024002065915870733
mikl_gse173098,composition,delta_C,0.002728145074822535
mikl_gse173098,composition,delta_G,0.006969698357102107
mikl_gse173098,composition,delta_T,0.001159957430350163
mikl_gse173098,kmer123,A>C,0.004075129456030535
mikl_gse173098,kmer123,A>G,0.0004512834027197913
mikl_gse173098,kmer123,A>T,0.010086812793945802
mikl_gse173098,kmer123,C>A,9.219988936013277e-05
mikl_gse173098,kmer123,C>G,0.0018473505104521146
mikl_gse173098,kmer123,C>T,0.0011713776419658773
mikl_gse173098,kmer123,G>A,8.912655971479501e-06
mikl_gse173098,kmer123,G>C,0.0004663599054843925
mikl_gse173098,kmer123,G>T,6.366182836771072e-05
mikl_gse173098,kmer123,T>A,0.0006600783036419388
mikl_gse173098,kmer123,T>G,4.382302603916831e-05
mikl_gse173098,kmer123,delta_A,0.024002065915870733
mikl_gse173098,kmer123,delta_C,0.002728145074822535
mikl_gse173098,kmer123,delta_G,0.006969698357102106
mikl_gse173098,kmer123,delta_T,0.001159957430350163
mikl_gse173098,kmer123,delta_AA,0.10914062965764158
mikl_gse173098,kmer123,delta_AC,0.004179691739278334
mikl_gse173098,kmer123,delta_AT,0.0006697608983836149
mikl_gse173098,kmer123,delta_CC,0.014269140229063818
mikl_gse173098,kmer123,delta_CG,0.0006036338730419498
mikl_gse173098,kmer123,delta_CT,0.0022612183793972846
mikl_gse173098,kmer123,delta_GC,0.0010994090857635022
mikl_gse173098,kmer123,delta_GG,0.035580045703481104
mikl_gse173098,kmer123,delta_GT,0.0015185245445113232
mikl_gse173098,kmer123,delta_TA,0.0008007720267873969
mikl_gse173098,kmer123,delta_TC,0.004693368433560785
mikl_gse173098,kmer123,delta_TT,0.008904344013069145
mikl_gse173098,kmer123,delta_AAA,0.11067702540529073
mikl_gse173098,kmer123,delta_AAC,0.0016522963229430418
mikl_gse173098,kmer123,delta_ACA,0.002964947500875116
mikl_gse173098,kmer123,delta_AGC,0.00016711229946524063
mikl_gse173098,kmer123,delta_AGG,0.001050930824444508
mikl_gse173098,kmer123,delta_ATA,0.0014122902105887978
mikl_gse173098,kmer123,delta_ATC,0.0005932503180065307
mikl_gse173098,kmer123,delta_ATT,0.0017563045433595644
mikl_gse173098,kmer123,delta_CAA,0.002440210358155126
mikl_gse173098,kmer123,delta_CAC,0.0041151490092660595
mikl_gse173098,kmer123,delta_CAT,0.00016494200986179596
mikl_gse173098,kmer123,delta_CCA,0.005922774368405548
mikl_gse173098,kmer123,delta_CCC,0.01031535524833834
mikl_gse173098,kmer123,delta_CGC,0.0012033248073841523
mikl_gse173098,kmer123,delta_CGG,0.00020567667626491157
mikl_gse173098,kmer123,delta_CTA,0.0001054784083721465
mikl_gse173098,kmer123,delta_CTC,0.0015185665613253643
mikl_gse173098,kmer123,delta_CTT,8.883045818750333e-06
mikl_gse173098,kmer123,delta_GCG,0.0006216906825426096
mikl_gse173098,kmer123,delta_GGA,5.88235294117647e-05
mikl_gse173098,kmer123,delta_GGG,0.019028034625245768
mikl_gse173098,kmer123,delta_GGT,0.0018398459418484446
mikl_gse173098,kmer123,delta_GTG,0.007253296724073963
mikl_gse173098,kmer123,delta_TAT,0.00047319998997364196
mikl_gse173098,kmer123,delta_TCC,0.01688116473613056
mikl_gse173098,kmer123,delta_TCT,0.0023443271168202863
mikl_gse173098,kmer123,delta_TGG,0.002005347593582888
mikl_gse173098,kmer123,delta_TGT,3.9320541050644855e-05
mikl_gse173098,kmer123,delta_TTA,0.0027991833855537307
mikl_gse173098,kmer123,delta_TTC,0.006076746010822301
mikl_gse173098,kmer123,delta_TTG,0.00015303129489980703
mikl_gse173098,kmer123,delta_TTT,0.009748356758607617
mikl_gse173098,interaction_3,A>C,0.004075129456030535
mikl_gse173098,interaction_3,A>G,0.0004512834027197913
mikl_gse173098,interaction_3,A>T,0.010086812793945802
mikl_gse173098,interaction_3,C>A,9.219988936013277e-05
mikl_gse173098,interaction_3,C>G,0.0018473505104521146
mikl_gse173098,interaction_3,C>T,0.0011713776419658773
mikl_gse173098,interaction_3,G>A,8.912655971479501e-06
mikl_gse173098,interaction_3,G>C,0.0004663599054843925
mikl_gse173098,interaction_3,G>T,6.366182836771072e-05
mikl_gse173098,interaction_3,T>A,0.0006600783036419388
mikl_gse173098,interaction_3,T>G,4.382302603916831e-05
mikl_gse173098,interaction_3,delta_A,0.024002065915870733
mikl_gse173098,interaction_3,delta_C,0.002728145074822535
mikl_gse173098,interaction_3,delta_G,0.006969698357102106
mikl_gse173098,interaction_3,delta_T,0.001159957430350163
mikl_gse173098,interaction_3,delta_AA,0.10914062965764158
mikl_gse173098,interaction_3,delta_AC,0.004179691739278334
mikl_gse173098,interaction_3,delta_AT,0.0006697608983836149
mikl_gse173098,interaction_3,delta_CC,0.014269140229063818
mikl_gse173098,interaction_3,delta_CG,0.0006036338730419498
mikl_gse173098,interaction_3,delta_CT,0.0022612183793972846
mikl_gse173098,interaction_3,delta_GC,0.0010994090857635022
mikl_gse173098,interaction_3,delta_GG,0.035580045703481104
mikl_gse173098,interaction_3,delta_GT,0.0015185245445113232
mikl_gse173098,interaction_3,delta_TA,0.0008007720267873969
mikl_gse173098,interaction_3,delta_TC,0.004693368433560785
mikl_gse173098,interaction_3,delta_TT,0.008904344013069145
mikl_gse173098,interaction_3,delta_AAA,0.11067702540529073
mikl_gse173098,interaction_3,delta_AAC,0.0016522963229430418
mikl_gse173098,interaction_3,delta_ACA,0.002964947500875116
mikl_gse173098,interaction_3,delta_AGC,0.00016711229946524063
mikl_gse173098,interaction_3,delta_AGG,0.001050930824444508
mikl_gse173098,interaction_3,delta_ATA,0.0014122902105887978
mikl_gse173098,interaction_3,delta_ATC,0.0005932503180065307
mikl_gse173098,interaction_3,delta_ATT,0.0017563045433595644
mikl_gse173098,interaction_3,delta_CAA,0.002440210358155126
mikl_gse173098,interaction_3,delta_CAC,0.0041151490092660595
mikl_gse173098,interaction_3,delta_CAT,0.00016494200986179596
mikl_gse173098,interaction_3,delta_CCA,0.005922774368405548
mikl_gse173098,interaction_3,delta_CCC,0.01031535524833834
mikl_gse173098,interaction_3,delta_CGC,0.0012033248073841523
mikl_gse173098,interaction_3,delta_CGG,0.00020567667626491157
mikl_gse173098,interaction_3,delta_CTA,0.0001054784083721465
mikl_gse173098,interaction_3,delta_CTC,0.0015185665613253643
mikl_gse173098,interaction_3,delta_CTT,8.883045818750333e-06
mikl_gse173098,interaction_3,delta_GCG,0.0006216906825426096
mikl_gse173098,interaction_3,delta_GGA,5.88235294117647e-05
mikl_gse173098,interaction_3,delta_GGG,0.019028034625245768
mikl_gse173098,interaction_3,delta_GGT,0.0018398459418484446
mikl_gse173098,interaction_3,delta_GTG,0.007253296724073963
mikl_gse173098,interaction_3,delta_TAT,0.00047319998997364196
mikl_gse173098,interaction_3,delta_TCC,0.01688116473613056
mikl_gse173098,interaction_3,delta_TCT,0.0023443271168202863
mikl_gse173098,interaction_3,delta_TGG,0.002005347593582888
mikl_gse173098,interaction_3,delta_TGT,3.9320541050644855e-05
mikl_gse173098,interaction_3,delta_TTA,0.0027991833855537307
mikl_gse173098,interaction_3,delta_TTC,0.0060767460108223014
mikl_gse173098,interaction_3,delta_TTG,0.00015303129489980703
mikl_gse173098,interaction_3,delta_TTT,0.009748356758607617
mikl_gse173098,interaction_3,delta_A*parentfreq_A,0.14703880383805917
mikl_gse173098,interaction_3,delta_A*parentfreq_C,0.014464720551063227
mikl_gse173098,interaction_3,delta_A*parentfreq_G,7.257448433919021e-05
mikl_gse173098,interaction_3,delta_A*parentfreq_T,0.004341921403329297
mikl_gse173098,interaction_3,delta_A*parentfreq_AA,0.14069133923340105
mikl_gse173098,interaction_3,delta_A*parentfreq_AC,0.006345583477459659
mikl_gse173098,interaction_3,delta_A*parentfreq_AG,0.001200199162742421
mikl_gse173098,interaction_3,delta_A*parentfreq_AT,0.0057011478204736545
mikl_gse173098,interaction_3,delta_A*parentfreq_CA,0.00807009902112057
mikl_gse173098,interaction_3,delta_A*parentfreq_CC,0.0018110397845452918
mikl_gse173098,interaction_3,delta_A*parentfreq_CG,0.005044270310654596
mikl_gse173098,interaction_3,delta_A*parentfreq_CT,0.0015140107275400708
mikl_gse173098,interaction_3,delta_A*parentfreq_GA,0.005487375086927379
mikl_gse173098,interaction_3,delta_A*parentfreq_GG,0.0003245595758964743
mikl_gse173098,interaction_3,delta_A*parentfreq_GT,0.0004002264528038724
mikl_gse173098,interaction_3,delta_A*parentfreq_TA,0.000416091974491378
mikl_gse173098,interaction_3,delta_A*parentfreq_TC,0.004268072053824165
mikl_gse173098,interaction_3,delta_A*parentfreq_TG,0.0014389947823618256
mikl_gse173098,interaction_3,delta_A*parentfreq_TT,0.015354472169771372
mikl_gse173098,interaction_3,delta_C*parentfreq_A,0.0043210898166095215
mikl_gse173098,interaction_3,delta_C*parentfreq_C,0.015042130954497076
mikl_gse173098,interaction_3,delta_C*parentfreq_G,0.002053700075712263
mikl_gse173098,interaction_3,delta_C*parentfreq_T,0.0006508137917227126
mikl_gse173098,interaction_3,delta_C*parentfreq_AA,0.033865813350530995
mikl_gse173098,interaction_3,delta_C*parentfreq_AC,0.001234192376015359
mikl_gse173098,interaction_3,delta_C*parentfreq_AG,0.0004051207259763409
mikl_gse173098,interaction_3,delta_C*parentfreq_AT,0.0008190132609209337
mikl_gse173098,interaction_3,delta_C*parentfreq_CA,0.004470281059186624
mikl_gse173098,interaction_3,delta_C*parentfreq_CC,0.011493891492022916
mikl_gse173098,interaction_3,delta_C*parentfreq_CG,0.0006806839768300215
mikl_gse173098,interaction_3,delta_C*parentfreq_CT,0.0035476111271616787
mikl_gse173098,interaction_3,delta_C*parentfreq_GA,0.0003949348334375072
mikl_gse173098,interaction_3,delta_C*parentfreq_GC,0.0032814971718715035
mikl_gse173098,interaction_3,delta_C*parentfreq_GG,0.0019247427838759113
mikl_gse173098,interaction_3,delta_C*parentfreq_GT,0.000279300668574025
mikl_gse173098,interaction_3,delta_C*parentfreq_TA,0.00024499813221483165
mikl_gse173098,interaction_3,delta_C*parentfreq_TC,0.02011067328712166
mikl_gse173098,interaction_3,delta_C*parentfreq_TG,0.0010163362202034003
mikl_gse173098,interaction_3,delta_C*parentfreq_TT,0.0024811705977871414
mikl_gse173098,interaction_3,delta_G*parentfreq_A,0.022297372055282105
mikl_gse173098,interaction_3,delta_G*parentfreq_C,0.005751730315771966
mikl_gse173098,interaction_3,delta_G*parentfreq_G,0.005445501680715087
mikl_gse173098,interaction_3,delta_G*parentfreq_T,0.010526352213302753
mikl_gse173098,interaction_3,delta_G*parentfreq_AA,0.03023468301493486
mikl_gse173098,interaction_3,delta_G*parentfreq_AC,0.0014658867026584451
mikl_gse173098,interaction_3,delta_G*parentfreq_AG,0.002357684931905842
mikl_gse173098,interaction_3,delta_G*parentfreq_AT,0.0038563096386360985
mikl_gse173098,interaction_3,delta_G*parentfreq_CA,0.003281508340613322
mikl_gse173098,interaction_3,delta_G*parentfreq_CC,0.004416616585618982
mikl_gse173098,interaction_3,delta_G*parentfreq_CG,0.001365672354977168
mikl_gse173098,interaction_3,delta_G*parentfreq_CT,0.0008051437746048232
mikl_gse173098,interaction_3,delta_G*parentfreq_GA,0.0001282207097715119
mikl_gse173098,interaction_3,delta_G*parentfreq_GC,0.0022582859845202497
mikl_gse173098,interaction_3,delta_G*parentfreq_GG,0.007023651352112385
mikl_gse173098,interaction_3,delta_G*parentfreq_GT,0.02785990275147013
mikl_gse173098,interaction_3,delta_G*parentfreq_TA,0.0028295982405884966
mikl_gse173098,interaction_3,delta_G*parentfreq_TC,0.006499376552517151
mikl_gse173098,interaction_3,delta_G*parentfreq_TG,0.0041088396174514515
mikl_gse173098,interaction_3,delta_G*parentfreq_TT,0.0031988581343190166
mikl_gse173098,interaction_3,delta_T*parentfreq_A,0.009415370864023321
mikl_gse173098,interaction_3,delta_T*parentfreq_C,0.0035018991002729533
mikl_gse173098,interaction_3,delta_T*parentfreq_G,0.0001789702113636443
mikl_gse173098,interaction_3,delta_T*parentfreq_T,0.00767073978247742
mikl_gse173098,interaction_3,delta_T*parentfreq_AA,0.04175032089727859
mikl_gse173098,interaction_3,delta_T*parentfreq_AC,0.0028626196716749846
mikl_gse173098,interaction_3,delta_T*parentfreq_AG,3.32716170695463e-05
mikl_gse173098,interaction_3,delta_T*parentfreq_AT,0.012911659056703911
mikl_gse173098,interaction_3,delta_T*parentfreq_CA,0.0010992217235165631
mikl_gse173098,interaction_3,delta_T*parentfreq_CC,0.003153183896921584
mikl_gse173098,interaction_3,delta_T*parentfreq_CG,0.0006356719592013711
mikl_gse173098,interaction_3,delta_T*parentfreq_CT,0.004145632047411386
mikl_gse173098,interaction_3,delta_T*parentfreq_GA,1.591545709192768e-05
mikl_gse173098,interaction_3,delta_T*parentfreq_GC,0.0017276646169379732
mikl_gse173098,interaction_3,delta_T*parentfreq_GG,0.0012113034207039274
mikl_gse173098,interaction_3,delta_T*parentfreq_GT,0.001870777655358397
mikl_gse173098,interaction_3,delta_T*parentfreq_TA,0.0005728419579141671
mikl_gse173098,interaction_3,delta_T*parentfreq_TC,0.004088246535419696
mikl_gse173098,interaction_3,delta_T*parentfreq_TG,0.0010547770398002668
mikl_gse173098,interaction_3,delta_T*parentfreq_TT,0.008240686989857358
mikl_gse173098,interaction_3,delta_AA*parentfreq_A,0.1708276522702408
mikl_gse173098,interaction_3,delta_AA*parentfreq_C,0.03948478512091504
mikl_gse173098,interaction_3,delta_AA*parentfreq_G,0.0025426400426400418
mikl_gse173098,interaction_3,delta_AA*parentfreq_T,0.029770612330345034
mikl_gse173098,interaction_3,delta_AC*parentfreq_A,0.012194391356819842
mikl_gse173098,interaction_3,delta_AC*parentfreq_C,0.007335937419406213
mikl_gse173098,interaction_3,delta_AC*parentfreq_G,9.814531873355403e-05
mikl_gse173098,interaction_3,delta_AC*parentfreq_T,0.0004327447598581655
mikl_gse173098,interaction_3,delta_AG*parentfreq_A,0.010265290608849566
mikl_gse173098,interaction_3,delta_AG*parentfreq_C,0.00483917051178051
mikl_gse173098,interaction_3,delta_AG*parentfreq_G,0.00555557565883668
mikl_gse173098,interaction_3,delta_AG*parentfreq_T,0.0012574450890660241
mikl_gse173098,interaction_3,delta_AT*parentfreq_A,0.01439036290901904
mikl_gse173098,interaction_3,delta_AT*parentfreq_C,0.002532299744109192
mikl_gse173098,interaction_3,delta_AT*parentfreq_G,0.0006286245473096683
mikl_gse173098,interaction_3,delta_AT*parentfreq_T,0.00503783951240508
mikl_gse173098,interaction_3,delta_CA*parentfreq_A,0.022341931152289777
mikl_gse173098,interaction_3,delta_CA*parentfreq_C,0.01250351533441558
mikl_gse173098,interaction_3,delta_CA*parentfreq_G,0.00013906271728549575
mikl_gse173098,interaction_3,delta_CA*parentfreq_T,0.0014046216999520121
mikl_gse173098,interaction_3,delta_CC*parentfreq_A,0.0020834331944778336
mikl_gse173098,interaction_3,delta_CC*parentfreq_C,0.031205914716882964
mikl_gse173098,interaction_3,delta_CC*parentfreq_G,0.0005740528534646181
mikl_gse173098,interaction_3,delta_CC*parentfreq_T,0.0026311342880850925
mikl_gse173098,interaction_3,delta_CG*parentfreq_A,0.0001666198457642308
mikl_gse173098,interaction_3,delta_CG*parentfreq_C,0.004640727201579128
mikl_gse173098,interaction_3,delta_CG*parentfreq_G,0.006226980713902097
mikl_gse173098,interaction_3,delta_CG*parentfreq_T,0.0008063468684758637
mikl_gse173098,interaction_3,delta_CT*parentfreq_A,0.008195287832343351
mikl_gse173098,interaction_3,delta_CT*parentfreq_C,0.01194430751197773
mikl_gse173098,interaction_3,delta_CT*parentfreq_G,0.0035193808844517865
mikl_gse173098,interaction_3,delta_CT*parentfreq_T,0.00576280740245065
mikl_gse173098,interaction_3,delta_GA*parentfreq_A,0.009211637981152928
mikl_gse173098,interaction_3,delta_GA*parentfreq_C,0.002291137077990691
mikl_gse173098,interaction_3,delta_GA*parentfreq_G,0.0044018512989273915
mikl_gse173098,interaction_3,delta_GA*parentfreq_T,0.00036435111473924654
mikl_gse173098,interaction_3,delta_GC*parentfreq_A,0.003230580935503039
mikl_gse173098,interaction_3,delta_GC*parentfreq_C,0.0014895008540131165
mikl_gse173098,interaction_3,delta_GC*parentfreq_G,0.002299174909991042
mikl_gse173098,interaction_3,delta_GC*parentfreq_T,0.0003970518896711133
mikl_gse173098,interaction_3,delta_GG*parentfreq_A,0.007886121919982786
mikl_gse173098,interaction_3,delta_GG*parentfreq_C,0.002096596214243273
mikl_gse173098,interaction_3,delta_GG*parentfreq_G,0.03440036482902764
mikl_gse173098,interaction_3,delta_GG*parentfreq_T,0.033620008822884156
mikl_gse173098,interaction_3,delta_GT*parentfreq_A,0.00896765097990326
mikl_gse173098,interaction_3,delta_GT*parentfreq_C,0.003915855139117172
mikl_gse173098,interaction_3,delta_GT*parentfreq_G,0.007648994046110393
mikl_gse173098,interaction_3,delta_GT*parentfreq_T,0.0014098166810369618
mikl_gse173098,interaction_3,delta_TA*parentfreq_A,0.017311660337368518
mikl_gse173098,interaction_3,delta_TA*parentfreq_C,0.00036546649494460196
mikl_gse173098,interaction_3,delta_TA*parentfreq_G,0.005109075852283985
mikl_gse173098,interaction_3,delta_TA*parentfreq_T,0.0009896157559240832
mikl_gse173098,interaction_3,delta_TC*parentfreq_A,0.007023835543463439
mikl_gse173098,interaction_3,delta_TC*parentfreq_C,0.008967957845040949
mikl_gse173098,interaction_3,delta_TC*parentfreq_G,0.00258238174860927
mikl_gse173098,interaction_3,delta_TC*parentfreq_T,0.008141794862042244
mikl_gse173098,interaction_3,delta_TG*parentfreq_A,0.01197092932701757
mikl_gse173098,interaction_3,delta_TG*parentfreq_C,0.002740789078294053
mikl_gse173098,interaction_3,delta_TG*parentfreq_G,0.01971939750390686
mikl_gse173098,interaction_3,delta_TG*parentfreq_T,0.0005785460074040663
mikl_gse173098,interaction_3,delta_TT*parentfreq_A,0.009135489478677355
mikl_gse173098,interaction_3,delta_TT*parentfreq_C,0.0016798776248087889
mikl_gse173098,interaction_3,delta_TT*parentfreq_G,0.0010096080158987744
mikl_gse173098,interaction_3,delta_TT*parentfreq_T,0.010926659667238001
mikl_gse173098,interaction_full,A>C,0.004075129456030535
mikl_gse173098,interaction_full,A>G,0.0004512834027197913
mikl_gse173098,interaction_full,A>T,0.010086812793945802
mikl_gse173098,interaction_full,C>A,9.219988936013277e-05
mikl_gse173098,interaction_full,C>G,0.0018473505104521146
mikl_gse173098,interaction_full,C>T,0.0011713776419658773
mikl_gse173098,interaction_full,G>A,8.912655971479501e-06
mikl_gse173098,interaction_full,G>C,0.0004663599054843925
mikl_gse173098,interaction_full,G>T,6.366182836771072e-05
mikl_gse173098,interaction_full,T>A,0.0006600783036419388
mikl_gse173098,interaction_full,T>G,4.382302603916831e-05
mikl_gse173098,interaction_full,delta_A,0.024002065915870733
mikl_gse173098,interaction_full,delta_C,0.002728145074822535
mikl_gse173098,interaction_full,delta_G,0.006969698357102106
mikl_gse173098,interaction_full,delta_T,0.001159957430350163
mikl_gse173098,interaction_full,delta_AA,0.10914062965764158
mikl_gse173098,interaction_full,delta_AC,0.004179691739278334
mikl_gse173098,interaction_full,delta_AT,0.0006697608983836149
mikl_gse173098,interaction_full,delta_CC,0.014269140229063818
mikl_gse173098,interaction_full,delta_CG,0.0006036338730419498
mikl_gse173098,interaction_full,delta_CT,0.0022612183793972846
mikl_gse173098,interaction_full,delta_GC,0.0010994090857635022
mikl_gse173098,interaction_full,delta_GG,0.035580045703481104
mikl_gse173098,interaction_full,delta_GT,0.0015185245445113232
mikl_gse173098,interaction_full,delta_TA,0.0008007720267873969
mikl_gse173098,interaction_full,delta_TC,0.004693368433560785
mikl_gse173098,interaction_full,delta_TT,0.008904344013069145
mikl_gse173098,interaction_full,delta_AAA,0.11067702540529073
mikl_gse173098,interaction_full,delta_AAC,0.0016522963229430418
mikl_gse173098,interaction_full,delta_ACA,0.002964947500875116
mikl_gse173098,interaction_full,delta_AGC,0.00016711229946524063
mikl_gse173098,interaction_full,delta_AGG,0.001050930824444508
mikl_gse173098,interaction_full,delta_ATA,0.0014122902105887978
mikl_gse173098,interaction_full,delta_ATC,0.0005932503180065307
mikl_gse173098,interaction_full,delta_ATT,0.0017563045433595644
mikl_gse173098,interaction_full,delta_CAA,0.002440210358155126
mikl_gse173098,interaction_full,delta_CAC,0.0041151490092660595
mikl_gse173098,interaction_full,delta_CAT,0.00016494200986179596
mikl_gse173098,interaction_full,delta_CCA,0.005922774368405548
mikl_gse173098,interaction_full,delta_CCC,0.01031535524833834
mikl_gse173098,interaction_full,delta_CGC,0.0012033248073841523
mikl_gse173098,interaction_full,delta_CGG,0.00020567667626491157
mikl_gse173098,interaction_full,delta_CTA,0.0001054784083721465
mikl_gse173098,interaction_full,delta_CTC,0.0015185665613253643
mikl_gse173098,interaction_full,delta_CTT,8.883045818750333e-06
mikl_gse173098,interaction_full,delta_GCG,0.0006216906825426096
mikl_gse173098,interaction_full,delta_GGA,5.88235294117647e-05
mikl_gse173098,interaction_full,delta_GGG,0.019028034625245768
mikl_gse173098,interaction_full,delta_GGT,0.0018398459418484446
mikl_gse173098,interaction_full,delta_GTG,0.007253296724073963
mikl_gse173098,interaction_full,delta_TAT,0.00047319998997364196
mikl_gse173098,interaction_full,delta_TCC,0.01688116473613056
mikl_gse173098,interaction_full,delta_TCT,0.0023443271168202863
mikl_gse173098,interaction_full,delta_TGG,0.002005347593582888
mikl_gse173098,interaction_full,delta_TGT,3.9320541050644855e-05
mikl_gse173098,interaction_full,delta_TTA,0.0027991833855537307
mikl_gse173098,interaction_full,delta_TTC,0.0060767460108223014
mikl_gse173098,interaction_full,delta_TTG,0.00015303129489980703
mikl_gse173098,interaction_full,delta_TTT,0.009748356758607617
mikl_gse173098,interaction_full,delta_A*parentfreq_A,0.03856057416209656
mikl_gse173098,interaction_full,delta_A*parentfreq_C,0.18136501518450873
mikl_gse173098,interaction_full,delta_A*parentfreq_G,0.001766103946034742
mikl_gse173098,interaction_full,delta_A*parentfreq_T,0.1612478505812639
mikl_gse173098,interaction_full,delta_A*parentfreq_AA,0.14721123387259766
mikl_gse173098,interaction_full,delta_A*parentfreq_AC,0.12317658510878852
mikl_gse173098,interaction_full,delta_A*parentfreq_AG,0.0020742181169988655
mikl_gse173098,interaction_full,delta_A*parentfreq_AT,0.18994980797474834
mikl_gse173098,interaction_full,delta_A*parentfreq_CA,0.05986879211234667
mikl_gse173098,interaction_full,delta_A*parentfreq_CC,0.11783598619905634
mikl_gse173098,interaction_full,delta_A*parentfreq_CG,0.07433800889011699
mikl_gse173098,interaction_full,delta_A*parentfreq_CT,0.08009088165864556
mikl_gse173098,interaction_full,delta_A*parentfreq_GA,0.0021511910549343706
mikl_gse173098,interaction_full,delta_A*parentfreq_GC,0.012261973644569522
mikl_gse173098,interaction_full,delta_A*parentfreq_GG,0.004964375816766505
mikl_gse173098,interaction_full,delta_A*parentfreq_GT,0.0364345507706027
mikl_gse173098,interaction_full,delta_A*parentfreq_TA,0.1191206850670193
mikl_gse173098,interaction_full,delta_A*parentfreq_TC,0.29268096873390814
mikl_gse173098,interaction_full,delta_A*parentfreq_TG,0.050563703169760145
mikl_gse173098,interaction_full,delta_A*parentfreq_TT,0.16976261843356757
mikl_gse173098,interaction_full,delta_C*parentfreq_A,0.0018215402890063943
mikl_gse173098,interaction_full,delta_C*parentfreq_C,0.07810586850904087
mikl_gse173098,interaction_full,delta_C*parentfreq_G,0.0007257448433919022
mikl_gse173098,interaction_full,delta_C*parentfreq_T,0.024418328337775793
mikl_gse173098,interaction_full,delta_C*parentfreq_AA,0.018426003713874782
mikl_gse173098,interaction_full,delta_C*parentfreq_AC,0.034113892809332094
mikl_gse173098,interaction_full,delta_C*parentfreq_AT,0.08604858141603904
mikl_gse173098,interaction_full,delta_C*parentfreq_CA,0.029882276866142282
mikl_gse173098,interaction_full,delta_C*parentfreq_CC,0.08566287388473096
mikl_gse173098,interaction_full,delta_C*parentfreq_CG,0.050267576985083495
mikl_gse173098,interaction_full,delta_C*parentfreq_CT,0.029747397915007915
mikl_gse173098,interaction_full,delta_C*parentfreq_GC,0.004240523403093645
mikl_gse173098,interaction_full,delta_C*parentfreq_GG,0.0014285039579157227
mikl_gse173098,interaction_full,delta_C*parentfreq_GT,0.009147915555862952
mikl_gse173098,interaction_full,delta_C*parentfreq_TA,0.019716454804061766
mikl_gse173098,interaction_full,delta_C*parentfreq_TC,0.19659485300896803
mikl_gse173098,interaction_full,delta_C*parentfreq_TG,0.008929363172925243
mikl_gse173098,interaction_full,delta_C*parentfreq_TT,0.05661110425083904
mikl_gse173098,interaction_full,delta_G*parentfreq_A,0.00846921901719367
mikl_gse173098,interaction_full,delta_G*parentfreq_C,0.14964523632944524
mikl_gse173098,interaction_full,delta_G*parentfreq_G,0.0050102661778652375
mikl_gse173098,interaction_full,delta_G*parentfreq_T,0.06543585610325811
mikl_gse173098,interaction_full,delta_G*parentfreq_AA,0.034231303895704564
mikl_gse173098,interaction_full,delta_G*parentfreq_AC,0.05825724050440916
mikl_gse173098,interaction_full,delta_G*parentfreq_AG,0.0005293637006031582
mikl_gse173098,interaction_full,delta_G*parentfreq_AT,0.1333329100475663
mikl_gse173098,interaction_full,delta_G*parentfreq_CA,0.0770071390772239
mikl_gse173098,interaction_full,delta_G*parentfreq_CC,0.12585828691661174
mikl_gse173098,interaction_full,delta_G*parentfreq_CG,0.07167141090150218
mikl_gse173098,interaction_full,delta_G*parentfreq_CT,0.04925599215568862
mikl_gse173098,interaction_full,delta_G*parentfreq_GA,0.0004072161780072531
mikl_gse173098,interaction_full,delta_G*parentfreq_GC,0.013391590429148033
mikl_gse173098,interaction_full,delta_G*parentfreq_GG,0.010005557105524832
mikl_gse173098,interaction_full,delta_G*parentfreq_GT,0.03192866742768956
mikl_gse173098,interaction_full,delta_G*parentfreq_TA,0.05312035179376221
mikl_gse173098,interaction_full,delta_G*parentfreq_TC,0.3143473198207878
mikl_gse173098,interaction_full,delta_G*parentfreq_TG,0.030128626664177878
mikl_gse173098,interaction_full,delta_G*parentfreq_TT,0.12179741851049654
mikl_gse173098,interaction_full,delta_T*parentfreq_A,0.00501217430792633
mikl_gse173098,interaction_full,delta_T*parentfreq_C,0.06190094033891749
mikl_gse173098,interaction_full,delta_T*parentfreq_T,0.03021843984848369
mikl_gse173098,interaction_full,delta_T*parentfreq_AA,0.02419346338974107
mikl_gse173098,interaction_full,delta_T*parentfreq_AC,0.020251514414102022
mikl_gse173098,interaction_full,delta_T*parentfreq_AT,0.07624971810728551
mikl_gse173098,interaction_full,delta_T*parentfreq_CA,0.008930257742654485
mikl_gse173098,interaction_full,delta_T*parentfreq_CC,0.061731232444450154
mikl_gse173098,interaction_full,delta_T*parentfreq_CG,0.030964085161628997
mikl_gse173098,interaction_full,delta_T*parentfreq_CT,0.024922443735336624
mikl_gse173098,interaction_full,delta_T*parentfreq_GA,6.146659290675518e-05
mikl_gse173098,interaction_full,delta_T*parentfreq_GC,0.003059830581705618
mikl_gse173098,interaction_full,delta_T*parentfreq_GG,0.00020595637313903568
mikl_gse173098,interaction_full,delta_T*parentfreq_GT,0.003960313784522092
mikl_gse173098,interaction_full,delta_T*parentfreq_TA,0.04017052016586017
mikl_gse173098,interaction_full,delta_T*parentfreq_TC,0.1684393069061394
mikl_gse173098,interaction_full,delta_T*parentfreq_TG,0.004644010720975983
mikl_gse173098,interaction_full,delta_T*parentfreq_TT,0.05173636569932796
mikl_gse173098,interaction_full,delta_AA*parentfreq_A,0.11321285848253806
mikl_gse173098,interaction_full,delta_AA*parentfreq_C,0.17639966515837044
mikl_gse173098,interaction_full,delta_AA*parentfreq_G,0.019005570138537823
mikl_gse173098,interaction_full,delta_AA*parentfreq_T,0.1718883336005687
mikl_gse173098,interaction_full,delta_AC*parentfreq_A,0.005144282088088236
mikl_gse173098,interaction_full,delta_AC*parentfreq_C,0.0016961371981491823
mikl_gse173098,interaction_full,delta_AC*parentfreq_G,0.0009308978774923046
mikl_gse173098,interaction_full,delta_AC*parentfreq_T,0.005356466873640903
mikl_gse173098,interaction_full,delta_AG*parentfreq_A,0.0023234386790335483
mikl_gse173098,interaction_full,delta_AG*parentfreq_C,0.04598257949085152
mikl_gse173098,interaction_full,delta_AG*parentfreq_G,0.00036600562139931496
mikl_gse173098,interaction_full,delta_AG*parentfreq_T,0.015123678503985981
mikl_gse173098,interaction_full,delta_AT*parentfreq_A,0.004593903048642755
mikl_gse173098,interaction_full,delta_AT*parentfreq_C,0.0025467874384785855
mikl_gse173098,interaction_full,delta_AT*parentfreq_G,0.00046522105345634757
mikl_gse173098,interaction_full,delta_AT*parentfreq_T,0.001780088493235227
mikl_gse173098,interaction_full,delta_CA*parentfreq_A,0.0019406731974325436
mikl_gse173098,interaction_full,delta_CA*parentfreq_C,0.0016892756487635026
mikl_gse173098,interaction_full,delta_CA*parentfreq_G,9.381743127873159e-05
mikl_gse173098,interaction_full,delta_CA*parentfreq_T,0.018182869694102818
mikl_gse173098,interaction_full,delta_CC*parentfreq_A,0.00769711566273979
mikl_gse173098,interaction_full,delta_CC*parentfreq_C,0.01718428612433565
mikl_gse173098,interaction_full,delta_CC*parentfreq_G,0.0028035336720566304
mikl_gse173098,interaction_full,delta_CC*parentfreq_T,0.021037756046510973
mikl_gse173098,interaction_full,delta_CG*parentfreq_A,0.000334598714162428
mikl_gse173098,interaction_full,delta_CG*parentfreq_C,0.00012258194813975749
mikl_gse173098,interaction_full,delta_CG*parentfreq_G,0.0005622729760660796
mikl_gse173098,interaction_full,delta_CG*parentfreq_T,0.009643286952525996
mikl_gse173098,interaction_full,delta_CT*parentfreq_A,0.005266434312363404
mikl_gse173098,interaction_full,delta_CT*parentfreq_C,0.0002207000736412501
mikl_gse173098,interaction_full,delta_CT*parentfreq_G,0.001000222252335844
mikl_gse173098,interaction_full,delta_CT*parentfreq_T,0.0005070348946573691
mikl_gse173098,interaction_full,delta_GA*parentfreq_A,0.0015949676472976698
mikl_gse173098,interaction_full,delta_GA*parentfreq_C,0.04251682504347259
mikl_gse173098,interaction_full,delta_GA*parentfreq_G,0.0003662767975444918
mikl_gse173098,interaction_full,delta_GA*parentfreq_T,0.008315591498847287
mikl_gse173098,interaction_full,delta_GC*parentfreq_A,0.0008265464599596999
mikl_gse173098,interaction_full,delta_GC*parentfreq_C,9.167303284950343e-05
mikl_gse173098,interaction_full,delta_GC*parentfreq_G,0.00017825311942959004
mikl_gse173098,interaction_full,delta_GC*parentfreq_T,0.014413999937338096
mikl_gse173098,interaction_full,delta_GG*parentfreq_A,0.007897301138885027
mikl_gse173098,interaction_full,delta_GG*parentfreq_C,0.04331207184802712
mikl_gse173098,interaction_full,delta_GG*parentfreq_G,0.022569225544384373
mikl_gse173098,interaction_full,delta_GG*parentfreq_T,0.054863006063377524
mikl_gse173098,interaction_full,delta_GT*parentfreq_A,0.009224832524055272
mikl_gse173098,interaction_full,delta_GT*parentfreq_C,0.0408715896556557
mikl_gse173098,interaction_full,delta_GT*parentfreq_T,0.0007498191383242583
mikl_gse173098,interaction_full,delta_TA*parentfreq_A,0.0010551006674266341
mikl_gse173098,interaction_full,delta_TA*parentfreq_C,0.004467130566443289
mikl_gse173098,interaction_full,delta_TA*parentfreq_G,0.00014854426619132502
mikl_gse173098,interaction_full,delta_TA*parentfreq_T,0.00010764948845444203
mikl_gse173098,interaction_full,delta_TC*parentfreq_A,0.0034735912696746106
mikl_gse173098,interaction_full,delta_TC*parentfreq_C,0.00037687802393684744
mikl_gse173098,interaction_full,delta_TC*parentfreq_G,0.0011951955486938714
mikl_gse173098,interaction_full,delta_TC*parentfreq_T,0.0026459903234007727
mikl_gse173098,interaction_full,delta_TG*parentfreq_A,0.008573649944289104
mikl_gse173098,interaction_full,delta_TG*parentfreq_C,0.009537679335184398
mikl_gse173098,interaction_full,delta_TG*parentfreq_G,0.0008344290599551275
mikl_gse173098,interaction_full,delta_TG*parentfreq_T,0.019828804944675326
mikl_gse173098,interaction_full,delta_TT*parentfreq_A,0.004492664589341096
mikl_gse173098,interaction_full,delta_TT*parentfreq_C,0.004759504330701855
mikl_gse173098,interaction_full,delta_TT*parentfreq_G,0.0006105092932377038
mikl_gse173098,interaction_full,delta_TT*parentfreq_T,0.015563167034962263
moffatt_gse334718,kmer123,delta_ACC,0.00017806267806267807
moffatt_gse334718,kmer123,delta_AGT,0.002719697792370624
moffatt_gse334718,kmer123,delta_CGA,0.0013779956427015252
moffatt_gse334718,interaction_3,delta_ACC,0.00017806267806267807
moffatt_gse334718,interaction_3,delta_AGT,0.002719697792370624
moffatt_gse334718,interaction_3,delta_CGA,0.0013779956427015252
moffatt_gse334718,interaction_3,delta_A*parentfreq_A,0.00010548523206751055
moffatt_gse334718,interaction_3,delta_A*parentfreq_G,0.0008683815022288367
moffatt_gse334718,interaction_3,delta_A*parentfreq_AG,0.0005951575967398752
moffatt_gse334718,interaction_3,delta_A*parentfreq_CA,0.00018155410312273057
moffatt_gse334718,interaction_3,delta_A*parentfreq_CC,0.0005341880341880342
moffatt_gse334718,interaction_3,delta_A*parentfreq_GC,0.0004892824908647694
moffatt_gse334718,interaction_3,delta_A*parentfreq_GG,0.006145955980696037
moffatt_gse334718,interaction_3,delta_A*parentfreq_TG,0.00045933188090050835
moffatt_gse334718,interaction_3,delta_C*parentfreq_AA,0.0011034870189799767
moffatt_gse334718,interaction_3,delta_C*parentfreq_AG,0.0017545268636908026
moffatt_gse334718,interaction_3,delta_C*parentfreq_CG,0.0006373945589631864
moffatt_gse334718,interaction_3,delta_C*parentfreq_GA,0.0017759925285470719
moffatt_gse334718,interaction_3,delta_C*parentfreq_GC,0.00013354700854700856
moffatt_gse334718,interaction_3,delta_G*parentfreq_AT,0.0011513917763917763
moffatt_gse334718,interaction_3,delta_G*parentfreq_GA,0.0005692989847919425
moffatt_gse334718,interaction_3,delta_G*parentfreq_GC,0.00025025025025025025
moffatt_gse334718,interaction_3,delta_G*parentfreq_TA,0.0002751995846044006
moffatt_gse334718,interaction_3,delta_G*parentfreq_TG,0.00023213163530965848
moffatt_gse334718,interaction_3,delta_T*parentfreq_AG,0.0022292403557349636
moffatt_gse334718,interaction_3,delta_T*parentfreq_GA,0.00210215283922898
moffatt_gse334718,interaction_3,delta_AA*parentfreq_G,0.00023213163530965848
moffatt_gse334718,interaction_3,delta_AC*parentfreq_G,0.0009186637618010167
moffatt_gse334718,interaction_3,delta_AG*parentfreq_A,0.00046426327061931696
moffatt_gse334718,interaction_3,delta_AG*parentfreq_C,0.0004006410256410257
moffatt_gse334718,interaction_3,delta_AT*parentfreq_G,0.004755957880957883
moffatt_gse334718,interaction_3,delta_GA*parentfreq_A,0.0006963949059289754
moffatt_gse334718,interaction_3,delta_GA*parentfreq_C,0.0016915954415954414
moffatt_gse334718,interaction_3,delta_GC*parentfreq_T,0.00010752688172043011
moffatt_gse334718,interaction_full,delta_ACC,0.00017806267806267807
moffatt_gse334718,interaction_full,delta_AGT,0.002719697792370624
moffatt_gse334718,interaction_full,delta_CGA,0.0013779956427015252
moffatt_gse334718,interaction_full,delta_A*parentfreq_A,0.0003837972587972588
moffatt_gse334718,interaction_full,delta_A*parentfreq_AG,0.0008830229112009344
moffatt_gse334718,interaction_full,delta_A*parentfreq_GA,0.0017768277265743772
moffatt_gse334718,interaction_full,delta_C*parentfreq_G,0.0005692989847919425
moffatt_gse334718,interaction_full,delta_C*parentfreq_AG,0.000650891275891276
moffatt_gse334718,interaction_full,delta_C*parentfreq_GA,0.00872539847805659
moffatt_gse334718,interaction_full,delta_G*parentfreq_AG,0.000901141526141526
moffatt_gse334718,interaction_full,delta_G*parentfreq_GA,0.0026633906254522107
moffatt_gse334718,interaction_full,delta_G*parentfreq_GG,0.0007473616628546206
moffatt_gse334718,interaction_full,delta_T*parentfreq_G,0.004885972894515437
moffatt_gse334718,interaction_full,delta_T*parentfreq_AG,0.0036500697346038033
moffatt_gse334718,interaction_full,delta_T*parentfreq_GA,0.0034166632511973202
moffatt_gse334718,interaction_full,delta_T*parentfreq_GG,0.0012815496970426548
moffatt_gse334718,interaction_full,delta_AA*parentfreq_G,0.00017806267806267807
moffatt_gse334718,interaction_full,delta_AC*parentfreq_G,0.004046044478845913
moffatt_gse334718,interaction_full,delta_AG*parentfreq_G,0.005533885176499817
moffatt_gse334718,interaction_full,delta_AT*parentfreq_G,0.004128044621002368
moffatt_gse334718,interaction_full,delta_CA*parentfreq_G,0.00025025025025025025
moffatt_gse334718,interaction_full,delta_CC*parentfreq_G,0.001206693543755129
moffatt_gse334718,interaction_full,delta_CG*parentfreq_G,0.006477342155322726
moffatt_gse334718,interaction_full,delta_CT*parentfreq_G,0.0010329512226377288
moffatt_gse334718,interaction_full,delta_GA*parentfreq_G,0.004554391878335539
moffatt_gse334718,interaction_full,delta_GC*parentfreq_G,0.00018155410312273057
moffatt_gse334718,interaction_full,delta_GT*parentfreq_G,0.0010124010842366222
moffatt_gse334718,interaction_full,delta_TA*parentfreq_G,0.002679085264273816
moffatt_gse334718,interaction_full,delta_TC*parentfreq_G,0.0007473616628546206
moffatt_gse334718,interaction_full,delta_TG*parentfreq_G,0.0007473616628546206
moffatt_gse334718,interaction_full,delta_TT*parentfreq_G,0.00555363199226656
srle,metadata,edit_span_fraction,0.39644465894465863
srle,composition,edit_span_fraction,0.39644465894465863
srle,kmer123,edit_span_fraction,0.39644465894465863
srle,kmer123,delta_CCG,0.0004222972972972973
srle,interaction_3,edit_span_fraction,0.39644465894465863
srle,interaction_3,delta_CCG,0.0004222972972972973
srle,interaction_full,edit_span_fraction,0.39644465894465863
srle,interaction_full,delta_CCG,0.0004222972972972973
srle,interaction_full,delta_CG*parentfreq_C,0.002927927927927928
srle,interaction_full,delta_CT*parentfreq_C,0.0019707207207207205
srle,interaction_full,delta_GC*parentfreq_C,0.00259009009009009
srle,interaction_full,delta_TA*parentfreq_C,0.0011261261261261261
srle,interaction_full,delta_TA*parentfreq_T,0.0011261261261261261
