dataset,model,any_feature_outside_training_range,ranking_active_feature_outside_training_range
astrocyte_gse330741,metadata,0.9999999999999996,0.021089783384455267
astrocyte_gse330741,composition,0.9999999999999996,0.021089783384455267
astrocyte_gse330741,kmer123,0.9999999999999996,0.021089783384455267
astrocyte_gse330741,interaction_3,0.9999999999999996,0.023282765840595618
astrocyte_gse330741,interaction_full,0.9999999999999996,0.021089783384455267
mikl_gse173098,metadata,0.018966989413978938,0.018966989413978938
mikl_gse173098,composition,0.048211431939844375,0.04773577756326121
mikl_gse173098,kmer123,0.29354466546048663,0.2753836424558128
mikl_gse173098,interaction_3,0.4946123897811072,0.49246842827955606
mikl_gse173098,interaction_full,0.8286186771945978,0.8074309454270164
moffatt_gse334718,metadata,0.9999999999999997,0.0
moffatt_gse334718,composition,0.9999999999999997,0.0
moffatt_gse334718,kmer123,0.9999999999999997,0.0042757561131348265
moffatt_gse334718,interaction_3,0.9999999999999997,0.02985123484864516
moffatt_gse334718,interaction_full,0.9999999999999997,0.054937410960749854
srle,metadata,1.0,0.39644465894465897
srle,composition,1.0,0.39644465894465897
srle,kmer123,1.0,0.39644465894465897
srle,interaction_3,1.0,0.39644465894465897
srle,interaction_full,1.0,0.3994570463320464
