outer_held,inner_held,configuration,regret,training_rows,validation_rows,training_ids_sha256,training_labels_sha256,validation_ids_sha256,validation_labels_sha256
astrocyte_gse330741,mikl_gse173098,raw_l2_005,0.5210079909990561,7812,13781,6f767280110a8f2566460e603a67f6c7443d215a323ffe532211cb1028675abf,795b7a95dcda860f656bf783a764e654ff0ee10c43cacbe654ab668f04088365,d5a603fb35e25af47d60cc10ac41ae18458c094b855de29561cdecb5edaa0ce2,5858946f5ff293f5e70dd3e03a31a888f0ea8e4e2adb01e072d54271cbb5c821
astrocyte_gse330741,moffatt_gse334718,raw_l2_005,0.4564113570381692,15283,6749,77bbc4dbd723801ec111dc99b08018a949c734ceba55fe8b6ca1fd2f3d3e9c94,e8cdb4e8e30f89462a481c973114f914b6270bd4380b218fd6a40b3aa6e326ae,8c19625bcdcb95aac6d7f0b42c96b43d527d178b4b1b45efdb34a028026fe27f,f03326f71ce62003a0e93575e9624f87f9e2b3873b7bab34e7e42b34ce07e454
astrocyte_gse330741,srle,raw_l2_005,0.5692236511356965,20530,1744,8c504508d54d0fb0fc5f25a82bfd0e0a3d38613596922262c0ed87855dee9c4c,638c36a6fd9dd1f0d0f0aeb780ff9c2e6d254116ad4e3022c71b85b32a6ab05c,93d3f33433959fd2aaf8244e693dcc91b321d3baa2218d2a9cdd94859c07f2af,d2612513493dd8ed4a66c366e49a5be56d1ccdf7f127fb6e7f12d2f5baab736a
astrocyte_gse330741,mikl_gse173098,raw_l2_05,0.5241408366883102,7812,13781,6f767280110a8f2566460e603a67f6c7443d215a323ffe532211cb1028675abf,795b7a95dcda860f656bf783a764e654ff0ee10c43cacbe654ab668f04088365,d5a603fb35e25af47d60cc10ac41ae18458c094b855de29561cdecb5edaa0ce2,5858946f5ff293f5e70dd3e03a31a888f0ea8e4e2adb01e072d54271cbb5c821
astrocyte_gse330741,moffatt_gse334718,raw_l2_05,0.47401197293349745,15283,6749,77bbc4dbd723801ec111dc99b08018a949c734ceba55fe8b6ca1fd2f3d3e9c94,e8cdb4e8e30f89462a481c973114f914b6270bd4380b218fd6a40b3aa6e326ae,8c19625bcdcb95aac6d7f0b42c96b43d527d178b4b1b45efdb34a028026fe27f,f03326f71ce62003a0e93575e9624f87f9e2b3873b7bab34e7e42b34ce07e454
astrocyte_gse330741,srle,raw_l2_05,0.5749765410498919,20530,1744,8c504508d54d0fb0fc5f25a82bfd0e0a3d38613596922262c0ed87855dee9c4c,638c36a6fd9dd1f0d0f0aeb780ff9c2e6d254116ad4e3022c71b85b32a6ab05c,93d3f33433959fd2aaf8244e693dcc91b321d3baa2218d2a9cdd94859c07f2af,d2612513493dd8ed4a66c366e49a5be56d1ccdf7f127fb6e7f12d2f5baab736a
astrocyte_gse330741,mikl_gse173098,raw_l2_5,0.522069043528128,7812,13781,6f767280110a8f2566460e603a67f6c7443d215a323ffe532211cb1028675abf,795b7a95dcda860f656bf783a764e654ff0ee10c43cacbe654ab668f04088365,d5a603fb35e25af47d60cc10ac41ae18458c094b855de29561cdecb5edaa0ce2,5858946f5ff293f5e70dd3e03a31a888f0ea8e4e2adb01e072d54271cbb5c821
astrocyte_gse330741,moffatt_gse334718,raw_l2_5,0.5130781145996698,15283,6749,77bbc4dbd723801ec111dc99b08018a949c734ceba55fe8b6ca1fd2f3d3e9c94,e8cdb4e8e30f89462a481c973114f914b6270bd4380b218fd6a40b3aa6e326ae,8c19625bcdcb95aac6d7f0b42c96b43d527d178b4b1b45efdb34a028026fe27f,f03326f71ce62003a0e93575e9624f87f9e2b3873b7bab34e7e42b34ce07e454
astrocyte_gse330741,srle,raw_l2_5,0.6090296450146889,20530,1744,8c504508d54d0fb0fc5f25a82bfd0e0a3d38613596922262c0ed87855dee9c4c,638c36a6fd9dd1f0d0f0aeb780ff9c2e6d254116ad4e3022c71b85b32a6ab05c,93d3f33433959fd2aaf8244e693dcc91b321d3baa2218d2a9cdd94859c07f2af,d2612513493dd8ed4a66c366e49a5be56d1ccdf7f127fb6e7f12d2f5baab736a
mikl_gse173098,astrocyte_gse330741,raw_l2_005,0.49789792236196717,7812,3984,6f767280110a8f2566460e603a67f6c7443d215a323ffe532211cb1028675abf,795b7a95dcda860f656bf783a764e654ff0ee10c43cacbe654ab668f04088365,a3354dfb1f3b57f67d5baf81ed3b1fec75a260b94f595fd14fe811776f843f72,9a2ed7fa051c2c1d459e67fb559208c3ed1fd7f5e97f4524f6140d78c7fed812
mikl_gse173098,moffatt_gse334718,raw_l2_005,0.4688231570124179,5728,6068,3e129b4666f2ba68ec2ea1b0a525c10f48e6d9fd43367b0d0c7f300031dd0053,36e74b9243adb3f2c418607e8903d17725287ed1368e168e758664f6dac314e6,b1a043f685b5759bb232c79435fe9fec4cdccad4c410c2f2c154cc4fd71bd733,775a9eceeaa365e8e4e14d1e9e8997c85a08a29a740cc70720b7a102e723bd7c
mikl_gse173098,srle,raw_l2_005,0.4489278899767866,10052,1744,5cf0e528d459fcd30f0d9fdad211dd9ff36b6bc3626b5cd8388e8e49a09c6eb3,95c1b6b2854f9b1e0f35e4edcb8343769b0cd40446f733647d3582d81307ea6b,93d3f33433959fd2aaf8244e693dcc91b321d3baa2218d2a9cdd94859c07f2af,d2612513493dd8ed4a66c366e49a5be56d1ccdf7f127fb6e7f12d2f5baab736a
mikl_gse173098,astrocyte_gse330741,raw_l2_05,0.5100194929707362,7812,3984,6f767280110a8f2566460e603a67f6c7443d215a323ffe532211cb1028675abf,795b7a95dcda860f656bf783a764e654ff0ee10c43cacbe654ab668f04088365,a3354dfb1f3b57f67d5baf81ed3b1fec75a260b94f595fd14fe811776f843f72,9a2ed7fa051c2c1d459e67fb559208c3ed1fd7f5e97f4524f6140d78c7fed812
mikl_gse173098,moffatt_gse334718,raw_l2_05,0.5037482081896832,5728,6068,3e129b4666f2ba68ec2ea1b0a525c10f48e6d9fd43367b0d0c7f300031dd0053,36e74b9243adb3f2c418607e8903d17725287ed1368e168e758664f6dac314e6,b1a043f685b5759bb232c79435fe9fec4cdccad4c410c2f2c154cc4fd71bd733,775a9eceeaa365e8e4e14d1e9e8997c85a08a29a740cc70720b7a102e723bd7c
mikl_gse173098,srle,raw_l2_05,0.45777891179797586,10052,1744,5cf0e528d459fcd30f0d9fdad211dd9ff36b6bc3626b5cd8388e8e49a09c6eb3,95c1b6b2854f9b1e0f35e4edcb8343769b0cd40446f733647d3582d81307ea6b,93d3f33433959fd2aaf8244e693dcc91b321d3baa2218d2a9cdd94859c07f2af,d2612513493dd8ed4a66c366e49a5be56d1ccdf7f127fb6e7f12d2f5baab736a
mikl_gse173098,astrocyte_gse330741,raw_l2_5,0.5059218999269582,7812,3984,6f767280110a8f2566460e603a67f6c7443d215a323ffe532211cb1028675abf,795b7a95dcda860f656bf783a764e654ff0ee10c43cacbe654ab668f04088365,a3354dfb1f3b57f67d5baf81ed3b1fec75a260b94f595fd14fe811776f843f72,9a2ed7fa051c2c1d459e67fb559208c3ed1fd7f5e97f4524f6140d78c7fed812
mikl_gse173098,moffatt_gse334718,raw_l2_5,0.4625360430212904,5728,6068,3e129b4666f2ba68ec2ea1b0a525c10f48e6d9fd43367b0d0c7f300031dd0053,36e74b9243adb3f2c418607e8903d17725287ed1368e168e758664f6dac314e6,b1a043f685b5759bb232c79435fe9fec4cdccad4c410c2f2c154cc4fd71bd733,775a9eceeaa365e8e4e14d1e9e8997c85a08a29a740cc70720b7a102e723bd7c
mikl_gse173098,srle,raw_l2_5,0.4818286398765812,10052,1744,5cf0e528d459fcd30f0d9fdad211dd9ff36b6bc3626b5cd8388e8e49a09c6eb3,95c1b6b2854f9b1e0f35e4edcb8343769b0cd40446f733647d3582d81307ea6b,93d3f33433959fd2aaf8244e693dcc91b321d3baa2218d2a9cdd94859c07f2af,d2612513493dd8ed4a66c366e49a5be56d1ccdf7f127fb6e7f12d2f5baab736a
moffatt_gse334718,astrocyte_gse330741,raw_l2_005,0.49928017566386906,15283,3984,77bbc4dbd723801ec111dc99b08018a949c734ceba55fe8b6ca1fd2f3d3e9c94,e8cdb4e8e30f89462a481c973114f914b6270bd4380b218fd6a40b3aa6e326ae,a3354dfb1f3b57f67d5baf81ed3b1fec75a260b94f595fd14fe811776f843f72,9a2ed7fa051c2c1d459e67fb559208c3ed1fd7f5e97f4524f6140d78c7fed812
moffatt_gse334718,mikl_gse173098,raw_l2_005,0.5005375673591527,5728,13539,3e129b4666f2ba68ec2ea1b0a525c10f48e6d9fd43367b0d0c7f300031dd0053,36e74b9243adb3f2c418607e8903d17725287ed1368e168e758664f6dac314e6,1c4677597623052daa3222314327e856a4d90c72f7d8af157d408d4993062837,5d20b1b4a7b7f4bacd6ddbd50dbcb31e645fd7ee52f2a514bd64e290f711551c
moffatt_gse334718,srle,raw_l2_005,0.5545171590493454,17523,1744,450cd86e4e017756aeda3e2a3b8febd9ca3e22032bac51a6efe4f7a86ded4147,cec21805cacbf299b369bf08b54b3f5c3400b6ceb55f2309a68d505e2c653d19,93d3f33433959fd2aaf8244e693dcc91b321d3baa2218d2a9cdd94859c07f2af,d2612513493dd8ed4a66c366e49a5be56d1ccdf7f127fb6e7f12d2f5baab736a
moffatt_gse334718,astrocyte_gse330741,raw_l2_05,0.48713512650461754,15283,3984,77bbc4dbd723801ec111dc99b08018a949c734ceba55fe8b6ca1fd2f3d3e9c94,e8cdb4e8e30f89462a481c973114f914b6270bd4380b218fd6a40b3aa6e326ae,a3354dfb1f3b57f67d5baf81ed3b1fec75a260b94f595fd14fe811776f843f72,9a2ed7fa051c2c1d459e67fb559208c3ed1fd7f5e97f4524f6140d78c7fed812
moffatt_gse334718,mikl_gse173098,raw_l2_05,0.5206093000394896,5728,13539,3e129b4666f2ba68ec2ea1b0a525c10f48e6d9fd43367b0d0c7f300031dd0053,36e74b9243adb3f2c418607e8903d17725287ed1368e168e758664f6dac314e6,1c4677597623052daa3222314327e856a4d90c72f7d8af157d408d4993062837,5d20b1b4a7b7f4bacd6ddbd50dbcb31e645fd7ee52f2a514bd64e290f711551c
moffatt_gse334718,srle,raw_l2_05,0.5594759455581354,17523,1744,450cd86e4e017756aeda3e2a3b8febd9ca3e22032bac51a6efe4f7a86ded4147,cec21805cacbf299b369bf08b54b3f5c3400b6ceb55f2309a68d505e2c653d19,93d3f33433959fd2aaf8244e693dcc91b321d3baa2218d2a9cdd94859c07f2af,d2612513493dd8ed4a66c366e49a5be56d1ccdf7f127fb6e7f12d2f5baab736a
moffatt_gse334718,astrocyte_gse330741,raw_l2_5,0.42600312666286155,15283,3984,77bbc4dbd723801ec111dc99b08018a949c734ceba55fe8b6ca1fd2f3d3e9c94,e8cdb4e8e30f89462a481c973114f914b6270bd4380b218fd6a40b3aa6e326ae,a3354dfb1f3b57f67d5baf81ed3b1fec75a260b94f595fd14fe811776f843f72,9a2ed7fa051c2c1d459e67fb559208c3ed1fd7f5e97f4524f6140d78c7fed812
moffatt_gse334718,mikl_gse173098,raw_l2_5,0.5211999837829955,5728,13539,3e129b4666f2ba68ec2ea1b0a525c10f48e6d9fd43367b0d0c7f300031dd0053,36e74b9243adb3f2c418607e8903d17725287ed1368e168e758664f6dac314e6,1c4677597623052daa3222314327e856a4d90c72f7d8af157d408d4993062837,5d20b1b4a7b7f4bacd6ddbd50dbcb31e645fd7ee52f2a514bd64e290f711551c
moffatt_gse334718,srle,raw_l2_5,0.5605694312889073,17523,1744,450cd86e4e017756aeda3e2a3b8febd9ca3e22032bac51a6efe4f7a86ded4147,cec21805cacbf299b369bf08b54b3f5c3400b6ceb55f2309a68d505e2c653d19,93d3f33433959fd2aaf8244e693dcc91b321d3baa2218d2a9cdd94859c07f2af,d2612513493dd8ed4a66c366e49a5be56d1ccdf7f127fb6e7f12d2f5baab736a
srle,astrocyte_gse330741,raw_l2_005,0.5109571904460339,20530,3984,8c504508d54d0fb0fc5f25a82bfd0e0a3d38613596922262c0ed87855dee9c4c,638c36a6fd9dd1f0d0f0aeb780ff9c2e6d254116ad4e3022c71b85b32a6ab05c,a3354dfb1f3b57f67d5baf81ed3b1fec75a260b94f595fd14fe811776f843f72,9a2ed7fa051c2c1d459e67fb559208c3ed1fd7f5e97f4524f6140d78c7fed812
srle,mikl_gse173098,raw_l2_005,0.49513619102305195,10052,13781,5cf0e528d459fcd30f0d9fdad211dd9ff36b6bc3626b5cd8388e8e49a09c6eb3,95c1b6b2854f9b1e0f35e4edcb8343769b0cd40446f733647d3582d81307ea6b,d5a603fb35e25af47d60cc10ac41ae18458c094b855de29561cdecb5edaa0ce2,5858946f5ff293f5e70dd3e03a31a888f0ea8e4e2adb01e072d54271cbb5c821
srle,moffatt_gse334718,raw_l2_005,0.48516460989710336,17523,6749,450cd86e4e017756aeda3e2a3b8febd9ca3e22032bac51a6efe4f7a86ded4147,cec21805cacbf299b369bf08b54b3f5c3400b6ceb55f2309a68d505e2c653d19,8c19625bcdcb95aac6d7f0b42c96b43d527d178b4b1b45efdb34a028026fe27f,f03326f71ce62003a0e93575e9624f87f9e2b3873b7bab34e7e42b34ce07e454
srle,astrocyte_gse330741,raw_l2_05,0.5185839921614939,20530,3984,8c504508d54d0fb0fc5f25a82bfd0e0a3d38613596922262c0ed87855dee9c4c,638c36a6fd9dd1f0d0f0aeb780ff9c2e6d254116ad4e3022c71b85b32a6ab05c,a3354dfb1f3b57f67d5baf81ed3b1fec75a260b94f595fd14fe811776f843f72,9a2ed7fa051c2c1d459e67fb559208c3ed1fd7f5e97f4524f6140d78c7fed812
srle,mikl_gse173098,raw_l2_05,0.5077634936533731,10052,13781,5cf0e528d459fcd30f0d9fdad211dd9ff36b6bc3626b5cd8388e8e49a09c6eb3,95c1b6b2854f9b1e0f35e4edcb8343769b0cd40446f733647d3582d81307ea6b,d5a603fb35e25af47d60cc10ac41ae18458c094b855de29561cdecb5edaa0ce2,5858946f5ff293f5e70dd3e03a31a888f0ea8e4e2adb01e072d54271cbb5c821
srle,moffatt_gse334718,raw_l2_05,0.45141702186404425,17523,6749,450cd86e4e017756aeda3e2a3b8febd9ca3e22032bac51a6efe4f7a86ded4147,cec21805cacbf299b369bf08b54b3f5c3400b6ceb55f2309a68d505e2c653d19,8c19625bcdcb95aac6d7f0b42c96b43d527d178b4b1b45efdb34a028026fe27f,f03326f71ce62003a0e93575e9624f87f9e2b3873b7bab34e7e42b34ce07e454
srle,astrocyte_gse330741,raw_l2_5,0.5203660367011146,20530,3984,8c504508d54d0fb0fc5f25a82bfd0e0a3d38613596922262c0ed87855dee9c4c,638c36a6fd9dd1f0d0f0aeb780ff9c2e6d254116ad4e3022c71b85b32a6ab05c,a3354dfb1f3b57f67d5baf81ed3b1fec75a260b94f595fd14fe811776f843f72,9a2ed7fa051c2c1d459e67fb559208c3ed1fd7f5e97f4524f6140d78c7fed812
srle,mikl_gse173098,raw_l2_5,0.5131819966181252,10052,13781,5cf0e528d459fcd30f0d9fdad211dd9ff36b6bc3626b5cd8388e8e49a09c6eb3,95c1b6b2854f9b1e0f35e4edcb8343769b0cd40446f733647d3582d81307ea6b,d5a603fb35e25af47d60cc10ac41ae18458c094b855de29561cdecb5edaa0ce2,5858946f5ff293f5e70dd3e03a31a888f0ea8e4e2adb01e072d54271cbb5c821
srle,moffatt_gse334718,raw_l2_5,0.4552644845530433,17523,6749,450cd86e4e017756aeda3e2a3b8febd9ca3e22032bac51a6efe4f7a86ded4147,cec21805cacbf299b369bf08b54b3f5c3400b6ceb55f2309a68d505e2c653d19,8c19625bcdcb95aac6d7f0b42c96b43d527d178b4b1b45efdb34a028026fe27f,f03326f71ce62003a0e93575e9624f87f9e2b3873b7bab34e7e42b34ce07e454
