task,outer_fold,configuration,combined_source_oof_macro_regret
CAD_to_N2A,0,pair_005,0.4858429894644779
CAD_to_N2A,0,pair_05,0.48487474204893233
CAD_to_N2A,0,pair_5,0.4959724730187513
CAD_to_N2A,1,pair_005,0.49751130687316736
CAD_to_N2A,1,pair_05,0.4855111440493022
CAD_to_N2A,1,pair_5,0.5144287698645009
CAD_to_N2A,2,pair_005,0.5131356656099479
CAD_to_N2A,2,pair_05,0.5058889675895276
CAD_to_N2A,2,pair_5,0.4913371031202978
N2A_to_CAD,0,pair_005,0.44748299128445684
N2A_to_CAD,0,pair_05,0.4609839161315977
N2A_to_CAD,0,pair_5,0.49413343851184566
N2A_to_CAD,1,pair_005,0.5210601247794716
N2A_to_CAD,1,pair_05,0.5623662759533098
N2A_to_CAD,1,pair_5,0.5697841255596227
N2A_to_CAD,2,pair_005,0.5315268536500799
N2A_to_CAD,2,pair_05,0.5323346637482371
N2A_to_CAD,2,pair_5,0.5015148512374662
