stage,model,dataset,components,decision_sets,decisions,regret,wrong_direction,avoidable_wrong,unavoidable_wrong,correct_direction,best_recovery,top5_best_recovery,pairwise_accuracy,spearman,variant_sign_accuracy,no_feasible_candidate,variant_weighted_regret,variant_weighted_pairwise_accuracy
family_transfer,hierarchical,astrocyte_gse330741,2,7,14,0.4963413815729911,0.5,0.5,0.0,0.5,0.0,0.0,0.4969649100324459,-0.010017358214678,0.9105633002445063,0.0,0.4888893830839201,0.49559418850757186
family_transfer,hierarchical,mikl_gse173098,187,4825,9650,0.5135749028268499,0.4954118304205558,0.18755978105059315,0.3068973755369521,0.5024367201512623,0.42442437081925416,0.9963967874041489,0.4862399363081481,-0.032389245189002366,0.3784465088545375,0.3089300711699096,0.5003290908429927,0.5014619330256802
family_transfer,hierarchical,moffatt_gse334718,6,12,24,0.4569044214505915,0.4166666666666667,0.4166666666666667,0.0,0.5833333333333334,0.0,0.041666666666666664,0.5138722948932525,0.04132782507812599,0.8341642900187579,0.0,0.45449657555378853,0.5184453658755018
family_transfer,interaction_10,astrocyte_gse330741,2,7,14,0.44830047102791837,0.41666666666666663,0.41666666666666663,0.0,0.5833333333333333,0.0,0.0625,0.499025136119265,-0.0033202956759079503,0.898996053584749,0.0,0.44934422364448967,0.498091733701667
family_transfer,interaction_10,mikl_gse173098,187,4825,9650,0.4891827714125583,0.4941409670658057,0.1861361293077605,0.3068973755369521,0.5038750559880629,0.4496949196980536,0.9970739890314142,0.5102223690713891,0.018648547034944774,0.38754781194200877,0.3089300711699096,0.4929700976033955,0.508151882893919
family_transfer,interaction_10,moffatt_gse334718,6,12,24,0.46810794035444,0.4166666666666667,0.4166666666666667,0.0,0.5833333333333334,0.0,0.0,0.5116993311762063,0.03408464847493186,0.8343964216540676,0.0,0.47563548060168664,0.5137884979795374
family_transfer,kmer123,astrocyte_gse330741,2,7,14,0.4963413815729911,0.5,0.5,0.0,0.5,0.0,0.0,0.49613496109536515,-0.012197866418796036,0.9105633002445063,0.0,0.4888893830839201,0.4947744546887519
family_transfer,kmer123,mikl_gse173098,187,4825,9650,0.5021732717692798,0.49434565737278996,0.1865098128318662,0.3068973755369521,0.5034123575237448,0.4352783102107547,0.9960523414995441,0.49499881552352637,-0.010501532097983712,0.3784465088545375,0.3089300711699096,0.4965400185166234,0.5024868930100771
family_transfer,kmer123,moffatt_gse334718,6,12,24,0.4694033217714963,0.5,0.5,0.0,0.5,0.0,0.0,0.5119660615820546,0.03554774206600881,0.8341642900187579,0.0,0.4555093862057236,0.5163294411628385
family_transfer,uniform,astrocyte_gse330741,2,7,14,0.5,0.5,0.5,0.0,0.5,0.0017574819487046055,0.008787409743523045,0.5,0.0,0.9215519653785337,0.0,0.5,0.5
family_transfer,uniform,mikl_gse173098,187,4825,9650,0.5,0.49904740194719543,0.19102919553473607,0.3068973755369521,0.49904740194719543,0.43968768903180167,0.9963784605342173,0.5,0.0,0.3784465088545375,0.3089300711699096,0.5,0.5
family_transfer,uniform,moffatt_gse334718,6,12,24,0.5,0.5,0.5,0.0,0.5,0.0021242841550679326,0.010621420775339665,0.5,0.0,0.8374886389066756,0.0,0.5,0.5
held_assay,composition,astrocyte_gse330741,2,7,14,0.5052813691789307,0.5833333333333333,0.5833333333333333,0.0,0.41666666666666663,0.0,0.0,0.48751452703601683,-0.038604560397994085,0.9215519653785337,0.0,0.5071804399927244,0.48898668277004004
held_assay,composition,mikl_gse173098,187,4825,9650,0.4874726822661491,0.49152644853054933,0.1841355772893434,0.3068973755369521,0.5063722969444049,0.4495071133363456,0.9950855060557207,0.5089555230253717,0.019512997935083678,0.3784465088545375,0.3089300711699096,0.48925183439805914,0.5064430898956696
held_assay,composition,moffatt_gse334718,6,12,24,0.5139473437664364,0.5416666666666666,0.5416666666666666,0.0,0.4583333333333333,0.0,0.041666666666666664,0.507441672079326,0.021961836501085533,0.2283043616219503,0.0,0.5024790567064168,0.5115217700675103
held_assay,composition,srle,1,592,1184,0.5209603745358327,0.5067567567567568,0.2626689189189189,0.24408783783783783,0.49324324324324326,0.3614864864864865,0.9983108108108109,0.4839205276705277,-0.03425434362934363,0.5009491634491635,0.24408783783783783,0.5168064079110178,0.48807339449541287
held_assay,delta2,astrocyte_gse330741,2,7,14,0.4922912065289416,0.5208333333333333,0.5208333333333333,0.0,0.47916666666666663,0.0,0.0,0.5017428463558842,0.005161992958661016,0.9211133688873057,0.0,0.4863617701621266,0.5019934545564633
held_assay,delta2,mikl_gse173098,187,4825,9650,0.5224486478975446,0.5052471243411661,0.196667208066866,0.3068973755369521,0.49327563351088105,0.4159212804682887,0.9946865007376174,0.4740195484780444,-0.05053692606276862,0.3839060428751599,0.3089300711699096,0.4999544971120994,0.49700695698155967
held_assay,delta2,moffatt_gse334718,6,12,24,0.5492149973118269,0.5,0.5,0.0,0.5,0.0,0.0,0.49686684403393233,-0.00883792785955641,0.3889625870391898,0.0,0.5705874866111196,0.49653361791045053
held_assay,delta2,srle,1,592,1184,0.5228267123109455,0.5109797297297297,0.2668918918918919,0.24408783783783783,0.4890202702702703,0.3564189189189189,0.9974662162162162,0.4845157657657657,-0.03663127413127413,0.5009491634491635,0.24408783783783783,0.5212319333556605,0.488111620795107
held_assay,hierarchical,astrocyte_gse330741,2,7,14,0.5342748716193522,0.5,0.5,0.0,0.5,0.0,0.0,0.5017258538134058,0.004775469849269644,0.9145292663966358,0.0,0.5345373643917777,0.5013112880033658
held_assay,hierarchical,mikl_gse173098,187,4825,9650,0.5281834177877669,0.5074987248412451,0.1995872577648059,0.3068973755369521,0.4903072586977711,0.4126760749590391,0.9958993534068448,0.4708887783446147,-0.056397403602054766,0.38316844210360046,0.3089300711699096,0.5042943614250734,0.49426884754727435
held_assay,hierarchical,moffatt_gse334718,6,12,24,0.48521335325360165,0.4583333333333333,0.4583333333333333,0.0,0.5416666666666666,0.0,0.041666666666666664,0.5048575023279455,0.013951095664138222,0.4363900451956754,0.0,0.488647916927866,0.5048433982202334
held_assay,hierarchical,srle,1,592,1184,0.5240580201691205,0.5101351351351351,0.2660472972972973,0.24408783783783783,0.48986486486486486,0.3581081081081081,0.9966216216216216,0.4808478120978121,-0.04132480694980695,0.5009491634491635,0.24408783783783783,0.5244447083126998,0.48228211009174304
held_assay,interaction_10,astrocyte_gse330741,2,7,14,0.47869252394220074,0.47916666666666663,0.47916666666666663,0.0,0.5208333333333333,0.0,0.0,0.4978431617608363,-0.006835215202194743,0.8836873377973709,0.0,0.4866921893875185,0.49767635441717645
held_assay,interaction_10,mikl_gse173098,187,4825,9650,0.49777184080645653,0.4946846677509779,0.1866474203348546,0.3068973755369521,0.5033682313540658,0.44198603502373685,0.9951378476144183,0.5003809732872647,0.0029657622560862597,0.39210378135738516,0.3089300711699096,0.49919986254721305,0.498988059244209
held_assay,interaction_10,moffatt_gse334718,6,12,24,0.4745309254259806,0.3333333333333333,0.3333333333333333,0.0,0.6666666666666666,0.0,0.0,0.5080339438191807,0.024224865992704726,0.4459923522341204,0.0,0.4894693840499607,0.5068028759589268
held_assay,interaction_10,srle,1,592,1184,0.530954319159433,0.5261824324324325,0.28209459459459457,0.24408783783783783,0.47381756756756754,0.3547297297297297,0.9966216216216216,0.4724983912483912,-0.058976833976833974,0.5009491634491635,0.24408783783783783,0.5356089022149384,0.46871177370030576
held_assay,interaction_25,astrocyte_gse330741,2,7,14,0.5322848283717174,0.4375,0.4375,0.0,0.5625,0.0,0.0,0.49346426693529777,-0.019648666081636183,0.8869212438476872,0.0,0.5355518799607778,0.4927486058820819
held_assay,interaction_25,mikl_gse173098,187,4825,9650,0.5105729907009696,0.5099533641025759,0.20196473117356975,0.3068973755369521,0.48789313150903796,0.4297273470199889,0.9950031048725019,0.4880068642064595,-0.02373929482221708,0.39149035314446406,0.3089300711699096,0.5006973635997015,0.4950246316584027
held_assay,interaction_25,moffatt_gse334718,6,12,24,0.46913274311347797,0.4166666666666667,0.4166666666666667,0.0,0.5833333333333334,0.0,0.0,0.5076937189135124,0.022759945298392547,0.4510415015547007,0.0,0.4787223599046716,0.508593268295951
held_assay,interaction_25,srle,1,592,1184,0.5396797089001619,0.5228040540540541,0.27871621621621623,0.24408783783783783,0.47719594594594594,0.3420608108108108,0.9966216216216216,0.4628941441441442,-0.08018822393822395,0.5009491634491635,0.24408783783783783,0.5405371740955425,0.46156345565749235
held_assay,interaction_3,astrocyte_gse330741,2,7,14,0.4698716900787144,0.5,0.5,0.0,0.5,0.0,0.0,0.4963249970235439,-0.01102355184223613,0.8887321979112914,0.0,0.467123660109793,0.49646161793782506
held_assay,interaction_3,mikl_gse173098,187,4825,9650,0.5171843069281292,0.5060974842379213,0.19812389865016572,0.3068973755369521,0.4916827829419677,0.42371003496017806,0.9950861040178408,0.48250073328785337,-0.03517240739260692,0.39209420089524744,0.3089300711699096,0.4963389395271175,0.501126811171075
held_assay,interaction_3,moffatt_gse334718,6,12,24,0.44851054240405047,0.4166666666666667,0.4166666666666667,0.0,0.5833333333333334,0.041666666666666664,0.041666666666666664,0.517946027229983,0.053969429862447404,0.454625040159826,0.0,0.43786142233519987,0.5182082510516892
held_assay,interaction_3,srle,1,592,1184,0.5173435416832495,0.5109797297297297,0.2668918918918919,0.24408783783783783,0.4890202702702703,0.3597972972972973,0.9966216216216216,0.4835826898326898,-0.03780164092664092,0.5009491634491635,0.24408783783783783,0.5222708675769527,0.47891819571865446
held_assay,interaction_50,astrocyte_gse330741,2,7,14,0.5258791770741217,0.41666666666666663,0.41666666666666663,0.0,0.5833333333333333,0.0,0.0,0.4927063797475915,-0.022531911648429867,0.8887611204390811,0.0,0.5338879967484625,0.4921003923124937
held_assay,interaction_50,mikl_gse173098,187,4825,9650,0.5139401222646657,0.505463739856188,0.19806189387760517,0.3068973755369521,0.4922942750403467,0.42523097890104106,0.9944560903215932,0.4831303875350868,-0.031867638812472725,0.3913966216097101,0.3089300711699096,0.5094270433502298,0.4882162398685147
held_assay,interaction_50,moffatt_gse334718,6,12,24,0.44930830411170447,0.4166666666666667,0.4166666666666667,0.0,0.5833333333333334,0.0,0.0,0.5164862474558833,0.04917665811180314,0.4333975234569281,0.0,0.4576542213106248,0.5189807947375471
held_assay,interaction_50,srle,1,592,1184,0.5266882242216443,0.5194256756756757,0.27533783783783783,0.24408783783783783,0.48057432432432434,0.3547297297297297,0.995777027027027,0.47680180180180176,-0.05306467181467182,0.5009491634491635,0.24408783783783783,0.531976839707821,0.47289755351681956
held_assay,interaction_full,astrocyte_gse330741,2,7,14,0.5314973283968258,0.5,0.5,0.0,0.5,0.0,0.0,0.4976226252309788,-0.007296251267936966,0.8941787137180531,0.0,0.5345442128641112,0.4967213425611482
held_assay,interaction_full,mikl_gse173098,187,4825,9650,0.5332117865218146,0.5131557373026685,0.2055946996541988,0.3068973755369521,0.4845597105610644,0.40730050386714056,0.9956674230890459,0.46689460741738187,-0.06709286728964182,0.3988676411601097,0.3089300711699096,0.5028106977922843,0.4929675250479256
held_assay,interaction_full,moffatt_gse334718,6,12,24,0.47429287317912855,0.4583333333333333,0.4583333333333333,0.0,0.5416666666666666,0.0,0.0,0.5194110819149289,0.057325891536261254,0.4324470090807104,0.0,0.477992140223722,0.5219530563353739
held_assay,interaction_full,srle,1,592,1184,0.5268380362736609,0.5194256756756757,0.27533783783783783,0.24408783783783783,0.48057432432432434,0.3564189189189189,0.9966216216216216,0.4759572072072072,-0.052316602316602324,0.5009491634491635,0.24408783783783783,0.5313681614755499,0.4728784403669725
held_assay,kmer123,astrocyte_gse330741,2,7,14,0.52683197813893,0.5625,0.5625,0.0,0.4375,0.0,0.0,0.5004114255180984,0.0005726896298458937,0.9145292663966358,0.0,0.5291040818835867,0.49956056113401276
held_assay,kmer123,mikl_gse173098,187,4825,9650,0.5243482994113715,0.5013340011971361,0.1927702897518749,0.3068973755369521,0.4971404315397412,0.41440253093311774,0.9954111744138116,0.4740714345383738,-0.05200333896217129,0.38316844210360046,0.3089300711699096,0.4994348245549659,0.4994586638988351
held_assay,kmer123,moffatt_gse334718,6,12,24,0.5050445102931402,0.5416666666666666,0.5416666666666666,0.0,0.4583333333333333,0.0,0.041666666666666664,0.5053906181093207,0.015505360344485084,0.4363900451956754,0.0,0.5000246505770081,0.5062190572889435
held_assay,kmer123,srle,1,592,1184,0.5258187605499193,0.5152027027027027,0.27111486486486486,0.24408783783783783,0.4847972972972973,0.35557432432432434,0.9966216216216216,0.47865186615186617,-0.046971525096525094,0.5009491634491635,0.24408783783783783,0.5262253073916665,0.47964449541284404
held_assay,meta_shrink,astrocyte_gse330741,2,7,14,0.5558499309560282,0.5625,0.5625,0.0,0.4375,0.0,0.0,0.49473847091407397,-0.015536440358606704,0.9145292663966358,0.0,0.5497542362304862,0.49433170133641213
held_assay,meta_shrink,mikl_gse173098,187,4825,9650,0.5155354205317368,0.5039256783673853,0.19534576209308518,0.3068973755369521,0.4945970794846618,0.42558100493441053,0.9957166540584537,0.4833631251969845,-0.03290621968359672,0.38316844210360046,0.3089300711699096,0.4986366957973954,0.4982941259263732
held_assay,meta_shrink,moffatt_gse334718,6,12,24,0.4247157988321306,0.4583333333333333,0.4583333333333333,0.0,0.5416666666666666,0.0,0.0,0.5061210871039362,0.01831093440627196,0.4363900451956754,0.0,0.405829089601579,0.5109390458201256
held_assay,meta_shrink,srle,1,592,1184,0.5350903663483382,0.5118243243243243,0.2677364864864865,0.24408783783783783,0.48817567567567566,0.35050675675675674,0.995777027027027,0.47080920205920207,-0.060738416988416984,0.5009491634491635,0.24408783783783783,0.5333722509929252,0.473987003058104
held_assay,metadata,astrocyte_gse330741,2,7,14,0.5052813691789307,0.5833333333333333,0.5833333333333333,0.0,0.41666666666666663,0.0,0.0,0.48808231496747734,-0.037124687121544465,0.9215519653785337,0.0,0.5071804399927244,0.4895454625605505
held_assay,metadata,mikl_gse173098,187,4825,9650,0.4925386818905861,0.49523816239975665,0.1874016583599768,0.3068973755369521,0.5026605830751976,0.4444670105940595,0.9953317245083299,0.5043673956191966,0.009387799462558096,0.3784465088545375,0.3089300711699096,0.4913911588641247,0.5041304191351358
held_assay,metadata,moffatt_gse334718,6,12,24,0.5139473437664364,0.5416666666666666,0.5416666666666666,0.0,0.4583333333333333,0.0,0.041666666666666664,0.5071174837876632,0.02098749104211919,0.223148335067796,0.0,0.5024790567064168,0.5111458344808425
held_assay,metadata,srle,1,592,1184,0.5209603745358327,0.5067567567567568,0.2626689189189189,0.24408783783783783,0.49324324324324326,0.3614864864864865,0.9983108108108109,0.4839205276705277,-0.03425434362934363,0.5009491634491635,0.24408783783783783,0.5168064079110178,0.48807339449541287
held_assay,uniform,astrocyte_gse330741,2,7,14,0.5,0.5,0.5,0.0,0.5,0.0017574819487046055,0.008787409743523045,0.5,0.0,0.9215519653785337,0.0,0.5,0.5
held_assay,uniform,mikl_gse173098,187,4825,9650,0.5,0.49904740194719543,0.19102919553473607,0.3068973755369521,0.49904740194719543,0.43968768903180167,0.9963784605342173,0.5,0.0,0.3784465088545375,0.3089300711699096,0.5,0.5
held_assay,uniform,moffatt_gse334718,6,12,24,0.5,0.5,0.5,0.0,0.5,0.0021242841550679326,0.010621420775339665,0.5,0.0,0.8374886389066756,0.0,0.5,0.5
held_assay,uniform,srle,1,592,1184,0.5,0.5,0.25591216216216217,0.24408783783783783,0.5,0.37825370012870013,0.9958574646074646,0.5,0.0,0.49905083655083654,0.24408783783783783,0.5,0.5
held_domain,hierarchical,astrocyte_gse330741,2,7,14,0.5460124359839251,0.5,0.5,0.0,0.5,0.0,0.0,0.5040807258929654,0.012104864579160508,0.5125566772403063,0.0,0.5477453269755603,0.5045561749868092
held_domain,hierarchical,mikl_gse173098,187,4825,9650,0.5087664399667866,0.501021329094146,0.1924083436629114,0.3068973755369521,0.49744201105142477,0.4333757182380242,0.9959657773243947,0.49339812530201854,-0.01306940155459637,0.4684010933518091,0.3089300711699096,0.5027803290530044,0.49732934849834937
held_domain,hierarchical,moffatt_gse334718,6,12,24,0.48452280813813725,0.5416666666666666,0.5416666666666666,0.0,0.4583333333333333,0.0,0.0,0.5014953100065574,0.00511820735865714,0.5190855262209076,0.0,0.4689980489007531,0.5004099265410421
held_domain,hierarchical,srle,1,592,1184,0.5240580201691205,0.5101351351351351,0.2660472972972973,0.24408783783783783,0.48986486486486486,0.3581081081081081,0.9966216216216216,0.4808478120978121,-0.04132480694980695,0.5009491634491635,0.24408783783783783,0.5244447083126998,0.48228211009174304
held_domain,interaction_10,astrocyte_gse330741,2,7,14,0.5916964492372396,0.6458333333333333,0.6458333333333333,0.0,0.35416666666666663,0.0,0.0,0.4977397481860085,-0.0067316458442896665,0.5055433171425386,0.0,0.592247363211045,0.4981870378947872
held_domain,interaction_10,mikl_gse173098,187,4825,9650,0.5031663259575515,0.4995378747536116,0.1909410941514161,0.3068973755369521,0.49898488309843575,0.43907258821273865,0.9961011513124913,0.4974264656088923,-0.004994277615708178,0.5011370156204961,0.3089300711699096,0.4894480329793763,0.5065192372390689
held_domain,interaction_10,moffatt_gse334718,6,12,24,0.5242860850568717,0.5416666666666666,0.5416666666666666,0.0,0.4583333333333333,0.0,0.0,0.5092999062955977,0.028015483396810828,0.5099782971054104,0.0,0.5384887794016793,0.508771489963659
held_domain,interaction_10,srle,1,592,1184,0.530954319159433,0.5261824324324325,0.28209459459459457,0.24408783783783783,0.47381756756756754,0.3547297297297297,0.9966216216216216,0.4724983912483912,-0.058976833976833974,0.5009491634491635,0.24408783783783783,0.5356089022149384,0.46871177370030576
held_domain,kmer123,astrocyte_gse330741,2,7,14,0.49352121654056325,0.4375,0.4375,0.0,0.5625,0.0,0.0,0.5041948394857737,0.012281204277077327,0.5125566772403063,0.0,0.48766501556448344,0.5046621708012288
held_domain,kmer123,mikl_gse173098,187,4825,9650,0.5085710686174306,0.5011015429978892,0.19248855756665473,0.3068973755369521,0.49742121485415797,0.43356200113973264,0.9958986047334333,0.4936653311893669,-0.012651207450647402,0.4684010933518091,0.3089300711699096,0.5025176657957029,0.49760864953739203
held_domain,kmer123,moffatt_gse334718,6,12,24,0.48452280813813725,0.5416666666666666,0.5416666666666666,0.0,0.4583333333333333,0.0,0.0,0.5015133737865524,0.005062153441664722,0.5190855262209076,0.0,0.4689980489007531,0.5003911117940948
held_domain,kmer123,srle,1,592,1184,0.5258187605499193,0.5152027027027027,0.27111486486486486,0.24408783783783783,0.4847972972972973,0.35557432432432434,0.9966216216216216,0.47865186615186617,-0.046971525096525094,0.5009491634491635,0.24408783783783783,0.5262253073916665,0.47964449541284404
held_domain,uniform,astrocyte_gse330741,2,7,14,0.5,0.5,0.5,0.0,0.5,0.0017574819487046055,0.008787409743523045,0.5,0.0,0.9215519653785337,0.0,0.5,0.5
held_domain,uniform,mikl_gse173098,187,4825,9650,0.5,0.49904740194719543,0.19102919553473607,0.3068973755369521,0.49904740194719543,0.43968768903180167,0.9963784605342173,0.5,0.0,0.3784465088545375,0.3089300711699096,0.5,0.5
held_domain,uniform,moffatt_gse334718,6,12,24,0.5,0.5,0.5,0.0,0.5,0.0021242841550679326,0.010621420775339665,0.5,0.0,0.8374886389066756,0.0,0.5,0.5
held_domain,uniform,srle,1,592,1184,0.5,0.5,0.25591216216216217,0.24408783783783783,0.5,0.37825370012870013,0.9958574646074646,0.5,0.0,0.49905083655083654,0.24408783783783783,0.5,0.5
held_parent,composition,astrocyte_gse330741,2,7,14,0.4610158179697921,0.5,0.5,0.0,0.5,0.0,0.0,0.5159102674128333,0.04663680128506123,0.9215519653785337,0.0,0.46274487258789077,0.515879857530327
held_parent,composition,mikl_gse173098,187,4825,9650,0.5142664412438303,0.5070874915797356,0.19889973888964058,0.3068973755369521,0.4908102377061065,0.4269760456025487,0.9960238933676088,0.4837703325264675,-0.03122718844379132,0.6255825148457111,0.3089300711699096,0.4945458103947442,0.5035318766434069
held_parent,composition,moffatt_gse334718,6,12,24,0.5227151972291392,0.5416666666666666,0.5416666666666666,0.0,0.4583333333333333,0.0,0.08333333333333333,0.5217580163140816,0.0646374150218601,0.8359559995676803,0.0,0.5167514698044837,0.5235318537839762
held_parent,delta2,astrocyte_gse330741,2,7,14,0.48278614558354715,0.5,0.5,0.0,0.5,0.0,0.0,0.5304652592004635,0.0905507669097818,0.9215519653785337,0.0,0.4774863116718157,0.5307212439717935
held_parent,delta2,mikl_gse173098,187,4825,9650,0.5056506871688853,0.4972459927238213,0.18954055715421023,0.3068973755369521,0.5013220555478479,0.43182985646877026,0.9961401069468746,0.49410821294662544,-0.011956302871053717,0.6314570198140957,0.3089300711699096,0.4882281873854971,0.50964853079286
held_parent,delta2,moffatt_gse334718,6,12,24,0.512183763445513,0.5416666666666666,0.5416666666666666,0.0,0.4583333333333333,0.0,0.041666666666666664,0.5131162436842861,0.038435250206132844,0.8259953701035876,0.0,0.4984819224529443,0.5137797128344601
held_parent,hierarchical,astrocyte_gse330741,2,7,14,0.5052518480019021,0.5625,0.5625,0.0,0.4375,0.0,0.0,0.5188805112443584,0.05554021707480243,0.9215519653785337,0.0,0.5094883040659828,0.5191519632714858
held_parent,hierarchical,mikl_gse173098,187,4825,9650,0.5049222024301171,0.4965607577018878,0.18845996499180082,0.3068973755369521,0.5011760072286165,0.43406290705412565,0.9952540464842364,0.49429810519138073,-0.009705449230137542,0.6152825047104833,0.3089300711699096,0.4937857472456008,0.5054323866449256
held_parent,hierarchical,moffatt_gse334718,6,12,24,0.49390111436536555,0.5416666666666666,0.5416666666666666,0.0,0.4583333333333333,0.0,0.0,0.5020872446515575,0.0070873107096798655,0.7852175963046206,0.0,0.4967224336844721,0.5049043467557314
held_parent,hierarchical_universal_only,astrocyte_gse330741,2,7,14,0.5052518480019021,0.5625,0.5625,0.0,0.4375,0.0,0.0,0.5188805112443584,0.05554021707480243,0.9215519653785337,0.0,0.5094883040659828,0.5191519632714858
held_parent,hierarchical_universal_only,mikl_gse173098,187,4825,9650,0.5049222024301171,0.4965607577018878,0.18845996499180082,0.3068973755369521,0.5011760072286165,0.43406290705412565,0.9952540464842364,0.49429810519138073,-0.009705449230137542,0.6152825047104833,0.3089300711699096,0.4937857472456008,0.5054323866449256
held_parent,hierarchical_universal_only,moffatt_gse334718,6,12,24,0.49390111436536555,0.5416666666666666,0.5416666666666666,0.0,0.4583333333333333,0.0,0.0,0.5020880651189786,0.007088307571041401,0.7852175963046206,0.0,0.4967224336844721,0.5049052712836541
held_parent,interaction_10,astrocyte_gse330741,2,7,14,0.43812267302661145,0.41666666666666663,0.41666666666666663,0.0,0.5833333333333333,0.0,0.0,0.5112237572537934,0.03329435675765075,0.9217712636241477,0.0,0.4451758304885679,0.5108030551909927
held_parent,interaction_10,mikl_gse173098,187,4825,9650,0.5144038161004081,0.49988485026725443,0.1921476645384215,0.3068973755369521,0.49857848987831627,0.42554221935507625,0.9956459699498599,0.4850492629343706,-0.028682734042435692,0.605904853123248,0.3089300711699096,0.49815543840656507,0.5002663405014468
held_parent,interaction_10,moffatt_gse334718,6,12,24,0.49168944879692983,0.5,0.5,0.0,0.5,0.0,0.0,0.5113205867163676,0.034576183265255,0.7580565746822153,0.0,0.4984957437459739,0.5085987000821298
held_parent,interaction_25,astrocyte_gse330741,2,7,14,0.4984989071365341,0.41666666666666663,0.41666666666666663,0.0,0.5833333333333333,0.0,0.0,0.5264339293735549,0.07806095150701733,0.9215519653785337,0.0,0.4972984749601856,0.5266662503075024
held_parent,interaction_25,mikl_gse173098,187,4825,9650,0.5174917287134658,0.5048929100504392,0.1977785863081047,0.3068973755369521,0.4929343905553485,0.4231179874871647,0.996062275766728,0.48220349501988985,-0.034349210799196506,0.6078948194435757,0.3089300711699096,0.4979317997349297,0.5010063526789454
held_parent,interaction_25,moffatt_gse334718,6,12,24,0.4376765072466015,0.375,0.375,0.0,0.625,0.0,0.041666666666666664,0.5036110661287027,0.011966071147826447,0.7607615764829229,0.0,0.4308490806535719,0.5026244070308069
held_parent,interaction_3,astrocyte_gse330741,2,7,14,0.4190136517542039,0.41666666666666663,0.41666666666666663,0.0,0.5833333333333333,0.0,0.0,0.508689480353161,0.02603487369005921,0.9208940706416915,0.0,0.4282409434804084,0.507818713657899
held_parent,interaction_3,mikl_gse173098,187,4825,9650,0.5177207957676465,0.5052045954868143,0.19704255238125243,0.3068973755369521,0.49259029546089533,0.4178365573742192,0.9963900850957923,0.48165350189293077,-0.03752931785548149,0.6080042825178399,0.3089300711699096,0.4978966886989776,0.5034165938875321
held_parent,interaction_3,moffatt_gse334718,6,12,24,0.49680278835061736,0.5416666666666666,0.5416666666666666,0.0,0.4583333333333333,0.0,0.041666666666666664,0.5055874570931216,0.018012500740294694,0.7542462050568077,0.0,0.4822373108484926,0.5064640218165201
held_parent,interaction_50,astrocyte_gse330741,2,7,14,0.45404993080738687,0.41666666666666663,0.41666666666666663,0.0,0.5833333333333333,0.0,0.0,0.5239332551633107,0.07071878952639138,0.9215519653785337,0.0,0.45781540466100284,0.5231974948847052
held_parent,interaction_50,mikl_gse173098,187,4825,9650,0.502997433430428,0.4987968874540094,0.19101378804289915,0.3068973755369521,0.49906469259782266,0.43811693024476295,0.996701129797096,0.4958443459416711,-0.00577046905095501,0.6004093592964712,0.3089300711699096,0.49749950540346355,0.5011859184147116
held_parent,interaction_50,moffatt_gse334718,6,12,24,0.5628029133191093,0.5833333333333334,0.5833333333333334,0.0,0.4166666666666667,0.0,0.041666666666666664,0.49769520293450076,-0.006452235875481182,0.7832994007560937,0.0,0.578373645028742,0.49985072103689376
held_parent,interaction_full,astrocyte_gse330741,2,7,14,0.4543680708766462,0.4375,0.4375,0.0,0.5625,0.0,0.0,0.5219877168936171,0.0654019129063984,0.9215519653785337,0.0,0.4536396112908574,0.5221771735532904
held_parent,interaction_full,mikl_gse173098,187,4825,9650,0.5055775930910456,0.49695074461793803,0.1892000548649059,0.3068973755369521,0.5009812641139484,0.43335069904191004,0.9967003509891267,0.4942875997528022,-0.010231281910963468,0.6073646399436273,0.3089300711699096,0.4906681507455151,0.5059126635833697
held_parent,interaction_full,moffatt_gse334718,6,12,24,0.5175835439830091,0.5833333333333334,0.5833333333333334,0.0,0.4166666666666667,0.0,0.0,0.5029837054601307,0.009779750021398496,0.7908957178483994,0.0,0.5151792912872023,0.5067306450912374
held_parent,kmer123,astrocyte_gse330741,2,7,14,0.5113182951906416,0.5625,0.5625,0.0,0.4375,0.0,0.0,0.5188296340782728,0.055461274533594035,0.9215519653785337,0.0,0.5146776745527359,0.5191093931753653
held_parent,kmer123,mikl_gse173098,187,4825,9650,0.5044818431219351,0.49631257451252814,0.18821178180244114,0.3068973755369521,0.5014241904179764,0.4345344755357067,0.9952197670381924,0.49472157869034233,-0.008873248925647078,0.6152825047104833,0.3089300711699096,0.49348273695843275,0.505821466157436
held_parent,kmer123,moffatt_gse334718,6,12,24,0.49390111436536555,0.5416666666666666,0.5416666666666666,0.0,0.4583333333333333,0.0,0.0,0.5022197407702876,0.007419367238826452,0.7852175963046206,0.0,0.4967224336844721,0.5050948624584378
held_parent,meta_shrink,astrocyte_gse330741,2,7,14,0.5113182951906416,0.5625,0.5625,0.0,0.4375,0.0,0.0,0.5188296340782728,0.055461274533594035,0.9215519653785337,0.0,0.5146776745527359,0.5191093931753653
held_parent,meta_shrink,mikl_gse173098,187,4825,9650,0.5044818431219351,0.49631257451252814,0.18821178180244114,0.3068973755369521,0.5014241904179764,0.4345344755357067,0.9952197670381924,0.49472157869034233,-0.008873248925647078,0.6152825047104833,0.3089300711699096,0.49348273695843275,0.505821466157436
held_parent,meta_shrink,moffatt_gse334718,6,12,24,0.49390111436536555,0.5416666666666666,0.5416666666666666,0.0,0.4583333333333333,0.0,0.0,0.5022197407702876,0.007419367238826452,0.7852175963046206,0.0,0.4967224336844721,0.5050948624584378
held_parent,metadata,astrocyte_gse330741,2,7,14,0.4610158179697921,0.5,0.5,0.0,0.5,0.0,0.0,0.5155677538445129,0.045541737228664794,0.9215519653785337,0.0,0.46274487258789077,0.5156372303731632
held_parent,metadata,mikl_gse173098,187,4825,9650,0.5194663480031958,0.5074181364757426,0.19956460838457815,0.3068973755369521,0.49051387225614357,0.42161442239961433,0.99598423418075,0.47865851131325143,-0.04144441555658741,0.6260949273793129,0.3089300711699096,0.4949390077602454,0.5035194371563285
held_parent,metadata,moffatt_gse334718,6,12,24,0.5227151972291392,0.5416666666666666,0.5416666666666666,0.0,0.4583333333333333,0.0,0.08333333333333333,0.5211876462106347,0.0628214675173604,0.8369003819152406,0.0,0.5167514698044837,0.5229017210649851
held_parent,uniform,astrocyte_gse330741,2,7,14,0.5,0.5,0.5,0.0,0.5,0.0017574819487046055,0.008787409743523045,0.5,0.0,0.9215519653785337,0.0,0.5,0.5
held_parent,uniform,mikl_gse173098,187,4825,9650,0.5,0.49904740194719543,0.19102919553473607,0.3068973755369521,0.49904740194719543,0.43968768903180167,0.9963784605342173,0.5,0.0,0.3784465088545375,0.3089300711699096,0.5,0.5
held_parent,uniform,moffatt_gse334718,6,12,24,0.5,0.5,0.5,0.0,0.5,0.0021242841550679326,0.010621420775339665,0.5,0.0,0.8374886389066756,0.0,0.5,0.5
pretrained_restricted,frozen_bert_plus_kmer,mikl_gse173098,177,4799,9598,0.4941352626170547,0.4960619706089379,0.19157423909048316,0.30304976963508495,0.5017377524886907,0.4416467578726272,0.9953376856720756,0.5039595328421878,0.008184429223725701,0.4109501502638715,0.3051973068292266,0.5007058491023008,0.4976703687865801
pretrained_restricted,frozen_bert_plus_kmer,moffatt_gse334718,6,12,24,0.4380992846614567,0.4166666666666667,0.4166666666666667,0.0,0.5833333333333334,0.041666666666666664,0.041666666666666664,0.5161488596712419,0.04765604386447009,0.21465644812450932,0.0,0.4449231474192824,0.5200047913082163
pretrained_restricted,matched_kmer123,mikl_gse173098,177,4799,9598,0.5099854486415785,0.5050610574218838,0.20029843831548066,0.30304976963508495,0.49342764992220883,0.42658142114232867,0.9966441813999312,0.4900347833629253,-0.022583134111434543,0.37636611927628894,0.3051973068292266,0.4977425170535595,0.499968184631937
pretrained_restricted,matched_kmer123,moffatt_gse334718,6,12,24,0.47189933752528385,0.4166666666666667,0.4166666666666667,0.0,0.5833333333333334,0.0,0.041666666666666664,0.5091792775683973,0.027724260403281655,0.20888711431815465,0.0,0.4747028138829608,0.5139501172453262
pretrained_restricted,uniform,mikl_gse173098,177,4799,9598,0.5,0.4989935828481669,0.19475965855929744,0.30304976963508495,0.4989935828481669,0.4381634530072331,0.9961738537847381,0.5,0.0,0.37440393873332495,0.3051973068292266,0.5,0.5
pretrained_restricted,uniform,moffatt_gse334718,6,12,24,0.5,0.5,0.5,0.0,0.5,0.0021242841550679326,0.010621420775339665,0.5,0.0,0.8374886389066756,0.0,0.5,0.5
secondary_sirloin,hierarchical,sirloin,2,2,4,0.4039473460958737,0.25,0.25,0.0,0.75,0.25,0.25,0.5449537461297974,0.14631910968113576,0.5579842137219186,0.0,0.37194683737859985,0.5182900221894179
secondary_sirloin,interaction_10,sirloin,2,2,4,0.443167570298301,0.5,0.5,0.0,0.5,0.0,0.25,0.5596571845918483,0.181305462440929,0.5579842137219186,0.0,0.5105551972740705,0.5406428432164442
secondary_sirloin,kmer123,sirloin,2,2,4,0.41159539796284567,0.25,0.25,0.0,0.75,0.0,0.25,0.5570935800206411,0.17727692914432647,0.5579842137219186,0.0,0.41188813507588723,0.5346906943709439
secondary_sirloin,uniform,sirloin,2,2,4,0.5,0.5,0.5,0.0,0.5,0.01128314106456183,0.05641570532280915,0.5,0.0,0.5579842137219186,0.0,0.5,0.5
within_assay,composition,astrocyte_gse330741,2,7,14,0.5292487522754266,0.5833333333333333,0.5833333333333333,0.0,0.41666666666666663,0.0,0.0,0.5245807180069095,0.07266321181075694,0.9215519653785337,0.0,0.5229581040222981,0.524707105765539
within_assay,composition,mikl_gse173098,187,4825,9650,0.46457781281441385,0.48903481115784336,0.18090178030769574,0.3068973755369521,0.5089034302005966,0.47626837157013924,0.9957559088439027,0.5339216499576377,0.06958794065065889,0.6391169308816003,0.3089300711699096,0.47611565990476146,0.5179040984708208
within_assay,composition,moffatt_gse334718,6,12,24,0.44600322500106376,0.5,0.5,0.0,0.5,0.041666666666666664,0.08333333333333333,0.5464955972930198,0.1382625092951684,0.8374886389066756,0.0,0.4383898592174307,0.549873134460689
within_assay,composition,srle,1,592,1184,0.4764020978621896,0.48986486486486486,0.24577702702702703,0.24408783783783783,0.5101351351351351,0.40540540540540543,0.9966216216216216,0.5212516087516088,0.038718629343629345,0.5062701093951094,0.24408783783783783,0.4813204858446497,0.5148509174311926
within_assay,delta2,astrocyte_gse330741,2,7,14,0.4069388330028332,0.375,0.375,0.0,0.625,0.0,0.08333333333333333,0.5442307049084402,0.13076844221747624,0.9215519653785337,0.0,0.40211828845630143,0.5444440590140123
within_assay,delta2,mikl_gse173098,187,4825,9650,0.44302665271450775,0.48101857535276654,0.17320086346767066,0.3068973755369521,0.5175476031309366,0.4978661484200734,0.9963575644616957,0.5590232759250037,0.12016655324136495,0.6364222632381756,0.3089300711699096,0.4796448038333348,0.5219461128894407
within_assay,delta2,moffatt_gse334718,6,12,24,0.4233580141999604,0.4166666666666667,0.4166666666666667,0.0,0.5833333333333334,0.041666666666666664,0.08333333333333333,0.5490275266859461,0.14481149426974707,0.8374886389066756,0.0,0.40993219911668466,0.5523485330153324
within_assay,delta2,srle,1,592,1184,0.234967984968381,0.34628378378378377,0.10219594594594594,0.24408783783783783,0.6537162162162162,0.6478040540540541,1.0,0.7291827541827541,0.4928330115830116,0.7003338159588159,0.24408783783783783,0.22588126548044546,0.7277331804281346
within_assay,hierarchical,astrocyte_gse330741,2,7,14,0.3802024069012263,0.35416666666666663,0.35416666666666663,0.0,0.6458333333333333,0.08333333333333333,0.08333333333333333,0.5540228091260175,0.1610226467119898,0.9215519653785337,0.0,0.38908427979075083,0.553431959380357
within_assay,hierarchical,mikl_gse173098,187,4825,9650,0.4142508495032811,0.4656233343269506,0.15784056138675504,0.3068973755369521,0.5322162689416863,0.5283714281116212,0.9970513251961146,0.585519242982248,0.17347519719766097,0.6340939797755148,0.3089300711699096,0.4768989156504311,0.5212018706365996
within_assay,hierarchical,moffatt_gse334718,6,12,24,0.3842747249495362,0.375,0.375,0.0,0.625,0.08333333333333333,0.08333333333333333,0.5603006014502673,0.17789187137965712,0.8374886389066756,0.0,0.3717625482959824,0.5654659805995809
within_assay,hierarchical,srle,1,592,1184,0.16295935298116423,0.30658783783783783,0.0625,0.24408783783783783,0.6934121621621622,0.731418918918919,1.0,0.8000160875160875,0.6368725868725869,0.768717824967825,0.24408783783783783,0.1560078655567212,0.793922018348624
within_assay,hierarchical_universal_only,astrocyte_gse330741,2,7,14,0.3802024069012263,0.35416666666666663,0.35416666666666663,0.0,0.6458333333333333,0.08333333333333333,0.08333333333333333,0.5540209959554643,0.161019696352034,0.9215519653785337,0.0,0.38908427979075083,0.5534301886068889
within_assay,hierarchical_universal_only,mikl_gse173098,187,4825,9650,0.41425460962172894,0.4656233343269506,0.15784056138675504,0.3068973755369521,0.5322162689416863,0.5283714281116212,0.9970513251961146,0.5855138413725683,0.17346825227092993,0.6340939797755148,0.3089300711699096,0.4769393255323404,0.5211438196968999
within_assay,hierarchical_universal_only,moffatt_gse334718,6,12,24,0.3842747249495362,0.375,0.375,0.0,0.625,0.08333333333333333,0.08333333333333333,0.560299539821273,0.17788840547745288,0.8374886389066756,0.0,0.3717625482959824,0.5654649320889725
within_assay,hierarchical_universal_only,srle,1,592,1184,0.16295935298116423,0.30658783783783783,0.0625,0.24408783783783783,0.6934121621621622,0.731418918918919,1.0,0.8000160875160875,0.6368725868725869,0.768717824967825,0.24408783783783783,0.1560078655567212,0.793922018348624
within_assay,interaction_10,astrocyte_gse330741,2,7,14,0.4362154361993472,0.35416666666666663,0.35416666666666663,0.0,0.6458333333333333,0.0,0.0,0.5542543012849652,0.16116072439321533,0.9215519653785337,0.0,0.43099342486657566,0.5544695336918617
within_assay,interaction_10,mikl_gse173098,187,4825,9650,0.404896980781472,0.4630351223186866,0.155918928788386,0.3068973755369521,0.5348626069671556,0.5387362755101477,0.9965474799585337,0.5929211119909794,0.18991921229779424,0.64912542313726,0.3089300711699096,0.46611926392365194,0.5303241768403948
within_assay,interaction_10,moffatt_gse334718,6,12,24,0.364144038195199,0.2916666666666667,0.2916666666666667,0.0,0.7083333333333334,0.041666666666666664,0.16666666666666666,0.5837284976796436,0.24876280060819148,0.8379463707467893,0.0,0.3690279465753758,0.5864251377083393
within_assay,interaction_10,srle,1,592,1184,0.1329024056690868,0.2981418918918919,0.05405405405405406,0.24408783783783783,0.7018581081081081,0.7567567567567568,1.0,0.8255550193050194,0.6918798262548261,0.7940556628056629,0.24408783783783783,0.12821783221057828,0.8173738532110092
within_assay,interaction_25,astrocyte_gse330741,2,7,14,0.4460282687956261,0.5,0.5,0.0,0.5,0.0,0.08333333333333333,0.5703139492768163,0.20857048510248766,0.9215519653785337,0.0,0.4442593521897281,0.569934031452675
within_assay,interaction_25,mikl_gse173098,187,4825,9650,0.4012179506438767,0.4614454102362622,0.15436004071051942,0.3068973755369521,0.5363908463828992,0.5423751126270927,0.9970033483585296,0.5975862457275907,0.19979738217144477,0.6505226632450515,0.3089300711699096,0.4613303988438845,0.5330641442237117
within_assay,interaction_25,moffatt_gse334718,6,12,24,0.39195586430480134,0.2916666666666667,0.2916666666666667,0.0,0.7083333333333334,0.0,0.08333333333333333,0.5824182256149909,0.24436240406582221,0.8379071374984867,0.0,0.39256368932921243,0.5875182031609055
within_assay,interaction_25,srle,1,592,1184,0.1329024056690868,0.2981418918918919,0.05405405405405406,0.24408783783783783,0.7018581081081081,0.7567567567567568,1.0,0.8255550193050194,0.6918798262548261,0.7940556628056629,0.24408783783783783,0.12821783221057828,0.8173738532110092
within_assay,interaction_3,astrocyte_gse330741,2,7,14,0.42314082309748857,0.41666666666666663,0.41666666666666663,0.0,0.5833333333333333,0.0,0.0,0.5579655393981187,0.17140331985846274,0.9215519653785337,0.0,0.42670048735878746,0.5574099571826194
within_assay,interaction_3,mikl_gse173098,187,4825,9650,0.4056939024616965,0.4666125038890091,0.1588189277294542,0.3068973755369521,0.5319806826430925,0.5365459418747639,0.9968102492134726,0.5928364746505936,0.19022014042824797,0.6499634205509086,0.3089300711699096,0.4657811680516899,0.531426005213829
within_assay,interaction_3,moffatt_gse334718,6,12,24,0.4024534471936565,0.4166666666666667,0.4166666666666667,0.0,0.5833333333333334,0.0,0.0,0.5677019313768216,0.20062940521622982,0.8397679770936909,0.0,0.39194831515996115,0.5714790280359954
within_assay,interaction_3,srle,1,592,1184,0.1322642933420446,0.2972972972972973,0.05320945945945946,0.24408783783783783,0.7027027027027027,0.7576013513513513,1.0,0.8250482625482626,0.6908421814671815,0.7949565637065636,0.24408783783783783,0.12667917669040799,0.8174120795107034
within_assay,interaction_50,astrocyte_gse330741,2,7,14,0.45235260996593324,0.5208333333333333,0.5208333333333333,0.0,0.47916666666666663,0.0,0.0,0.5680971315288333,0.20181380531195456,0.9215519653785337,0.0,0.4431596666195104,0.5669514402885247
within_assay,interaction_50,mikl_gse173098,187,4825,9650,0.3972094059827778,0.4579385233477543,0.1502221130407663,0.3068973755369521,0.5399592059380879,0.5464755808798039,0.9967021032623284,0.601246429028308,0.20724645414039108,0.643517393123062,0.3089300711699096,0.46930165454204986,0.5286177987114059
within_assay,interaction_50,moffatt_gse334718,6,12,24,0.3547290502383973,0.25,0.25,0.0,0.75,0.041666666666666664,0.16666666666666666,0.582386323582074,0.2447718042970081,0.8388056887393288,0.0,0.3390729507766019,0.5888700620690243
within_assay,interaction_50,srle,1,592,1184,0.1329024056690868,0.2981418918918919,0.05405405405405406,0.24408783783783783,0.7018581081081081,0.7567567567567568,1.0,0.8255550193050194,0.6918798262548261,0.7940556628056629,0.24408783783783783,0.12821783221057828,0.8173738532110092
within_assay,interaction_full,astrocyte_gse330741,2,7,14,0.45483084047094924,0.5833333333333333,0.5833333333333333,0.0,0.41666666666666663,0.0,0.08333333333333333,0.561335313538332,0.1823210723707808,0.9215519653785337,0.0,0.4498649052148339,0.5606115458440422
within_assay,interaction_full,mikl_gse173098,187,4825,9650,0.3940983251107845,0.4555607776545104,0.14774642607311064,0.3068973755369521,0.5423712310773758,0.5499527296990758,0.9966458569922156,0.6058859651613766,0.21561387589096623,0.6431248751064809,0.3089300711699096,0.4609369143798969,0.5363862575327636
within_assay,interaction_full,moffatt_gse334718,6,12,24,0.3983639702178401,0.375,0.375,0.0,0.625,0.0,0.0,0.5680617477918442,0.2021987937583404,0.8387159446437852,0.0,0.3870685722737864,0.5726347568437242
within_assay,interaction_full,srle,1,592,1184,0.1329024056690868,0.2981418918918919,0.05405405405405406,0.24408783783783783,0.7018581081081081,0.7567567567567568,1.0,0.8255550193050194,0.6918798262548261,0.7940556628056629,0.24408783783783783,0.12821783221057828,0.8173738532110092
within_assay,kmer123,astrocyte_gse330741,2,7,14,0.38078844716457294,0.35416666666666663,0.35416666666666663,0.0,0.6458333333333333,0.08333333333333333,0.08333333333333333,0.5540226325518135,0.16094623496771773,0.9215519653785337,0.0,0.3895838261598084,0.5534416986674806
within_assay,kmer123,mikl_gse173098,187,4825,9650,0.41500362882791364,0.4655012075089539,0.15771843456875836,0.3068973755369521,0.532338395759683,0.5275928642849291,0.9970354097390226,0.5849650178788376,0.17222468370267557,0.6340939797755148,0.3089300711699096,0.47753579332830387,0.5208148643719357
within_assay,kmer123,moffatt_gse334718,6,12,24,0.41892322621184497,0.375,0.375,0.0,0.625,0.08333333333333333,0.08333333333333333,0.5602174399402248,0.17751344567008095,0.8374886389066756,0.0,0.4217352300227692,0.5654391228925525
within_assay,kmer123,srle,1,592,1184,0.1634996662821741,0.30743243243243246,0.0633445945945946,0.24408783783783783,0.6925675675675675,0.7305743243243243,1.0,0.8003539253539254,0.6379584942084943,0.768717824967825,0.24408783783783783,0.15721409198717406,0.7943616207951071
within_assay,meta_shrink,astrocyte_gse330741,2,7,14,0.38078844716457294,0.35416666666666663,0.35416666666666663,0.0,0.6458333333333333,0.08333333333333333,0.08333333333333333,0.5540226325518135,0.16094623496771773,0.9215519653785337,0.0,0.3895838261598084,0.5534416986674806
within_assay,meta_shrink,mikl_gse173098,187,4825,9650,0.41500362882791364,0.4655012075089539,0.15771843456875836,0.3068973755369521,0.532338395759683,0.5275928642849291,0.9970354097390226,0.5849650178788376,0.17222468370267557,0.6340939797755148,0.3089300711699096,0.47753579332830387,0.5208148643719357
within_assay,meta_shrink,moffatt_gse334718,6,12,24,0.41892322621184497,0.375,0.375,0.0,0.625,0.08333333333333333,0.08333333333333333,0.5602174399402248,0.17751344567008095,0.8374886389066756,0.0,0.4217352300227692,0.5654391228925525
within_assay,meta_shrink,srle,1,592,1184,0.1634996662821741,0.30743243243243246,0.0633445945945946,0.24408783783783783,0.6925675675675675,0.7305743243243243,1.0,0.8003539253539254,0.6379584942084943,0.768717824967825,0.24408783783783783,0.15721409198717406,0.7943616207951071
within_assay,metadata,astrocyte_gse330741,2,7,14,0.5292487522754266,0.5833333333333333,0.5833333333333333,0.0,0.41666666666666663,0.0,0.0,0.5243112190457045,0.07210680983601442,0.9215519653785337,0.0,0.5229581040222981,0.524482913012937
within_assay,metadata,mikl_gse173098,187,4825,9650,0.464868818595932,0.48897027616954425,0.1808372453193967,0.3068973755369521,0.5090022446349397,0.4757273804932246,0.9957826468118172,0.53352060267509,0.06887310150433694,0.6361146562416147,0.3089300711699096,0.4759624260040202,0.5176867453095594
within_assay,metadata,moffatt_gse334718,6,12,24,0.44600322500106376,0.5,0.5,0.0,0.5,0.041666666666666664,0.08333333333333333,0.5465424112553176,0.13837823860575374,0.8374886389066756,0.0,0.4383898592174307,0.5498530394474598
within_assay,metadata,srle,1,592,1184,0.4764020978621896,0.48986486486486486,0.24577702702702703,0.24408783783783783,0.5101351351351351,0.40540540540540543,0.9966216216216216,0.5212516087516088,0.038718629343629345,0.5062701093951094,0.24408783783783783,0.4813204858446497,0.5148509174311926
within_assay,uniform,astrocyte_gse330741,2,7,14,0.5,0.5,0.5,0.0,0.5,0.0017574819487046055,0.008787409743523045,0.5,0.0,0.9215519653785337,0.0,0.5,0.5
within_assay,uniform,mikl_gse173098,187,4825,9650,0.5,0.49904740194719543,0.19102919553473607,0.3068973755369521,0.49904740194719543,0.43968768903180167,0.9963784605342173,0.5,0.0,0.3784465088545375,0.3089300711699096,0.5,0.5
within_assay,uniform,moffatt_gse334718,6,12,24,0.5,0.5,0.5,0.0,0.5,0.0021242841550679326,0.010621420775339665,0.5,0.0,0.8374886389066756,0.0,0.5,0.5
within_assay,uniform,srle,1,592,1184,0.5,0.5,0.25591216216216217,0.24408783783783783,0.5,0.37825370012870013,0.9958574646074646,0.5,0.0,0.49905083655083654,0.24408783783783783,0.5,0.5
