genotype,ga,panel,interaction,additive,quadratic,pattern
1111101010001110,11111010,11111010_*_*,0.018858135944421876,0.03468218334570504,0.021903723018872175,0.03866003472174159
1111111110101001,11111111,11111111_*_*,-0.02101991412308728,-0.007726735094813831,0.004075201712523362,-0.0062431974004814265
1101111010101001,11011110,11011110_*_*,-0.036144132329772316,-0.007726735094813831,0.004075201712523362,-0.0062431974004814265
1101101010101100,11011010,11011010_*_*,-0.0062432865134984215,0.00332316119869569,0.007067230700288257,-0.0001097539427375031
1111110001010011,11111100,11111100_*_1,-0.08154120862665303,-0.039267225962086226,-0.030726874832503588,-0.03636626839213039
1111011110101010,11110111,11110111_*_*,-0.047192749007342764,-0.016884926039254827,-0.014996290465780951,-0.0020085229075158828
1101001010000111,11010010,11010010_*_*,-0.06948608303075442,0.010648898578290357,-0.004590646633047354,0.03907413845384339
1111011110100011,11110111,11110111_*_*,-0.06994157507099098,-0.04091821080666951,-0.037483732956761495,-0.020828821082370868
1110011011000011,11100110,11100110_*_*,-0.02727146992993354,-0.022376475549620252,-0.02325755903062443,0.02020944278582946
1111111111100010,11111111,11111111_*_*,-0.08984505404878343,-0.06289368864107059,-0.06896834313814842,-0.06512634858233209
1111011110011010,11110111,11110111_*_*,-0.0317597703544015,-0.01263465503670681,-0.0162282488304966,-0.006821522690409142
1110111011101000,11101110,11101110_*_*,-0.010599649726102242,-0.029702212929214915,-0.04298241038053501,-0.08262761875261156
1101111101101010,11011111,11011111_*_*,-0.060133432634329013,-0.019484212197219564,-0.01153285248280531,0.02813059474687077
1100110000101011,11001100,11001100_*_1,-0.013649790936998188,0.0024912656371815205,0.011259281864844829,0.01828028132025484
1001111011000011,10011110,10011110_*_*,-0.06798022566071617,-0.022376475549620252,-0.02325755903062443,0.02020944278582946
1111101010001011,11111010,11111010_*_*,0.013559583466247223,0.023632287052195514,0.020036057200677523,0.04542718200591453
1110101100101110,11101011,11101011_*_*,-0.005347790446993392,0.013541161930691041,0.009563519725116853,0.01978899316030434
1101111010101010,11011110,11011110_*_*,-0.058589160996986675,-0.016884926039254827,-0.014996290465780951,-0.0020085229075158828
1111100010100101,11111000,11111000_*_0,-0.013908860671762282,-0.020710123568718992,-0.009290079196685121,0.014574785777967144
1110011010100110,11100110,11100110_*_*,-0.020395309474716572,-0.02986831451315999,-0.025369328276249135,0.014494011748331427
1101000010100011,11010000,11010000_*_1,-0.1013310186158441,-0.04091821080666951,-0.037483732956761495,-0.020828821082370868
1110011011001010,11100110,11100110_*_*,0.0019743960257469217,0.0016568092177944305,0.0019940664016892262,0.0075907014696988745
1101101101100101,11011011,11011011_*_*,-0.06756360704014112,-0.02330940972668373,-0.02924195677261576,-0.06493828553386866
1001111010100110,10011110,10011110_*_*,-0.052601391051386344,-0.02986831451315999,-0.025369328276249135,0.014494011748331427
1110111100101110,11101111,11101111_*_*,0.013703909559970855,0.013541161930691041,0.009563519725116853,0.01978899316030434
1100111110100011,11001111,11001111_*_*,-0.07441935030298452,-0.04091821080666951,-0.037483732956761495,-0.020828821082370868
1111110010001110,11111100,11111100_*_1,0.007611069408660067,0.03468218334570504,0.021903723018872175,0.03866003472174159
1111001110101010,11110011,11110011_*_*,-0.04448044026066879,-0.016884926039254827,-0.014996290465780951,-0.0020085229075158828
1111111110110010,11111111,11111111_*_*,-0.10575188268195136,-0.07718515289557183,-0.07002934255031523,-0.04610756977214506
1101111110101010,11011111,11011111_*_*,-0.07329631890558787,-0.016884926039254827,-0.014996290465780951,-0.0020085229075158828
1111011010110100,11110110,11110110_*_*,-0.04412216041281843,-0.05697706565762132,-0.03200952452725467,-0.00435391741879217
1101111000101110,11011110,11011110_*_*,-0.01017187646578524,0.013541161930691041,0.009563519725116853,0.01978899316030434
1110111000011110,11101110,11101110_*_*,0.0032493640442117257,0.01779143293323906,0.000273679884746858,-0.010706905408508646
1101001010001011,11010010,11010010_*_*,-0.033842264498778536,0.023632287052195514,0.020036057200677523,0.04542718200591453
1101110010100011,11011100,11011100_*_1,-0.10638023979869893,-0.04091821080666951,-0.037483732956761495,-0.020828821082370868
1111101000001111,11111010,11111010_*_*,-0.0023964062147125813,0.054058375022141385,0.023004547319879082,0.05335685745898933
1111011010101010,11110110,11110110_*_*,-0.03248559109874158,-0.016884926039254827,-0.014996290465780951,-0.0020085229075158828
1110111010011010,11101110,11101110_*_*,-0.005602825186209234,-0.01263465503670681,-0.0162282488304966,-0.006821522690409142
1111101110101100,11111011,11111011_*_*,0.007617072499456423,0.00332316119869569,0.007067230700288257,-0.0001097539427375031
1111101010101100,11111010,11111010_*_*,0.030384947374481747,0.00332316119869569,0.007067230700288257,-0.0001097539427375031
1111110010100011,11111100,11111100_*_1,-0.06132759228132097,-0.04091821080666951,-0.037483732956761495,-0.020828821082370868
1110111110101010,11101111,11101111_*_*,-0.008440005204625211,-0.016884926039254827,-0.014996290465780951,-0.0020085229075158828
1110101110001011,11101011,11101011_*_*,0.04011674216483506,0.023632287052195514,0.020036057200677523,0.04542718200591453
1111111101110010,11111111,11111111_*_*,-0.11949494226363747,-0.07978443905353658,-0.07391479983062256,-0.04779965869652102
1101101010010110,11011010,11011010_*_*,-0.08728753812443449,-0.02561804351061197,-0.015139238695636777,-0.007022099495655633
1001111010110010,10011110,10011110_*_*,-0.12167685939331149,-0.07718515289557183,-0.07002934255031523,-0.04610756977214506
1101101011010010,11011010,11011010_*_*,-0.11704196064812629,-0.05864341763852258,-0.04305389268462864,-0.010544809861847767
1101111000011110,11011110,11011110_*_*,-0.02947587180586663,0.01779143293323906,0.000273679884746858,-0.010706905408508646
1111111110001110,11111111,11111111_*_*,0.03388298474440894,0.03468218334570504,0.021903723018872175,0.03866003472174159
1110011000011011,11100110,11100110_*_*,0.009990149257464526,0.006741536639729536,-0.0009591145441982677,0.05380478438470401
1101011010100011,11010110,11010110_*_*,-0.11089388331642487,-0.04091821080666951,-0.037483732956761495,-0.020828821082370868
1101101000011110,11011010,11011010_*_*,-0.05984224747089411,0.01779143293323906,0.000273679884746858,-0.010706905408508646
1111110001100011,11111100,11111100_*_1,-0.08121498325026984,-0.04351749696463425,-0.04565488724169594,0.001103423376601634
1111111101101010,11111111,11111111_*_*,-0.04054149482873407,-0.019484212197219564,-0.01153285248280531,0.02813059474687077
1110111010101001,11101110,11101110_*_*,0.03199648060685201,-0.007726735094813831,0.004075201712523362,-0.0062431974004814265
1001111010001011,10011110,10011110_*_*,0.004918579281402661,0.023632287052195514,0.020036057200677523,0.04542718200591453
1111101100101110,11111011,11111011_*_*,-0.020714696194470694,0.013541161930691041,0.009563519725116853,0.01978899316030434
1011111001110100,10111110,10111110_*_*,-0.07128288731410672,-0.05957635181558606,-0.0476757050985582,-0.04589761404952279
1111011001100110,11110110,11110110_*_*,-0.05400142378598703,-0.032467600671124724,-0.03209713931304878,-0.0779661141364985
1101111001101001,11011110,11011110_*_*,-0.038476608685737865,-0.010326021252778568,-0.005685426843631991,0.03632142608006462
1111001010001110,11110010,11110010_*_*,0.004834158833181286,0.03468218334570504,0.021903723018872175,0.03866003472174159
1101001000101011,11010010,11010010_*_*,-0.029124829035590216,0.0024912656371815205,0.011259281864844829,0.01828028132025484
1100110010100110,11001100,11001100_*_1,-0.0566560804660588,-0.02986831451315999,-0.025369328276249135,0.014494011748331427
1111001010100011,11110010,11110010_*_*,-0.053937137399911406,-0.04091821080666951,-0.037483732956761495,-0.020828821082370868
1101001000111100,11010010,11010010_*_*,-0.03601788379618842,-0.013567589213770288,-0.01428289333950408,0.022836791893986998
1111001010101010,11110010,11110010_*_*,-0.02977328235206761,-0.016884926039254827,-0.014996290465780951,-0.0020085229075158828
1110111110001110,11101111,11101111_*_*,0.04939278215297457,0.03468218334570504,0.021903723018872175,0.03866003472174159
1110101010100011,11101010,11101010_*_*,-0.013362265114526985,-0.04091821080666951,-0.037483732956761495,-0.020828821082370868
1111101001001110,11111010,11111010_*_*,0.007456802367012173,0.032082897187740295,0.03015128664260859,0.0358890356721663
1111001011001100,11110010,11110010_*_*,0.022618493901661055,0.02186489645574495,0.012504380706173065,0.03571268910376234
1111011010101001,11110110,11110110_*_*,-0.0006747369833133574,-0.007726735094813831,0.004075201712523362,-0.0062431974004814265
1110011010100101,11100110,11100110_*_*,0.01312391169919682,-0.020710123568718992,-0.009290079196685121,0.014574785777967144
1111100000101101,11111000,11111000_*_0,-0.0036752752279059367,0.02269935287513204,0.020618827363608275,0.030549998451663295
1100101010010011,11001010,11001010_*_*,-0.07114768151847906,-0.03666793980412149,-0.03018219994482224,-0.01590472138766695
1101111010011010,11011110,11011110_*_*,-0.07142001166640327,-0.01263465503670681,-0.0162282488304966,-0.006821522690409142
1101110010100110,11011100,11011100_*_1,-0.0820200661051716,-0.02986831451315999,-0.025369328276249135,0.014494011748331427
1111011010100011,11110110,11110110_*_*,-0.06584123579904691,-0.04091821080666951,-0.037483732956761495,-0.020828821082370868
1111011111101000,11110111,11110111_*_*,-0.07590249388585284,-0.029702212929214915,-0.04298241038053501,-0.08262761875261156
1111111110101010,11111111,11111111_*_*,-0.033274716398487184,-0.016884926039254827,-0.014996290465780951,-0.0020085229075158828
1110101000111100,11101010,11101010_*_*,-0.012930768155533724,-0.013567589213770288,-0.01428289333950408,0.022836791893986998
1101011010011010,11010110,11010110_*_*,-0.06977207614669484,-0.01263465503670681,-0.0162282488304966,-0.006821522690409142
1111011000101011,11110110,11110110_*_*,-0.005898638881018974,0.0024912656371815205,0.011259281864844829,0.01828028132025484
1111011110101100,11110111,11110111_*_*,-0.010074242481559671,0.00332316119869569,0.007067230700288257,-0.0001097539427375031
1101000000110110,11010000,11010000_*_1,-0.10531405590835964,-0.04675906492562597,-0.044813430250891476,-0.02948134797332509
1110111101100110,11101111,11101111_*_*,-0.027599435878513785,-0.032467600671124724,-0.03209713931304878,-0.0779661141364985
1110011010101001,11100110,11100110_*_*,0.028233471561062033,-0.007726735094813831,0.004075201712523362,-0.0062431974004814265
1110111010101010,11101110,11101110_*_*,0.006267152703975976,-0.016884926039254827,-0.014996290465780951,-0.0020085229075158828
1111011010100110,11110110,11110110_*_*,-0.045759295113829354,-0.02986831451315999,-0.025369328276249135,0.014494011748331427
1110011010100011,11100110,11100110_*_*,-0.03212124072994318,-0.04091821080666951,-0.037483732956761495,-0.020828821082370868
1101111010100101,11011110,11011110_*_*,-0.050769133342774,-0.020710123568718992,-0.009290079196685121,0.014574785777967144
1011111010100110,10111110,10111110_*_*,-0.010152914038277151,-0.02986831451315999,-0.025369328276249135,0.014494011748331427
1110111000101011,11101110,11101110_*_*,0.012612293844059916,0.0024912656371815205,0.011259281864844829,0.01828028132025484
1101111011101000,11011110,11011110_*_*,-0.07358593958780277,-0.029702212929214915,-0.04298241038053501,-0.08262761875261156
1100101000111010,11001010,11001010_*_*,-0.06277202036561033,-0.033775676451720804,-0.0334686031012517,-0.007882233515941669
1100111100111010,11001111,11001111_*_*,-0.055161877940670345,-0.033775676451720804,-0.0334686031012517,-0.007882233515941669
1101001110011010,11010011,11010011_*_*,-0.07550494170641969,-0.01263465503670681,-0.0162282488304966,-0.006821522690409142
1111101000111010,11111010,11111010_*_*,-0.08304081252230269,-0.033775676451720804,-0.0334686031012517,-0.007882233515941669
1111101010100110,11111010,11111010_*_*,-0.0313235939857468,-0.02986831451315999,-0.025369328276249135,0.014494011748331427
1111001010010110,11110010,11110010_*_*,-0.05151063145821151,-0.02561804351061197,-0.015139238695636777,-0.007022099495655633
1111101110101010,11111011,11111011_*_*,-0.0305624076518132,-0.016884926039254827,-0.014996290465780951,-0.0020085229075158828
1110101010100110,11101010,11101010_*_*,-0.0059596083466340165,-0.02986831451315999,-0.025369328276249135,0.014494011748331427
1001111011001010,10011110,10011110_*_*,-0.022769792031646755,0.0016568092177944305,0.0019940664016892262,0.0075907014696988745
1110111111100010,11101111,11101111_*_*,-0.061869692032560035,-0.06289368864107059,-0.06896834313814842,-0.06512634858233209
1001111011010010,10011110,10011110_*_*,-0.09952397028149486,-0.05864341763852258,-0.04305389268462864,-0.010544809861847767
1011111010101010,10111110,10111110_*_*,0.005631362845079686,-0.016884926039254827,-0.014996290465780951,-0.0020085229075158828
1011111000101011,10111110,10111110_*_*,0.022761949333362556,0.0024912656371815205,0.011259281864844829,0.01828028132025484
1111011110001110,11110111,11110111_*_*,0.01985900763316835,0.03468218334570504,0.021903723018872175,0.03866003472174159
1111101110100110,11111011,11111011_*_*,-0.0340836219471523,-0.02986831451315999,-0.025369328276249135,0.014494011748331427
1100110000111010,11001100,11001100_*_1,-0.0396775711880589,-0.033775676451720804,-0.0334686031012517,-0.007882233515941669
1101101010110010,11011010,11011010_*_*,-0.13867563137603234,-0.07718515289557183,-0.07002934255031523,-0.04610756977214506
1111001110101100,11110011,11110011_*_*,-0.0066497997390313306,0.00332316119869569,0.007067230700288257,-0.0001097539427375031
1101101110101100,11011011,11011011_*_*,-0.02901116138852375,0.00332316119869569,0.007067230700288257,-0.0001097539427375031
1111101001101010,11111010,11111010_*_*,-0.03399550038700944,-0.019484212197219564,-0.01153285248280531,0.02813059474687077
1101000010101010,11010000,11010000_*_1,-0.07337938099116058,-0.016884926039254827,-0.014996290465780951,-0.0020085229075158828
1101001110100011,11010011,11010011_*_*,-0.10309012418923344,-0.04091821080666951,-0.037483732956761495,-0.020828821082370868
1101110011000110,11011100,11011100_*_1,-0.07150462158986622,-0.01132657925611073,-0.0061363831440546445,0.011205845264358395
1111001110110010,11110011,11110011_*_*,-0.10797093102284877,-0.07718515289557183,-0.07002934255031523,-0.04610756977214506
1101011010101100,11010110,11010110_*_*,-0.023934601494514502,0.00332316119869569,0.007067230700288257,-0.0001097539427375031
1110101011100010,11101010,11101010_*_*,-0.044323585948452454,-0.06289368864107059,-0.06896834313814842,-0.06512634858233209
1100101010101100,11001010,11001010_*_*,0.014308912600886022,0.00332316119869569,0.007067230700288257,-0.0001097539427375031
1111101000011110,11111010,11111010_*_*,-0.04832358821399621,0.01779143293323906,0.000273679884746858,-0.010706905408508646
1100101001101010,11001010,11001010_*_*,-0.03560915606801645,-0.019484212197219564,-0.01153285248280531,0.02813059474687077
1101111101001011,11011111,11011111_*_*,-0.016401072586270653,0.021033000894230776,0.02684027757627914,0.04015751353281349
1101111000111010,11011110,11011110_*_*,-0.07664262945515084,-0.033775676451720804,-0.0334686031012517,-0.007882233515941669
1111011110100110,11110111,11110111_*_*,-0.04851932307523485,-0.02986831451315999,-0.025369328276249135,0.014494011748331427
1111011010011010,11110110,11110110_*_*,-0.03462927170606591,-0.01263465503670681,-0.0162282488304966,-0.006821522690409142
1111101001011010,11111010,11111010_*_*,-0.05507755751416327,-0.01523394119467155,-0.005138331450267871,0.019492957862062038
1111101001100011,11111010,11111010_*_*,-0.07774026733237598,-0.04351749696463425,-0.04565488724169594,0.001103423376601634
1111110010100110,11111100,11111100_*_1,-0.0395715890920624,-0.02986831451315999,-0.025369328276249135,0.014494011748331427
1111101010100011,11111010,11111010_*_*,-0.04708226018363072,-0.04091821080666951,-0.037483732956761495,-0.020828821082370868
1111110010001011,11111100,11111100_*_1,-0.003684820060889247,0.023632287052195514,0.020036057200677523,0.04542718200591453
1111001110011100,11110011,11110011_*_*,-0.004912757124469744,0.007573432201243711,0.0031849773606618514,0.017175146992966375
1111001010011010,11110010,11110010_*_*,-0.04323163861745517,-0.01263465503670681,-0.0162282488304966,-0.006821522690409142
1101110011100010,11011100,11011100_*_1,-0.12467753163008363,-0.06289368864107059,-0.06896834313814842,-0.06512634858233209
1111001000111010,11110010,11110010_*_*,-0.07266078063166209,-0.033775676451720804,-0.0334686031012517,-0.007882233515941669
1100111101101010,11001111,11001111_*_*,-0.04215515050974108,-0.019484212197219564,-0.01153285248280531,0.02813059474687077
1011111010011010,10111110,10111110_*_*,-0.009949811833339548,-0.01263465503670681,-0.0162282488304966,-0.006821522690409142
1111001000101110,11110010,11110010_*_*,-0.018117999889688232,0.013541161930691041,0.009563519725116853,0.01978899316030434
1100110000101110,11001100,11001100_*_1,-0.01089522836038437,0.013541161930691041,0.009563519725116853,0.01978899316030434
1111101110001011,11111011,11111011_*_*,0.016250935326278478,0.023632287052195514,0.020036057200677523,0.04542718200591453
1111110010010011,11111100,11111100_*_1,-0.06959608492450192,-0.03666793980412149,-0.03018219994482224,-0.01590472138766695
1101101100111010,11011011,11011011_*_*,-0.1023542496080834,-0.033775676451720804,-0.0334686031012517,-0.007882233515941669
1101001011001010,11010010,11010010_*_*,-0.058903505840010084,0.0016568092177944305,0.0019940664016892262,0.0075907014696988745
1101101010101010,11011010,11011010_*_*,-0.05587685225031269,-0.016884926039254827,-0.014996290465780951,-0.0020085229075158828
1110101101101010,11101011,11101011_*_*,-0.0289064111373344,-0.019484212197219564,-0.01153285248280531,0.02813059474687077
1101000010110010,11010000,11010000_*_1,-0.1290096680105817,-0.07718515289557183,-0.07002934255031523,-0.04610756977214506
1101011010010110,11010110,11010110_*_*,-0.07484259546588978,-0.02561804351061197,-0.015139238695636777,-0.007022099495655633
1110011010001110,11100110,11100110_*_*,0.031337141871164154,0.03468218334570504,0.021903723018872175,0.03866003472174159
1101011010001011,11010110,11010110_*_*,-0.037676216549392724,0.023632287052195514,0.020036057200677523,0.04542718200591453
1101110000101110,11011100,11011100_*_1,-0.026262134107861677,0.013541161930691041,0.009563519725116853,0.01978899316030434
1110101110111000,11101011,11101011_*_*,-0.03722430917136521,-0.043993677183716155,-0.04435995758663089,-0.032807267581286714
1101101010010011,11011010,11011010_*_*,-0.11070734743328595,-0.03666793980412149,-0.03018219994482224,-0.01590472138766695
1111100010011100,11111000,11111000_*_0,-0.01581106895795456,0.007573432201243711,0.0031849773606618514,0.017175146992966375
1101111110100011,11011111,11011111_*_*,-0.10813934537208826,-0.04091821080666951,-0.037483732956761495,-0.020828821082370868
1111101001101100,11111010,11111010_*_*,0.003405424290246769,0.0007238750407309522,-0.0012500546077323011,-0.003905718865288812
1110101010101010,11101010,11101010_*_*,0.008979461450649954,-0.016884926039254827,-0.014996290465780951,-0.0020085229075158828
1111001101100110,11110011,11110011_*_*,-0.06692203317446242,-0.032467600671124724,-0.03209713931304878,-0.0779661141364985
1111111100111010,11111111,11111111_*_*,-0.07543067009736272,-0.033775676451720804,-0.0334686031012517,-0.007882233515941669
1111001010101001,11110010,11110010_*_*,0.017576843439246405,-0.007726735094813831,0.004075201712523362,-0.0062431974004814265
1101101110000111,11011011,11011011_*_*,-0.04788677950486181,0.010648898578290357,-0.004590646633047354,0.03907413845384339
1101011010001110,11010110,11010110_*_*,-0.02545021907961567,0.03468218334570504,0.021903723018872175,0.03866003472174159
1111100010111000,11111000,11111000_*_0,-0.045145731747799914,-0.043993677183716155,-0.04435995758663089,-0.032807267581286714
1100111110110010,11001111,11001111_*_*,-0.10153703032336306,-0.07718515289557183,-0.07002934255031523,-0.04610756977214506
1100110001010011,11001100,11001100_*_1,-0.06858215653052063,-0.039267225962086226,-0.030726874832503588,-0.03636626839213039
1101001110101100,11010011,11010011_*_*,-0.043278033627011506,0.00332316119869569,0.007067230700288257,-0.0001097539427375031
1111001100100111,11110011,11110011_*_*,-0.05115364298389716,-0.010492122836723641,-0.02580125925337964,0.01063992557178497
1101101100101101,11011011,11011011_*_*,-0.014238677881376909,0.02269935287513204,0.020618827363608275,0.030549998451663295
1101111010110010,11011110,11011110_*_*,-0.1381434108131644,-0.07718515289557183,-0.07002934255031523,-0.04610756977214506
1111101110001110,11111011,11111011_*_*,0.022889799114991706,0.03468218334570504,0.021903723018872175,0.03866003472174159
1110011011100010,11100110,11100110_*_*,-0.07157169437523139,-0.06289368864107059,-0.06896834313814842,-0.06512634858233209
1101111000111100,11011110,11011110_*_*,-0.030100328764114958,-0.013567589213770288,-0.01428289333950408,0.022836791893986998
1111110010101010,11111100,11111100_*_1,-0.022152054621878282,-0.016884926039254827,-0.014996290465780951,-0.0020085229075158828
1111100010101100,11111000,11111000_*_0,0.011726446318808615,0.00332316119869569,0.007067230700288257,-0.0001097539427375031
1100111100011110,11001111,11001111_*_*,0.0014187870024885436,0.01779143293323906,0.000273679884746858,-0.010706905408508646
1101000010100110,11010000,11010000_*_1,-0.10230184579504598,-0.02986831451315999,-0.025369328276249135,0.014494011748331427
1101101110101010,11011011,11011011_*_*,-0.07058401015891387,-0.016884926039254827,-0.014996290465780951,-0.0020085229075158828
1111101110010110,11111011,11111011_*_*,-0.03490122787893696,-0.02561804351061197,-0.015139238695636777,-0.007022099495655633
1101001110000111,11010011,11010011_*_*,-0.05484760122352748,0.010648898578290357,-0.004590646633047354,0.03907413845384339
1110101101101001,11101011,11101011_*_*,-0.0107162374290714,-0.010326021252778568,-0.005685426843631991,0.03632142608006462
1101110010101010,11011100,11011100_*_1,-0.06217365712897896,-0.016884926039254827,-0.014996290465780951,-0.0020085229075158828
1111101010101010,11111010,11111010_*_*,-0.015855249743212015,-0.016884926039254827,-0.014996290465780951,-0.0020085229075158828
1101101011001100,11011010,11011010_*_*,-0.003983459037864711,0.02186489645574495,0.012504380706173065,0.03571268910376234
1101001110101010,11010011,11010011_*_*,-0.08450204276776949,-0.016884926039254827,-0.014996290465780951,-0.0020085229075158828
1101101100101110,11011011,11011011_*_*,-0.037112153517840356,0.013541161930691041,0.009563519725116853,0.01978899316030434
1101101010011010,11011010,11011010_*_*,-0.08002237857779253,-0.01263465503670681,-0.0162282488304966,-0.006821522690409142
1101001010101010,11010010,11010010_*_*,-0.0697948848591683,-0.016884926039254827,-0.014996290465780951,-0.0020085229075158828
1110111100101011,11101111,11101111_*_*,0.0033834054884304687,0.0024912656371815205,0.011259281864844829,0.01828028132025484
1110011000101110,11100110,11100110_*_*,0.016300605864753327,0.013541161930691041,0.009563519725116853,0.01978899316030434
1101001010110010,11010010,11010010_*_*,-0.14036245915406179,-0.07718515289557183,-0.07002934255031523,-0.04610756977214506
1111110010011010,11111100,11111100_*_1,-0.03599363386026178,-0.01263465503670681,-0.0162282488304966,-0.006821522690409142
1101001100011110,11010011,11010011_*_*,-0.03988007786746379,0.01779143293323906,0.000273679884746858,-0.010706905408508646
1100110010101010,11001100,11001100_*_1,-0.03733894593511701,-0.016884926039254827,-0.014996290465780951,-0.0020085229075158828
1101111110110100,11011111,11011111_*_*,-0.0869897490442953,-0.05697706565762132,-0.03200952452725467,-0.00435391741879217
1111111110001011,11111111,11111111_*_*,0.01241698327566429,0.023632287052195514,0.020036057200677523,0.04542718200591453
1111011100110110,11110111,11110111_*_*,-0.06627889241425709,-0.04675906492562597,-0.044813430250891476,-0.02948134797332509
1101101011100010,11011010,11011010_*_*,-0.11794190546001035,-0.06289368864107059,-0.06896834313814842,-0.06512634858233209
1100101001100110,11001010,11001010_*_*,-0.0606547317231582,-0.032467600671124724,-0.03209713931304878,-0.0779661141364985
1111101011000011,11111010,11111010_*_*,-0.036306094550445214,-0.022376475549620252,-0.02325755903062443,0.02020944278582946
1101111110101001,11011111,11011111_*_*,-0.06025231851533621,-0.007726735094813831,0.004075201712523362,-0.0062431974004814265
1101001110110010,11010011,11010011_*_*,-0.1442846489343727,-0.07718515289557183,-0.07002934255031523,-0.04610756977214506
1101001110100110,11010011,11010011_*_*,-0.09389083936923998,-0.02986831451315999,-0.025369328276249135,0.014494011748331427
1101101100110110,11011011,11011011_*_*,-0.10820401854907391,-0.04675906492562597,-0.044813430250891476,-0.02948134797332509
1100111111100010,11001111,11001111_*_*,-0.10751264952789452,-0.06289368864107059,-0.06896834313814842,-0.06512634858233209
1101111010100110,11011110,11011110_*_*,-0.07084903171796009,-0.02986831451315999,-0.025369328276249135,0.014494011748331427
1101110000110110,11011100,11011100_*_1,-0.0899571506823712,-0.04675906492562597,-0.044813430250891476,-0.02948134797332509
1101001100100111,11010011,11010011_*_*,-0.0725821453175441,-0.010492122836723641,-0.02580125925337964,0.01063992557178497
1101011010111000,11010110,11010110_*_*,-0.08391475207730834,-0.04399367718371615,-0.04435995758663089,-0.032807267581286714
