Name	site	mutation
Nxf1chren:2+G>A	2	G>A
Nxf1chren:3+G>A	3	G>A
Nxf1chren:4+G>A	4	G>A
Nxf1chren:5+C>T	5	C>T
Nxf1chren:5+C-.	5	C-.
Nxf1chren:6+T>C	6	T>C
Nxf1chren:6+T-.	6	T-.
Nxf1chren:7+C>A	7	C>A
Nxf1chren:7+C-.	7	C-.
Nxf1chren:7+C>T	7	C>T
Nxf1chren:8+C-.	8	C-.
Nxf1chren:8+C>T	8	C>T
Nxf1chren:8+C>G	8	C>G
Nxf1chren:9+A>G	9	A>G
Nxf1chren:9+A-.	9	A-.
Nxf1chren:10+A-.	10	A-.
Nxf1chren:10+A>C	10	A>C
Nxf1chren:11+C>T	11	C>T
Nxf1chren:11+C-.	11	C-.
Nxf1chren:12+C>T	12	C>T
Nxf1chren:13+C>T	13	C>T
Nxf1chren:14+C>T	14	C>T
Nxf1chren:15+A>T	15	A>T
Nxf1chren:15+A>G	15	A>G
Nxf1chren:15+A-.	15	A-.
Nxf1chren:16+T-.	16	T-.
Nxf1chren:16+T>C	16	T>C
Nxf1chren:17+T>A	17	T>A
Nxf1chren:17+T>C	17	T>C
Nxf1chren:18+C-.	18	C-.
Nxf1chren:18+C>T	18	C>T
Nxf1chren:19+C>T	19	C>T
Nxf1chren:19+C>A	19	C>A
Nxf1chren:19+C>G	19	C>G
Nxf1chren:19+C-.	19	C-.
Nxf1chren:20+C>A	20	C>A
Nxf1chren:20+C>T	20	C>T
Nxf1chren:20+C>G	20	C>G
Nxf1chren:20+C-.	20	C-.
Nxf1chren:21+T>G	21	T>G
Nxf1chren:21+T>A	21	T>A
Nxf1chren:21+T>C	21	T>C
Nxf1chren:21+T-.	21	T-.
Nxf1chren:22+C>G	22	C>G
Nxf1chren:22+C>T	22	C>T
Nxf1chren:22+C-.	22	C-.
Nxf1chren:22+C>A	22	C>A
Nxf1chren:23+C>T	23	C>T
Nxf1chren:23+C>A	23	C>A
Nxf1chren:23+C>G	23	C>G
Nxf1chren:24+T-.	24	T-.
Nxf1chren:24+T>C	24	T>C
Nxf1chren:24+T>G	24	T>G
Nxf1chren:24+T>A	24	T>A
Nxf1chren:25+C>G	25	C>G
Nxf1chren:25+C>A	25	C>A
Nxf1chren:25+C>T	25	C>T
Nxf1chren:25+C-.	25	C-.
Nxf1chren:26+C>A	26	C>A
Nxf1chren:26+C>T	26	C>T
Nxf1chren:26+C>G	26	C>G
Nxf1chren:26+C-.	26	C-.
Nxf1chren:27+C>G	27	C>G
Nxf1chren:27+C>T	27	C>T
Nxf1chren:27+C-.	27	C-.
Nxf1chren:27+C>A	27	C>A
Nxf1chren:28+G>C	28	G>C
Nxf1chren:28+G>T	28	G>T
Nxf1chren:28+G-.	28	G-.
Nxf1chren:28+G>A	28	G>A
Nxf1chren:29+G>T	29	G>T
Nxf1chren:29+G>A	29	G>A
Nxf1chren:29+G>C	29	G>C
Nxf1chren:29+G-.	29	G-.
Nxf1chren:30+G>C	30	G>C
Nxf1chren:30+G>A	30	G>A
Nxf1chren:30+G>T	30	G>T
Nxf1chren:31+G>T	31	G>T
Nxf1chren:31+G-.	31	G-.
Nxf1chren:31+G>A	31	G>A
Nxf1chren:31+G>C	31	G>C
Nxf1chren:32+C>T	32	C>T
Nxf1chren:32+C>G	32	C>G
Nxf1chren:32+C>A	32	C>A
Nxf1chren:32+C-.	32	C-.
Nxf1chren:33+T>G	33	T>G
Nxf1chren:33+T>C	33	T>C
Nxf1chren:33+T>A	33	T>A
Nxf1chren:33+T-.	33	T-.
Nxf1chren:34+G>C	34	G>C
Nxf1chren:34+G>A	34	G>A
Nxf1chren:34+G>T	34	G>T
Nxf1chren:35+C>G	35	C>G
Nxf1chren:35+C>A	35	C>A
Nxf1chren:35+C>T	35	C>T
Nxf1chren:35+C-.	35	C-.
Nxf1chren:36+A>C	36	A>C
Nxf1chren:36+A>G	36	A>G
Nxf1chren:36+A-.	36	A-.
Nxf1chren:36+A>T	36	A>T
Nxf1chren:37+C>G	37	C>G
Nxf1chren:37+C>T	37	C>T
Nxf1chren:37+C>A	37	C>A
Nxf1chren:38+A>C	38	A>C
Nxf1chren:38+A-.	38	A-.
Nxf1chren:38+A>G	38	A>G
Nxf1chren:38+A>T	38	A>T
Nxf1chren:39+G>A	39	G>A
Nxf1chren:39+G-.	39	G-.
Nxf1chren:39+G>T	39	G>T
Nxf1chren:39+G>C	39	G>C
Nxf1chren:40+G>T	40	G>T
Nxf1chren:40+G>A	40	G>A
Nxf1chren:40+G>C	40	G>C
Nxf1chren:40+G-.	40	G-.
Nxf1chren:41+T>C	41	T>C
Nxf1chren:41+T>G	41	T>G
Nxf1chren:41+T-.	41	T-.
Nxf1chren:41+T>A	41	T>A
Nxf1chren:42+G-.	42	G-.
Nxf1chren:42+G>C	42	G>C
Nxf1chren:42+G>T	42	G>T
Nxf1chren:42+G>A	42	G>A
Nxf1chren:43+A>T	43	A>T
Nxf1chren:43+A-.	43	A-.
Nxf1chren:43+A>C	43	A>C
Nxf1chren:43+A>G	43	A>G
Nxf1chren:44+G>T	44	G>T
Nxf1chren:44+G>A	44	G>A
Nxf1chren:44+G>C	44	G>C
Nxf1chren:44+G-.	44	G-.
Nxf1chren:45+T-.	45	T-.
Nxf1chren:45+T>A	45	T>A
Nxf1chren:45+T>C	45	T>C
Nxf1chren:45+T>G	45	T>G
Nxf1chren:46+A>G	46	A>G
Nxf1chren:46+A-.	46	A-.
Nxf1chren:46+A>T	46	A>T
Nxf1chren:46+A>C	46	A>C
Nxf1chren:47+G>T	47	G>T
Nxf1chren:47+G>C	47	G>C
Nxf1chren:47+G>A	47	G>A
Nxf1chren:47+G-.	47	G-.
Nxf1chren:48+G-.	48	G-.
Nxf1chren:48+G>C	48	G>C
Nxf1chren:48+G>T	48	G>T
Nxf1chren:48+G>A	48	G>A
Nxf1chren:49+T-.	49	T-.
Nxf1chren:49+T>G	49	T>G
Nxf1chren:49+T>A	49	T>A
Nxf1chren:49+T>C	49	T>C
Nxf1chren:50+G>C	50	G>C
Nxf1chren:50+G>A	50	G>A
Nxf1chren:50+G-.	50	G-.
Nxf1chren:50+G>T	50	G>T
Nxf1chren:51+G>T	51	G>T
Nxf1chren:51+G>A	51	G>A
Nxf1chren:51+G>C	51	G>C
Nxf1chren:52+A>G	52	A>G
Nxf1chren:52+A>T	52	A>T
Nxf1chren:52+A-.	52	A-.
Nxf1chren:52+A>C	52	A>C
Nxf1chren:53+A>C	53	A>C
Nxf1chren:53+A>T	53	A>T
Nxf1chren:53+A>G	53	A>G
Nxf1chren:54+G>T	54	G>T
Nxf1chren:54+G>A	54	G>A
Nxf1chren:54+G>C	54	G>C
Nxf1chren:54+G-.	54	G-.
Nxf1chren:55+G>T	55	G>T
Nxf1chren:55+G>A	55	G>A
Nxf1chren:55+G>C	55	G>C
Nxf1chren:56+T>C	56	T>C
Nxf1chren:56+T-.	56	T-.
Nxf1chren:56+T>A	56	T>A
Nxf1chren:56+T>G	56	T>G
Nxf1chren:57+A>C	57	A>C
Nxf1chren:57+A>T	57	A>T
Nxf1chren:57+A>G	57	A>G
Nxf1chren:57+A-.	57	A-.
Nxf1chren:58+A>T	58	A>T
Nxf1chren:58+A>C	58	A>C
Nxf1chren:58+A>G	58	A>G
Nxf1chren:58+A-.	58	A-.
Nxf1chren:59+G>C	59	G>C
Nxf1chren:59+G>T	59	G>T
Nxf1chren:59+G>A	59	G>A
Nxf1chren:59+G-.	59	G-.
Nxf1chren:60+G-.	60	G-.
Nxf1chren:60+G>C	60	G>C
Nxf1chren:60+G>T	60	G>T
Nxf1chren:60+G>A	60	G>A
Nxf1chren:61+G>C	61	G>C
Nxf1chren:61+G>A	61	G>A
Nxf1chren:61+G>T	61	G>T
Nxf1chren:62+G>C	62	G>C
Nxf1chren:62+G>T	62	G>T
Nxf1chren:62+G>A	62	G>A
Nxf1chren:63+G>T	63	G>T
Nxf1chren:63+G>C	63	G>C
Nxf1chren:63+G>A	63	G>A
Nxf1chren:64+G>T	64	G>T
Nxf1chren:64+G>A	64	G>A
Nxf1chren:64+G>C	64	G>C
Nxf1chren:65+C>G	65	C>G
Nxf1chren:65+C-.	65	C-.
Nxf1chren:65+C>T	65	C>T
Nxf1chren:65+C>A	65	C>A
Nxf1chren:66+A>C	66	A>C
Nxf1chren:66+A>G	66	A>G
Nxf1chren:66+A>T	66	A>T
Nxf1chren:66+A-.	66	A-.
Nxf1chren:67+A>C	67	A>C
Nxf1chren:67+A>T	67	A>T
Nxf1chren:67+A>G	67	A>G
Nxf1chren:68+G>C	68	G>C
Nxf1chren:68+G-.	68	G-.
Nxf1chren:68+G>A	68	G>A
Nxf1chren:68+G>T	68	G>T
Nxf1chren:69+G>A	69	G>A
Nxf1chren:69+G>T	69	G>T
Nxf1chren:69+G>C	69	G>C
Nxf1chren:70+T>G	70	T>G
Nxf1chren:70+T>C	70	T>C
Nxf1chren:70+T>A	70	T>A
Nxf1chren:70+T-.	70	T-.
Nxf1chren:71-G>T	71	G>T
Nxf1chren:71-G-.	71	G-.
Nxf1chren:71-G>A	71	G>A
Nxf1chren:71-G>C	71	G>C
Nxf1chren:72-G>C	72	G>C
Nxf1chren:72-G>T	72	G>T
Nxf1chren:72-G>A	72	G>A
Nxf1chren:72-G-.	72	G-.
Nxf1chren:73-G>C	73	G>C
Nxf1chren:73-G>A	73	G>A
Nxf1chren:73-G>T	73	G>T
Nxf1chren:74-G>C	74	G>C
Nxf1chren:74-G>T	74	G>T
Nxf1chren:74-G>A	74	G>A
Nxf1chren:75-A>C	75	A>C
Nxf1chren:75-A>T	75	A>T
Nxf1chren:75-A>G	75	A>G
Nxf1chren:75-A-.	75	A-.
Nxf1chren:76-A>T	76	A>T
Nxf1chren:76-A>C	76	A>C
Nxf1chren:76-A>G	76	A>G
Nxf1chren:77-G>T	77	G>T
Nxf1chren:77-G>C	77	G>C
Nxf1chren:77-G-.	77	G-.
Nxf1chren:77-G>A	77	G>A
Nxf1chren:78-G>C	78	G>C
Nxf1chren:78-G>T	78	G>T
Nxf1chren:78-G>A	78	G>A
Nxf1chren:79-C>A	79	C>A
Nxf1chren:79-C>G	79	C>G
Nxf1chren:79-C>T	79	C>T
Nxf1chren:80-A-.	80	A-.
Nxf1chren:80-A>T	80	A>T
Nxf1chren:80-A>G	80	A>G
Nxf1chren:80-A>C	80	A>C
Nxf1chren:81-G>T	81	G>T
Nxf1chren:81-G>A	81	G>A
Nxf1chren:81-G>C	81	G>C
Nxf1chren:81-G-.	81	G-.
Nxf1chren:82-C>G	82	C>G
Nxf1chren:82-C>T	82	C>T
Nxf1chren:82-C-.	82	C-.
Nxf1chren:82-C>A	82	C>A
Nxf1chren:83-C>G	83	C>G
Nxf1chren:83-C>T	83	C>T
Nxf1chren:83-C>A	83	C>A
Nxf1chren:84-C>G	84	C>G
Nxf1chren:84-C>T	84	C>T
Nxf1chren:84-C>A	84	C>A
Nxf1chren:85-T>C	85	T>C
Nxf1chren:85-T>A	85	T>A
Nxf1chren:85-T>G	85	T>G
Nxf1chren:85-T-.	85	T-.
Nxf1chren:86-A>T	86	A>T
Nxf1chren:86-A>C	86	A>C
Nxf1chren:86-A>G	86	A>G
Nxf1chren:86-A-.	86	A-.
Nxf1chren:87-G>A	87	G>A
Nxf1chren:87-G>T	87	G>T
Nxf1chren:87-G>C	87	G>C
Nxf1chren:88-G>T	88	G>T
Nxf1chren:88-G>A	88	G>A
Nxf1chren:88-G>C	88	G>C
Nxf1chren:89-C>A	89	C>A
Nxf1chren:89-C>T	89	C>T
Nxf1chren:89-C>G	89	C>G
Nxf1chren:90-T>A	90	T>A
Nxf1chren:90-T>C	90	T>C
Nxf1chren:90-T>G	90	T>G
Nxf1chren:90-T-.	90	T-.
Nxf1chren:91-T>G	91	T>G
Nxf1chren:91-T>C	91	T>C
Nxf1chren:91-T>A	91	T>A
Nxf1chren:91-T-.	91	T-.
Nxf1chren:92-A>T	92	A>T
Nxf1chren:92-A>G	92	A>G
Nxf1chren:92-A-.	92	A-.
Nxf1chren:92-A>C	92	A>C
Nxf1chren:93-A-.	93	A-.
Nxf1chren:93-A>C	93	A>C
Nxf1chren:93-A>G	93	A>G
Nxf1chren:93-A>T	93	A>T
Nxf1chren:94-A>G	94	A>G
Nxf1chren:94-A>T	94	A>T
Nxf1chren:94-A>C	94	A>C
Nxf1chren:95-G>T	95	G>T
Nxf1chren:95-G>A	95	G>A
Nxf1chren:95-G>C	95	G>C
Nxf1chren:96-C>G	96	C>G
Nxf1chren:96-C>A	96	C>A
Nxf1chren:96-C>T	96	C>T
Nxf1chren:96-C-.	96	C-.
Nxf1chren:97-C>A	97	C>A
Nxf1chren:97-C>T	97	C>T
Nxf1chren:97-C>G	97	C>G
Nxf1chren:98-T>G	98	T>G
Nxf1chren:98-T>C	98	T>C
Nxf1chren:98-T>A	98	T>A
Nxf1chren:98-T-.	98	T-.
Nxf1chren:99-G>T	99	G>T
Nxf1chren:99-G>A	99	G>A
Nxf1chren:99-G>C	99	G>C
Nxf1chren:99-G-.	99	G-.
Nxf1chren:100-G>C	100	G>C
Nxf1chren:100-G>A	100	G>A
Nxf1chren:100-G>T	100	G>T
Nxf1chren:100-G-.	100	G-.
Nxf1chren:101-G>A	101	G>A
Nxf1chren:101-G>C	101	G>C
Nxf1chren:101-G>T	101	G>T
Nxf1chren:102-C>G	102	C>G
Nxf1chren:102-C>A	102	C>A
Nxf1chren:102-C>T	102	C>T
Nxf1chren:103-T>G	103	T>G
Nxf1chren:103-T>A	103	T>A
Nxf1chren:103-T>C	103	T>C
Nxf1chren:104-G>A	104	G>A
Nxf1chren:104-G-.	104	G-.
Nxf1chren:104-G>T	104	G>T
Nxf1chren:105-A-.	105	A-.
Nxf1chren:105-A>T	105	A>T
Nxf1chren:105-A>G	105	A>G
Nxf1chren:105-A>C	105	A>C
Nxf1chren:106-G>T	106	G>T
Nxf1chren:106-G>A	106	G>A
Nxf1chren:106-G>C	106	G>C
Nxf1chren:107-A>T	107	A>T
Nxf1chren:107-A>G	107	A>G
Nxf1chren:107-A>C	107	A>C
Nxf1chren:108-G>C	108	G>C
Nxf1chren:108-G>A	108	G>A
Nxf1chren:108-G>T	108	G>T
Nxf1chren:108-G-.	108	G-.
Nxf1chren:109-T>C	109	T>C
Nxf1chren:109-T>A	109	T>A
Nxf1chren:109-T>G	109	T>G
Nxf1chren:109-T-.	109	T-.
Nxf1chren:110-G>C	110	G>C
Nxf1chren:110-G>T	110	G>T
Nxf1chren:110-G>A	110	G>A
Nxf1chren:111-C>T	111	C>T
Nxf1chren:111-C-.	111	C-.
Nxf1chren:111-C>A	111	C>A
Nxf1chren:111-C>G	111	C>G
Nxf1chren:112-C-.	112	C-.
Nxf1chren:112-C>T	112	C>T
Nxf1chren:112-C>A	112	C>A
Nxf1chren:112-C>G	112	C>G
Nxf1chren:113-C>T	113	C>T
Nxf1chren:113-C-.	113	C-.
Nxf1chren:113-C>A	113	C>A
Nxf1chren:113-C>G	113	C>G
Nxf1chren:114-T>C	114	T>C
Nxf1chren:114-T>A	114	T>A
Nxf1chren:114-T>G	114	T>G
Nxf1chren:114-T-.	114	T-.
Nxf1chren:115-C>T	115	C>T
Nxf1chren:115-C>A	115	C>A
Nxf1chren:115-C>G	115	C>G
Nxf1chren:115-C-.	115	C-.
Nxf1chren:116-C>G	116	C>G
Nxf1chren:116-C>T	116	C>T
Nxf1chren:116-C>A	116	C>A
Nxf1chren:117-T>C	117	T>C
Nxf1chren:117-T>A	117	T>A
Nxf1chren:117-T>G	117	T>G
Nxf1chren:117-T-.	117	T-.
Nxf1chren:118-G>C	118	G>C
Nxf1chren:118-G>A	118	G>A
Nxf1chren:118-G>T	118	G>T
Nxf1chren:118-G-.	118	G-.
Nxf1chren:119-T>A	119	T>A
Nxf1chren:119-T>C	119	T>C
Nxf1chren:119-T>G	119	T>G
Nxf1chren:120-G>C	120	G>C
Nxf1chren:120-G>T	120	G>T
Nxf1chren:120-G>A	120	G>A
Nxf1chren:120-G-.	120	G-.
Nxf1chren:121-G-.	121	G-.
Nxf1chren:121-G>C	121	G>C
Nxf1chren:121-G>A	121	G>A
Nxf1chren:121-G>T	121	G>T
Nxf1chren:122-C>A	122	C>A
Nxf1chren:122-C>T	122	C>T
Nxf1chren:122-C-.	122	C-.
Nxf1chren:122-C>G	122	C>G
Nxf1chren:123-A>C	123	A>C
Nxf1chren:123-A>G	123	A>G
Nxf1chren:123-A>T	123	A>T
Nxf1chren:123-A-.	123	A-.
Nxf1chren:124-C>A	124	C>A
Nxf1chren:124-C>G	124	C>G
Nxf1chren:124-C>T	124	C>T
Nxf1chren:125-T>C	125	T>C
Nxf1chren:125-T>A	125	T>A
Nxf1chren:125-T>G	125	T>G
Nxf1chren:126-C>A	126	C>A
Nxf1chren:126-C>T	126	C>T
Nxf1chren:126-C>G	126	C>G
Nxf1chren:126-C-.	126	C-.
Nxf1chren:127-G>C	127	G>C
Nxf1chren:127-G>T	127	G>T
Nxf1chren:127-G>A	127	G>A
Nxf1chren:127-G-.	127	G-.
Nxf1chren:128-G>T	128	G>T
Nxf1chren:128-G>C	128	G>C
Nxf1chren:128-G>A	128	G>A
Nxf1chren:129-G>T	129	G>T
Nxf1chren:129-G>A	129	G>A
Nxf1chren:129-G>C	129	G>C
Nxf1chren:130-A>T	130	A>T
Nxf1chren:130-A>C	130	A>C
Nxf1chren:130-A>G	130	A>G
Nxf1chren:130-A-.	130	A-.
Nxf1chren:131-T>A	131	T>A
Nxf1chren:131-T>C	131	T>C
Nxf1chren:131-T>G	131	T>G
Nxf1chren:132-C>G	132	C>G
Nxf1chren:132-C>T	132	C>T
Nxf1chren:132-C>A	132	C>A
Nxf1chren:132-C-.	132	C-.
Nxf1chren:133-A>C	133	A>C
Nxf1chren:133-A-.	133	A-.
Nxf1chren:133-A>T	133	A>T
Nxf1chren:133-A>G	133	A>G
Nxf1chren:134-G>T	134	G>T
Nxf1chren:134-G-.	134	G-.
Nxf1chren:134-G>A	134	G>A
Nxf1chren:134-G>C	134	G>C
Nxf1chren:135-G>A	135	G>A
Nxf1chren:135-G>C	135	G>C
Nxf1chren:135-G>T	135	G>T
Nxf1chren:136-C>T	136	C>T
Nxf1chren:136-C>G	136	C>G
Nxf1chren:136-C>A	136	C>A
Nxf1chren:136-C-.	136	C-.
Nxf1chren:137-A>T	137	A>T
Nxf1chren:137-A-.	137	A-.
Nxf1chren:137-A>C	137	A>C
Nxf1chren:137-A>G	137	A>G
Nxf1chren:138-G>A	138	G>A
Nxf1chren:138-G>T	138	G>T
Nxf1chren:138-G>C	138	G>C
Nxf1chren:138-G-.	138	G-.
Nxf1chren:139-C-.	139	C-.
Nxf1chren:139-C>T	139	C>T
Nxf1chren:139-C>G	139	C>G
Nxf1chren:139-C>A	139	C>A
Nxf1chren:140-A>G	140	A>G
Nxf1chren:140-A>C	140	A>C
Nxf1chren:140-A>T	140	A>T
Nxf1chren:140-A-.	140	A-.
Nxf1chren:141-A-.	141	A-.
Nxf1chren:141-A>C	141	A>C
Nxf1chren:141-A>G	141	A>G
Nxf1chren:141-A>T	141	A>T
Nxf1chren:142-G>T	142	G>T
Nxf1chren:142-G>A	142	G>A
Nxf1chren:142-G>C	142	G>C
Nxf1chren:142-G-.	142	G-.
Nxf1chren:143-A>T	143	A>T
Nxf1chren:143-A>C	143	A>C
Nxf1chren:143-A>G	143	A>G
Nxf1chren:143-A-.	143	A-.
Nxf1chren:144-C>T	144	C>T
Nxf1chren:144-C>A	144	C>A
Nxf1chren:145-A>T	145	A>T
Nxf1chren:145-A>G	145	A>G
Nxf1chren:146-A>G	146	A>G
Nxf1chren:154-A-.	154	A-.
Nxf1chren:158-T>C	158	T>C
Nxf1chren:WT	All	
