class_id,model,direction,fraction_positive_both,fraction_negative_both,fraction_opposite_signs,fraction_involving_tie,mean_smaller_directed_change
0,composition,-1,0.0,1.0,0.0,0.0,-0.1917906274722955
1,composition,-1,0.0,1.0,0.0,0.0,-0.6205987433302447
2,composition,-1,0.6666666666666666,0.3333333333333333,0.0,0.0,-0.02252080366709917
3,composition,-1,0.4444444444444444,0.3333333333333333,0.2222222222222222,0.0,-0.052397022924439735
4,composition,-1,0.25,0.5,0.25,0.0,-0.14091771851348261
5,composition,-1,0.1111111111111111,0.1111111111111111,0.7777777777777778,0.0,-0.17042320669197364
6,composition,-1,0.3333333333333333,0.6666666666666666,0.0,0.0,-0.0809795342661216
7,composition,-1,0.0,0.0,1.0,0.0,-0.0305443350868409
8,composition,-1,0.2222222222222222,0.3333333333333333,0.4444444444444444,0.0,-0.10069124679601413
9,composition,-1,0.0,0.375,0.625,0.0,-0.16605142004052498
10,composition,-1,0.4,0.4,0.2,0.0,-0.07009947663358355
11,composition,-1,0.8333333333333334,0.16666666666666666,0.0,0.0,0.11895476918213647
12,composition,-1,0.2857142857142857,0.2857142857142857,0.42857142857142855,0.0,-0.058730285069470076
13,composition,-1,0.5,0.5,0.0,0.0,-0.025668016285317452
14,composition,-1,0.8333333333333334,0.16666666666666666,0.0,0.0,0.03132583012157458
15,composition,-1,0.16666666666666666,0.8333333333333334,0.0,0.0,-0.21716919839416435
16,composition,-1,0.2,0.6,0.2,0.0,-0.16235644830260315
17,composition,-1,0.16666666666666666,0.3333333333333333,0.5,0.0,-0.14450992601894322
18,composition,-1,0.0,0.5,0.5,0.0,-0.18249110748609973
19,composition,-1,0.3333333333333333,0.6666666666666666,0.0,0.0,-0.13342404857228138
20,composition,-1,0.14285714285714285,0.7142857142857143,0.14285714285714285,0.0,-0.249519335740171
21,composition,-1,0.4230769230769231,0.3076923076923077,0.2692307692307692,0.0,-0.08007278271358977
22,composition,-1,0.32142857142857145,0.4642857142857143,0.21428571428571427,0.0,-0.2474114121551998
23,composition,-1,0.37037037037037035,0.37037037037037035,0.25925925925925924,0.0,-0.11132598596818813
24,composition,-1,1.0,0.0,0.0,0.0,0.22381977591801044
25,composition,-1,0.4444444444444444,0.3333333333333333,0.2222222222222222,0.0,-0.07460923544228554
26,composition,-1,0.21212121212121213,0.5151515151515151,0.2727272727272727,0.0,-0.2812328970101858
27,composition,-1,0.2727272727272727,0.45454545454545453,0.2727272727272727,0.0,-0.09545461347724048
28,composition,-1,0.7142857142857143,0.2857142857142857,0.0,0.0,0.03756379208749649
29,composition,-1,0.46153846153846156,0.3076923076923077,0.23076923076923078,0.0,-0.13710100838903855
30,composition,-1,0.4166666666666667,0.4583333333333333,0.125,0.0,-0.08408068184788593
31,composition,-1,0.5,0.35714285714285715,0.14285714285714285,0.0,-0.057013535884666636
32,composition,-1,0.25,0.5,0.25,0.0,-0.10601861547960163
33,composition,-1,0.3333333333333333,0.6666666666666666,0.0,0.0,-0.15063318297360223
34,composition,-1,0.3333333333333333,0.6666666666666666,0.0,0.0,-0.20139480773780538
35,composition,-1,0.0,1.0,0.0,0.0,-0.2434447250140004
36,composition,-1,0.25,0.375,0.375,0.0,-0.14253482397303216
37,composition,-1,0.5,0.35714285714285715,0.14285714285714285,0.0,-0.15135066826396937
38,composition,-1,0.3333333333333333,0.3333333333333333,0.3333333333333333,0.0,-0.002340664788781872
39,composition,-1,0.42857142857142855,0.5714285714285714,0.0,0.0,-0.16803945137406098
40,composition,-1,0.375,0.53125,0.09375,0.0,-0.17183640444808632
41,composition,-1,0.35,0.45,0.2,0.0,-0.11474827445328292
42,composition,-1,0.4444444444444444,0.5555555555555556,0.0,0.0,-0.20082575743404696
43,composition,-1,0.18181818181818182,0.5,0.3181818181818182,0.0,-0.24093383380260694
44,composition,-1,0.28,0.44,0.28,0.0,-0.1813777558945413
45,composition,-1,0.4444444444444444,0.3333333333333333,0.2222222222222222,0.0,-0.20889547363270627
46,composition,-1,0.0,0.2,0.8,0.0,-0.1757590714955736
47,composition,-1,0.42857142857142855,0.42857142857142855,0.14285714285714285,0.0,-0.15955204441914222
48,composition,-1,0.0,0.0,1.0,0.0,-0.2613174863005962
49,composition,-1,0.25,0.25,0.5,0.0,-0.19729129621371433
50,composition,-1,1.0,0.0,0.0,0.0,0.9368381975169608
51,composition,-1,0.5,0.5,0.0,0.0,-0.1515887076090832
52,composition,-1,0.2222222222222222,0.5555555555555556,0.2222222222222222,0.0,-0.33532447938917465
53,composition,-1,0.3181818181818182,0.45454545454545453,0.22727272727272727,0.0,-0.1574748562887414
54,composition,-1,0.16666666666666666,0.6666666666666666,0.16666666666666666,0.0,-0.29492683889861304
55,composition,-1,0.0,1.0,0.0,0.0,-0.3184859156201769
56,composition,-1,0.0,0.6666666666666666,0.3333333333333333,0.0,-0.16647870578913873
57,composition,-1,0.2857142857142857,0.42857142857142855,0.2857142857142857,0.0,-0.14489830797808953
58,composition,-1,0.25,0.25,0.5,0.0,-0.10839360947859507
59,composition,-1,0.5,0.25,0.25,0.0,-0.06502765863376862
0,composition,1,1.0,0.0,0.0,0.0,0.1134206794231555
1,composition,1,1.0,0.0,0.0,0.0,0.6163764418919547
2,composition,1,0.3333333333333333,0.6666666666666666,0.0,0.0,-0.07263740064429018
3,composition,1,0.3333333333333333,0.4444444444444444,0.2222222222222222,0.0,-0.016034069560296293
4,composition,1,0.5,0.25,0.25,0.0,-0.04984335548680383
5,composition,1,0.1111111111111111,0.1111111111111111,0.7777777777777778,0.0,-0.10289044227659945
6,composition,1,0.6666666666666666,0.3333333333333333,0.0,0.0,-0.014173275142486163
7,composition,1,0.0,0.0,1.0,0.0,-0.053383876313859
8,composition,1,0.3333333333333333,0.2222222222222222,0.4444444444444444,0.0,-0.05462361683023736
9,composition,1,0.375,0.0,0.625,0.0,0.08932866581882502
10,composition,1,0.4,0.4,0.2,0.0,-0.10855887404088556
11,composition,1,0.16666666666666666,0.8333333333333334,0.0,0.0,-0.2390589805783265
12,composition,1,0.2857142857142857,0.2857142857142857,0.42857142857142855,0.0,-0.07821012161022542
13,composition,1,0.5,0.5,0.0,0.0,-0.13704433481322856
14,composition,1,0.16666666666666666,0.8333333333333334,0.0,0.0,-0.3323193184353042
15,composition,1,0.8333333333333334,0.16666666666666666,0.0,0.0,0.11197230456636471
16,composition,1,0.6,0.2,0.2,0.0,0.02682711594470072
17,composition,1,0.3333333333333333,0.16666666666666666,0.5,0.0,-0.0864234626699565
18,composition,1,0.5,0.0,0.5,0.0,-0.030501089006098648
19,composition,1,0.6666666666666666,0.3333333333333333,0.0,0.0,-0.0217956285426795
20,composition,1,0.7142857142857143,0.14285714285714285,0.14285714285714285,0.0,0.12976514397660033
21,composition,1,0.3076923076923077,0.4230769230769231,0.2692307692307692,0.0,-0.0802321463360051
22,composition,1,0.4642857142857143,0.32142857142857145,0.21428571428571427,0.0,-0.01722681884078633
23,composition,1,0.37037037037037035,0.37037037037037035,0.25925925925925924,0.0,-0.09768559379570203
24,composition,1,0.0,1.0,0.0,0.0,-0.5522847750897775
25,composition,1,0.3333333333333333,0.4444444444444444,0.2222222222222222,0.0,-0.10318841801647534
26,composition,1,0.5151515151515151,0.21212121212121213,0.2727272727272727,0.0,0.03615247278391813
27,composition,1,0.45454545454545453,0.2727272727272727,0.2727272727272727,0.0,-0.06530321053445856
28,composition,1,0.2857142857142857,0.7142857142857143,0.0,0.0,-0.11927423350670073
29,composition,1,0.3076923076923077,0.46153846153846156,0.23076923076923078,0.0,-0.18057877603408967
30,composition,1,0.4583333333333333,0.4166666666666667,0.125,0.0,-0.07257278809833786
31,composition,1,0.35714285714285715,0.5,0.14285714285714285,0.0,-0.10767626374448357
32,composition,1,0.5,0.25,0.25,0.0,0.04463995049105174
33,composition,1,0.6666666666666666,0.3333333333333333,0.0,0.0,0.03444558351413343
34,composition,1,0.6666666666666666,0.3333333333333333,0.0,0.0,0.07636891127038814
35,composition,1,1.0,0.0,0.0,0.0,0.1431401349208047
36,composition,1,0.375,0.25,0.375,0.0,-0.01562930841180818
37,composition,1,0.35714285714285715,0.5,0.14285714285714285,0.0,-0.05537837028571324
38,composition,1,0.3333333333333333,0.3333333333333333,0.3333333333333333,0.0,-0.0054646034441615055
39,composition,1,0.5714285714285714,0.42857142857142855,0.0,0.0,0.00799332055152946
40,composition,1,0.53125,0.375,0.09375,0.0,0.02567729917846029
41,composition,1,0.45,0.35,0.2,0.0,-0.054594549860730625
42,composition,1,0.5555555555555556,0.4444444444444444,0.0,0.0,0.038262187942764536
43,composition,1,0.5,0.18181818181818182,0.3181818181818182,0.0,0.02216202054480046
44,composition,1,0.44,0.28,0.28,0.0,0.00036206807755428505
45,composition,1,0.3333333333333333,0.4444444444444444,0.2222222222222222,0.0,-0.07239600216212762
46,composition,1,0.2,0.0,0.8,0.0,-0.2049886206836447
47,composition,1,0.42857142857142855,0.42857142857142855,0.14285714285714285,0.0,0.02560302973888564
48,composition,1,0.0,0.0,1.0,0.0,-0.21398563026536435
49,composition,1,0.25,0.25,0.5,0.0,-0.32787717799426996
50,composition,1,0.0,1.0,0.0,0.0,-0.9536214591151476
51,composition,1,0.5,0.5,0.0,0.0,-0.08370957591123852
52,composition,1,0.5555555555555556,0.2222222222222222,0.2222222222222222,0.0,0.0819185665031588
53,composition,1,0.45454545454545453,0.3181818181818182,0.22727272727272727,0.0,-0.06549907917277403
54,composition,1,0.6666666666666666,0.16666666666666666,0.16666666666666666,0.0,0.08690142927962889
55,composition,1,1.0,0.0,0.0,0.0,0.0940078825639991
56,composition,1,0.6666666666666666,0.0,0.3333333333333333,0.0,0.06760976729081723
57,composition,1,0.42857142857142855,0.2857142857142857,0.2857142857142857,0.0,-0.06357533001988279
58,composition,1,0.25,0.25,0.5,0.0,-0.06763440043069882
59,composition,1,0.25,0.5,0.25,0.0,-0.1440253504334934
0,kmer123,-1,0.0,0.0,1.0,0.0,-0.0298426731312008
1,kmer123,-1,0.0,1.0,0.0,0.0,-0.1663402491748175
2,kmer123,-1,0.3333333333333333,0.3333333333333333,0.3333333333333333,0.0,-0.049864488840732135
3,kmer123,-1,0.4444444444444444,0.2222222222222222,0.3333333333333333,0.0,0.04252630470525473
4,kmer123,-1,0.375,0.25,0.375,0.0,-0.14146489016668437
5,kmer123,-1,0.2222222222222222,0.2222222222222222,0.5555555555555556,0.0,-0.1263403966966003
6,kmer123,-1,0.3333333333333333,0.3333333333333333,0.3333333333333333,0.0,-0.042013402853047034
7,kmer123,-1,0.0,1.0,0.0,0.0,-0.2026785515838013
8,kmer123,-1,0.3333333333333333,0.16666666666666666,0.5,0.0,0.006848789909816304
9,kmer123,-1,0.625,0.125,0.25,0.0,0.1408831594386959
10,kmer123,-1,0.8,0.2,0.0,0.0,0.23790421911428822
11,kmer123,-1,0.8333333333333334,0.16666666666666666,0.0,0.0,0.12214376575463821
12,kmer123,-1,0.2857142857142857,0.2857142857142857,0.42857142857142855,0.0,-0.058730285069470076
13,kmer123,-1,0.5,0.5,0.0,0.0,-0.025668016285317452
14,kmer123,-1,0.8333333333333334,0.16666666666666666,0.0,0.0,0.1442870687858857
15,kmer123,-1,0.5,0.3333333333333333,0.16666666666666666,0.0,-0.0735145352056617
16,kmer123,-1,0.5,0.3,0.2,0.0,0.028131398921659057
17,kmer123,-1,0.5,0.0,0.5,0.0,0.03620682277951969
18,kmer123,-1,0.5,0.5,0.0,0.0,-0.15430593819333546
19,kmer123,-1,0.6666666666666666,0.3333333333333333,0.0,0.0,0.01122005665682893
20,kmer123,-1,0.42857142857142855,0.2857142857142857,0.2857142857142857,0.0,0.028331569222690756
21,kmer123,-1,0.5769230769230769,0.23076923076923078,0.19230769230769232,0.0,0.049277176177913155
22,kmer123,-1,0.42857142857142855,0.25,0.32142857142857145,0.0,-0.11003402740309477
23,kmer123,-1,0.6296296296296297,0.18518518518518517,0.18518518518518517,0.0,0.08235846342526422
24,kmer123,-1,1.0,0.0,0.0,0.0,0.22381977591801044
25,kmer123,-1,0.4444444444444444,0.3333333333333333,0.2222222222222222,0.0,-0.041181855209320176
26,kmer123,-1,0.5757575757575758,0.24242424242424243,0.18181818181818182,0.0,0.07056708431650202
27,kmer123,-1,0.6818181818181818,0.09090909090909091,0.22727272727272727,0.0,0.19011451080938607
28,kmer123,-1,0.7142857142857143,0.2857142857142857,0.0,0.0,0.11825758541588398
29,kmer123,-1,0.5384615384615384,0.15384615384615385,0.3076923076923077,0.0,-0.061124454733757716
30,kmer123,-1,0.6666666666666666,0.25,0.08333333333333333,0.0,0.06446269198590487
31,kmer123,-1,0.5,0.42857142857142855,0.07142857142857142,0.0,0.020786548385009197
32,kmer123,-1,0.25,0.0,0.75,0.0,0.008266625283808626
33,kmer123,-1,0.6666666666666666,0.3333333333333333,0.0,0.0,0.0068829676106526945
34,kmer123,-1,0.3333333333333333,0.0,0.6666666666666666,0.0,0.020267569299264765
35,kmer123,-1,0.6666666666666666,0.3333333333333333,0.0,0.0,-0.02518629124634229
36,kmer123,-1,0.375,0.25,0.375,0.0,0.000443849818261538
37,kmer123,-1,0.7857142857142857,0.14285714285714285,0.07142857142857142,0.0,0.2096243869975811
38,kmer123,-1,0.3333333333333333,0.0,0.6666666666666666,0.0,0.12447560763541786
39,kmer123,-1,0.5714285714285714,0.42857142857142855,0.0,0.0,0.04388057876424762
40,kmer123,-1,0.75,0.1875,0.0625,0.0,0.1133331262836956
41,kmer123,-1,0.45,0.35,0.2,0.0,0.0034170007064023623
42,kmer123,-1,0.5555555555555556,0.4444444444444444,0.0,0.0,0.0338060291377374
43,kmer123,-1,0.7727272727272727,0.18181818181818182,0.045454545454545456,0.0,0.15878346697386958
44,kmer123,-1,0.6,0.16,0.24,0.0,0.04924528609275386
45,kmer123,-1,0.7222222222222222,0.2222222222222222,0.05555555555555555,0.0,0.16515121790773046
46,kmer123,-1,0.2,0.0,0.8,0.0,-0.08856158723176685
47,kmer123,-1,0.5714285714285714,0.07142857142857142,0.35714285714285715,0.0,0.08875745961251165
48,kmer123,-1,0.5,0.0,0.5,0.0,-0.04149730383321251
49,kmer123,-1,0.0,0.25,0.75,0.0,-0.46583245291834485
50,kmer123,-1,1.0,0.0,0.0,0.0,0.9368381975169608
51,kmer123,-1,0.5,0.5,0.0,0.0,-0.1957005419805387
52,kmer123,-1,0.4444444444444444,0.2222222222222222,0.3333333333333333,0.0,0.04598473834441091
53,kmer123,-1,0.5909090909090909,0.22727272727272727,0.18181818181818182,0.0,0.09892903946066868
54,kmer123,-1,0.5,0.3333333333333333,0.16666666666666666,0.0,-0.10634552322208861
55,kmer123,-1,1.0,0.0,0.0,0.0,0.17781536220135044
56,kmer123,-1,0.3333333333333333,0.3333333333333333,0.3333333333333333,0.0,-0.06368851053260963
57,kmer123,-1,0.5714285714285714,0.42857142857142855,0.0,0.0,0.07880592585788851
58,kmer123,-1,0.25,0.25,0.5,0.0,-0.0537333314358852
59,kmer123,-1,0.5,0.25,0.25,0.0,0.013994192043025724
0,kmer123,1,1.0,0.0,0.0,0.0,0.1134206794231555
1,kmer123,1,1.0,0.0,0.0,0.0,0.6163764418919547
2,kmer123,1,0.3333333333333333,0.3333333333333333,0.3333333333333333,0.0,-0.07013280097076151
3,kmer123,1,0.4444444444444444,0.3333333333333333,0.2222222222222222,0.0,-0.0033953337593507515
4,kmer123,1,0.5,0.375,0.125,0.0,-0.004766947975075611
5,kmer123,1,0.1111111111111111,0.3333333333333333,0.5555555555555556,0.0,-0.1551660256572403
6,kmer123,1,0.3333333333333333,0.3333333333333333,0.3333333333333333,0.0,0.06347314757587877
7,kmer123,1,0.0,0.0,1.0,0.0,-0.053383876313859
8,kmer123,1,0.6111111111111112,0.2777777777777778,0.1111111111111111,0.0,0.09333924513875225
9,kmer123,1,0.625,0.0,0.375,0.0,0.16067788642663225
10,kmer123,1,0.6,0.0,0.4,0.0,0.029710125888548284
11,kmer123,1,0.6666666666666666,0.16666666666666666,0.16666666666666666,0.0,0.0696870884341747
12,kmer123,1,0.42857142857142855,0.42857142857142855,0.14285714285714285,0.0,-0.03606735413978566
13,kmer123,1,0.75,0.25,0.0,0.0,0.14591114606737324
14,kmer123,1,0.6666666666666666,0.0,0.3333333333333333,0.0,-0.00902508005557374
15,kmer123,1,0.8333333333333334,0.16666666666666666,0.0,0.0,0.17122304680740688
16,kmer123,1,0.7,0.2,0.1,0.0,0.09448344306906409
17,kmer123,1,0.6666666666666666,0.16666666666666666,0.16666666666666666,0.0,-0.026458437147270836
18,kmer123,1,0.5,0.0,0.5,0.0,-0.030501089006098648
19,kmer123,1,0.6666666666666666,0.3333333333333333,0.0,0.0,0.013228642231231491
20,kmer123,1,0.7142857142857143,0.14285714285714285,0.14285714285714285,0.0,0.10849791858121298
21,kmer123,1,0.6153846153846154,0.15384615384615385,0.23076923076923078,0.0,0.07254404736324965
22,kmer123,1,0.7142857142857143,0.21428571428571427,0.07142857142857142,0.0,0.0578142380932582
23,kmer123,1,0.48148148148148145,0.18518518518518517,0.3333333333333333,0.0,0.02524639338938014
24,kmer123,1,0.5,0.5,0.0,0.0,-0.1678492819879329
25,kmer123,1,0.3333333333333333,0.3333333333333333,0.3333333333333333,0.0,-0.10494117857379415
26,kmer123,1,0.6363636363636364,0.18181818181818182,0.18181818181818182,0.0,0.1026032942539506
27,kmer123,1,0.6363636363636364,0.22727272727272727,0.13636363636363635,0.0,0.08097647482995396
28,kmer123,1,0.42857142857142855,0.2857142857142857,0.2857142857142857,0.0,0.02265549713524529
29,kmer123,1,0.46153846153846156,0.23076923076923078,0.3076923076923077,0.0,-0.13115347850143044
30,kmer123,1,0.625,0.20833333333333334,0.16666666666666666,0.0,0.0376948467988889
31,kmer123,1,0.5714285714285714,0.2857142857142857,0.14285714285714285,0.0,0.05548424813191943
32,kmer123,1,0.5,0.25,0.25,0.0,0.029397559576525945
33,kmer123,1,0.6666666666666666,0.3333333333333333,0.0,0.0,0.03444558351413343
34,kmer123,1,0.6666666666666666,0.3333333333333333,0.0,0.0,0.07636891127038814
35,kmer123,1,1.0,0.0,0.0,0.0,0.1431401349208047
36,kmer123,1,0.25,0.25,0.5,0.0,-0.041632345819102336
37,kmer123,1,0.6428571428571429,0.35714285714285715,0.0,0.0,0.07593228992429969
38,kmer123,1,1.0,0.0,0.0,0.0,0.28192463307931104
39,kmer123,1,0.5714285714285714,0.42857142857142855,0.0,0.0,0.025740889316840588
40,kmer123,1,0.65625,0.21875,0.125,0.0,0.09307094297995333
41,kmer123,1,0.55,0.3,0.15,0.0,0.03824827189286202
42,kmer123,1,0.4444444444444444,0.4444444444444444,0.1111111111111111,0.0,-0.039761187108176825
43,kmer123,1,0.5454545454545454,0.13636363636363635,0.3181818181818182,0.0,0.08258482654732414
44,kmer123,1,0.48,0.28,0.24,0.0,0.04336716014702739
45,kmer123,1,0.5,0.16666666666666666,0.3333333333333333,0.0,0.0684705009285926
46,kmer123,1,0.4,0.0,0.6,0.0,-0.023442177304320223
47,kmer123,1,0.5,0.2857142857142857,0.21428571428571427,0.0,0.06475990325694156
48,kmer123,1,0.0,0.0,1.0,0.0,-0.21398563026536435
49,kmer123,1,0.0,0.25,0.75,0.0,-0.41950144470146755
50,kmer123,1,0.0,1.0,0.0,0.0,-1.093140705292397
51,kmer123,1,0.75,0.25,0.0,0.0,0.0863501101153119
52,kmer123,1,0.6666666666666666,0.2222222222222222,0.1111111111111111,0.0,0.16288775755220758
53,kmer123,1,0.5,0.13636363636363635,0.36363636363636365,0.0,0.0650584214255805
54,kmer123,1,0.5,0.3333333333333333,0.16666666666666666,0.0,0.04834067918902552
55,kmer123,1,1.0,0.0,0.0,0.0,0.0940078825639991
56,kmer123,1,0.6666666666666666,0.0,0.3333333333333333,0.0,0.00328418690178367
57,kmer123,1,0.5714285714285714,0.14285714285714285,0.2857142857142857,0.0,0.03634469668891806
58,kmer123,1,0.25,0.25,0.5,0.0,-0.10347408358749546
59,kmer123,1,0.25,0.25,0.5,0.0,-0.11218123681699635
0,position_additive,-1,0.0,0.0,1.0,0.0,-0.0298426731312008
1,position_additive,-1,0.0,1.0,0.0,0.0,-0.1663402491748175
2,position_additive,-1,0.0,0.3333333333333333,0.6666666666666666,0.0,-0.0908445939947337
3,position_additive,-1,0.4444444444444444,0.2222222222222222,0.3333333333333333,0.0,0.02331054341408591
4,position_additive,-1,0.375,0.375,0.25,0.0,-0.08293680950073631
5,position_additive,-1,0.2222222222222222,0.2222222222222222,0.5555555555555556,0.0,-0.16698097419798544
6,position_additive,-1,0.3333333333333333,0.0,0.6666666666666666,0.0,0.0019310403868846003
7,position_additive,-1,0.0,1.0,0.0,0.0,-0.2026785515838013
8,position_additive,-1,0.5,0.16666666666666666,0.3333333333333333,0.0,-0.005041172659879299
9,position_additive,-1,0.375,0.375,0.25,0.0,-0.0677725614499316
10,position_additive,-1,0.8,0.2,0.0,0.0,0.16455100085808058
11,position_additive,-1,0.75,0.25,0.0,0.0,0.06931099770863973
12,position_additive,-1,0.2857142857142857,0.42857142857142855,0.2857142857142857,0.0,-0.06373325925117887
13,position_additive,-1,0.5,0.5,0.0,0.0,-0.1538684048214089
14,position_additive,-1,0.8333333333333334,0.16666666666666666,0.0,0.0,0.1442870687858857
15,position_additive,-1,0.5,0.3333333333333333,0.16666666666666666,0.0,-0.0735145352056617
16,position_additive,-1,0.3,0.5,0.2,0.0,-0.08897544815335863
17,position_additive,-1,0.5,0.0,0.5,0.0,0.03620682277951969
18,position_additive,-1,0.5,0.5,0.0,0.0,-0.16467244160936995
19,position_additive,-1,0.3333333333333333,0.6666666666666666,0.0,0.0,-0.1285422413152742
20,position_additive,-1,0.42857142857142855,0.42857142857142855,0.14285714285714285,0.0,0.05087761413327869
21,position_additive,-1,0.5,0.3076923076923077,0.19230769230769232,0.0,-0.017508707391478848
22,position_additive,-1,0.5357142857142857,0.2857142857142857,0.17857142857142858,0.0,-0.043927936860780434
23,position_additive,-1,0.2962962962962963,0.37037037037037035,0.3333333333333333,0.0,-0.15760744644666558
24,position_additive,-1,0.5,0.5,0.0,0.0,-0.11994869434126
25,position_additive,-1,0.5555555555555556,0.2222222222222222,0.2222222222222222,0.0,-0.03539658536041797
26,position_additive,-1,0.5454545454545454,0.21212121212121213,0.24242424242424243,0.0,0.047136700291599214
27,position_additive,-1,0.45454545454545453,0.22727272727272727,0.3181818181818182,0.0,0.057815917635893846
28,position_additive,-1,0.5714285714285714,0.42857142857142855,0.0,0.0,-0.016474190258293726
29,position_additive,-1,0.5384615384615384,0.15384615384615385,0.3076923076923077,0.0,-0.04637200193795009
30,position_additive,-1,0.5,0.25,0.25,0.0,-0.043759626738895115
31,position_additive,-1,0.42857142857142855,0.5,0.07142857142857142,0.0,-0.10694952109409087
32,position_additive,-1,0.25,0.0,0.75,0.0,0.008266625283808626
33,position_additive,-1,0.6666666666666666,0.3333333333333333,0.0,0.0,0.0068829676106526945
34,position_additive,-1,0.3333333333333333,0.3333333333333333,0.3333333333333333,0.0,-0.09062883622569018
35,position_additive,-1,0.6666666666666666,0.3333333333333333,0.0,0.0,-0.07067771136910221
36,position_additive,-1,0.375,0.25,0.375,0.0,-0.012383913342569379
37,position_additive,-1,0.5714285714285714,0.42857142857142855,0.0,0.0,-0.04911857965388412
38,position_additive,-1,0.0,0.6666666666666666,0.3333333333333333,0.0,-0.23951411008043635
39,position_additive,-1,0.5714285714285714,0.42857142857142855,0.0,0.0,-0.030657741399710642
40,position_additive,-1,0.75,0.21875,0.03125,0.0,0.07501740496774477
41,position_additive,-1,0.55,0.35,0.1,0.0,0.015396960441176158
42,position_additive,-1,0.4444444444444444,0.4444444444444444,0.1111111111111111,0.0,-0.03898353898880991
43,position_additive,-1,0.7272727272727273,0.2727272727272727,0.0,0.0,0.11614845281222222
44,position_additive,-1,0.6,0.16,0.24,0.0,0.037012148317735215
45,position_additive,-1,0.5555555555555556,0.3333333333333333,0.1111111111111111,0.0,0.09494028489145594
46,position_additive,-1,0.2,0.0,0.8,0.0,-0.07761544243793568
47,position_additive,-1,0.42857142857142855,0.14285714285714285,0.42857142857142855,0.0,0.03141267630723541
48,position_additive,-1,0.0,0.0,1.0,0.0,-0.3071234376560596
49,position_additive,-1,0.0,0.0,1.0,0.0,-0.35392865979084437
50,position_additive,-1,1.0,0.0,0.0,0.0,0.9368381975169608
51,position_additive,-1,0.25,0.75,0.0,0.0,-0.2643587214181258
52,position_additive,-1,0.4444444444444444,0.1111111111111111,0.4444444444444444,0.0,0.05238903369695218
53,position_additive,-1,0.5,0.3181818181818182,0.18181818181818182,0.0,-0.037161812876960416
54,position_additive,-1,0.3333333333333333,0.3333333333333333,0.3333333333333333,0.0,-0.1332301410567537
55,position_additive,-1,1.0,0.0,0.0,0.0,0.17781536220135044
56,position_additive,-1,0.3333333333333333,0.3333333333333333,0.3333333333333333,0.0,-0.045501524556405194
57,position_additive,-1,0.42857142857142855,0.14285714285714285,0.42857142857142855,0.0,0.027513033060341537
58,position_additive,-1,0.25,0.0,0.75,0.0,-0.09442882405559905
59,position_additive,-1,0.5,0.25,0.25,0.0,-0.03043111297059793
0,position_additive,1,1.0,0.0,0.0,0.0,0.1134206794231555
1,position_additive,1,1.0,0.0,0.0,0.0,0.6163764418919547
2,position_additive,1,0.3333333333333333,0.6666666666666666,0.0,0.0,-0.07263740064429018
3,position_additive,1,0.4444444444444444,0.3333333333333333,0.2222222222222222,0.0,0.05463603832563954
4,position_additive,1,0.625,0.375,0.0,0.0,0.09165675375260939
5,position_additive,1,0.2222222222222222,0.4444444444444444,0.3333333333333333,0.0,-0.2164463028457647
6,position_additive,1,0.6666666666666666,0.3333333333333333,0.0,0.0,0.07960330958131577
7,position_additive,1,0.0,0.0,1.0,0.0,-0.053383876313859
8,position_additive,1,0.5555555555555556,0.2222222222222222,0.2222222222222222,0.0,0.055056900710850926
9,position_additive,1,0.5,0.25,0.25,0.0,0.024441508037653867
10,position_additive,1,0.6,0.2,0.2,0.0,0.08002663893515347
11,position_additive,1,0.5833333333333334,0.16666666666666666,0.25,0.0,0.03880320900196552
12,position_additive,1,0.2857142857142857,0.42857142857142855,0.2857142857142857,0.0,-0.06506316816580464
13,position_additive,1,0.5,0.5,0.0,0.0,-0.1286754810531203
14,position_additive,1,0.6666666666666666,0.0,0.3333333333333333,0.0,-0.00902508005557374
15,position_additive,1,0.5,0.3333333333333333,0.16666666666666666,0.0,0.020379995187908506
16,position_additive,1,0.3,0.5,0.2,0.0,-0.055354515619278954
17,position_additive,1,0.6666666666666666,0.16666666666666666,0.16666666666666666,0.0,-0.026458437147270836
18,position_additive,1,0.5,0.0,0.5,0.0,0.004497502980104449
19,position_additive,1,0.3333333333333333,0.6666666666666666,0.0,0.0,-0.1073700063019268
20,position_additive,1,0.42857142857142855,0.2857142857142857,0.2857142857142857,0.0,0.03238788954685035
21,position_additive,1,0.6538461538461539,0.2692307692307692,0.07692307692307693,0.0,-0.0060565079248165446
22,position_additive,1,0.5,0.2857142857142857,0.21428571428571427,0.0,-0.084553389477108
23,position_additive,1,0.25925925925925924,0.3333333333333333,0.4074074074074074,0.0,-0.14626014243489208
24,position_additive,1,0.0,1.0,0.0,0.0,-0.5586467753269764
25,position_additive,1,0.4444444444444444,0.2222222222222222,0.3333333333333333,0.0,-0.048069820733059515
26,position_additive,1,0.5757575757575758,0.18181818181818182,0.24242424242424243,0.0,0.025964003752913446
27,position_additive,1,0.36363636363636365,0.45454545454545453,0.18181818181818182,0.0,-0.1184210790589416
28,position_additive,1,0.2857142857142857,0.5714285714285714,0.14285714285714285,0.0,-0.11615561271510698
29,position_additive,1,0.46153846153846156,0.15384615384615385,0.38461538461538464,0.0,-0.08748926903918079
30,position_additive,1,0.4583333333333333,0.3333333333333333,0.20833333333333334,0.0,-0.05785323875244153
31,position_additive,1,0.2857142857142857,0.42857142857142855,0.2857142857142857,0.0,-0.11109872410320916
32,position_additive,1,0.5,0.25,0.25,0.0,0.029397559576525945
33,position_additive,1,0.6666666666666666,0.3333333333333333,0.0,0.0,0.03444558351413343
34,position_additive,1,0.3333333333333333,0.3333333333333333,0.3333333333333333,0.0,-0.017296355630493292
35,position_additive,1,1.0,0.0,0.0,0.0,0.1431401349208047
36,position_additive,1,0.125,0.25,0.625,0.0,-0.10210095551531292
37,position_additive,1,0.5714285714285714,0.35714285714285715,0.07142857142857142,0.0,-0.04339067524114778
38,position_additive,1,0.3333333333333333,0.3333333333333333,0.3333333333333333,0.0,-0.0054646034441615055
39,position_additive,1,0.5714285714285714,0.42857142857142855,0.0,0.0,-0.0070684628141482264
40,position_additive,1,0.65625,0.25,0.09375,0.0,0.06819147620963555
41,position_additive,1,0.35,0.4,0.25,0.0,-0.151186540755754
42,position_additive,1,0.4444444444444444,0.5555555555555556,0.0,0.0,-0.08568796146444017
43,position_additive,1,0.5909090909090909,0.22727272727272727,0.18181818181818182,0.0,0.06240023870082716
44,position_additive,1,0.64,0.16,0.2,0.0,0.10218644545411629
45,position_additive,1,0.5,0.3333333333333333,0.16666666666666666,0.0,-0.07056887354125305
46,position_additive,1,0.4,0.0,0.6,0.0,-0.08309549377464903
47,position_additive,1,0.35714285714285715,0.42857142857142855,0.21428571428571427,0.0,-0.02292349318448713
48,position_additive,1,0.0,0.5,0.5,0.0,-0.3490863106594037
49,position_additive,1,0.25,0.25,0.5,0.0,-0.32787717799426996
50,position_additive,1,0.0,1.0,0.0,0.0,-1.093140705292397
51,position_additive,1,0.5,0.5,0.0,0.0,-0.08370957591123852
52,position_additive,1,0.6666666666666666,0.2222222222222222,0.1111111111111111,0.0,0.1635420672724626
53,position_additive,1,0.5,0.2727272727272727,0.22727272727272727,0.0,-0.027918195480469952
54,position_additive,1,0.5,0.5,0.0,0.0,0.03513615576841584
55,position_additive,1,1.0,0.0,0.0,0.0,0.0940078825639991
56,position_additive,1,0.6666666666666666,0.0,0.3333333333333333,0.0,-0.00635853424754453
57,position_additive,1,0.42857142857142855,0.2857142857142857,0.2857142857142857,0.0,0.030286154170540456
58,position_additive,1,0.5,0.25,0.25,0.0,-0.055646573111944445
59,position_additive,1,0.25,0.25,0.5,0.0,-0.12885309622626107
0,position_pair,-1,0.0,0.0,1.0,0.0,-0.0298426731312008
1,position_pair,-1,0.0,1.0,0.0,0.0,-0.1663402491748175
2,position_pair,-1,0.0,0.3333333333333333,0.6666666666666666,0.0,-0.0908445939947337
3,position_pair,-1,0.4444444444444444,0.2222222222222222,0.3333333333333333,0.0,0.024691349572290633
4,position_pair,-1,0.375,0.25,0.375,0.0,-0.05056604167367592
5,position_pair,-1,0.2222222222222222,0.3333333333333333,0.4444444444444444,0.0,-0.1303294405637738
6,position_pair,-1,0.3333333333333333,0.0,0.6666666666666666,0.0,0.0019310403868846003
7,position_pair,-1,0.0,0.0,1.0,0.0,-0.0305443350868409
8,position_pair,-1,0.3888888888888889,0.16666666666666666,0.4444444444444444,0.0,0.004045137630433892
9,position_pair,-1,0.625,0.125,0.25,0.0,0.1408831594386959
10,position_pair,-1,0.8,0.2,0.0,0.0,0.23790421911428822
11,position_pair,-1,0.8333333333333334,0.08333333333333333,0.08333333333333333,0.0,0.13678390139176197
12,position_pair,-1,0.2857142857142857,0.2857142857142857,0.42857142857142855,0.0,-0.058730285069470076
13,position_pair,-1,0.5,0.5,0.0,0.0,-0.1538684048214089
14,position_pair,-1,0.8333333333333334,0.16666666666666666,0.0,0.0,0.1292215621503671
15,position_pair,-1,0.6666666666666666,0.0,0.3333333333333333,0.0,0.2107031067181939
16,position_pair,-1,0.5,0.3,0.2,0.0,0.020381683793614
17,position_pair,-1,0.5,0.0,0.5,0.0,0.03620682277951969
18,position_pair,-1,0.5,0.5,0.0,0.0,-0.15430593819333546
19,position_pair,-1,0.6666666666666666,0.3333333333333333,0.0,0.0,0.05093254757978904
20,position_pair,-1,0.2857142857142857,0.5714285714285714,0.14285714285714285,0.0,-0.09561150858520964
21,position_pair,-1,0.6153846153846154,0.19230769230769232,0.19230769230769232,0.0,0.04891404877030065
22,position_pair,-1,0.4642857142857143,0.25,0.2857142857142857,0.0,-0.10450955396165902
23,position_pair,-1,0.5925925925925926,0.2222222222222222,0.18518518518518517,0.0,0.05333870066565537
24,position_pair,-1,1.0,0.0,0.0,0.0,0.17591918827133757
25,position_pair,-1,0.5555555555555556,0.1111111111111111,0.3333333333333333,0.0,-0.026785333485940407
26,position_pair,-1,0.5454545454545454,0.21212121212121213,0.24242424242424243,0.0,0.08002760331130433
27,position_pair,-1,0.6818181818181818,0.18181818181818182,0.13636363636363635,0.0,0.16667290592371695
28,position_pair,-1,0.7142857142857143,0.2857142857142857,0.0,0.0,0.08649392497941832
29,position_pair,-1,0.5384615384615384,0.15384615384615385,0.3076923076923077,0.0,-0.03834816904036759
30,position_pair,-1,0.6666666666666666,0.25,0.08333333333333333,0.0,0.055793859151803134
31,position_pair,-1,0.5,0.14285714285714285,0.35714285714285715,0.0,0.08543816547245123
32,position_pair,-1,0.25,0.0,0.75,0.0,0.023509016198334454
33,position_pair,-1,0.6666666666666666,0.3333333333333333,0.0,0.0,-0.005798635364992995
34,position_pair,-1,0.3333333333333333,0.0,0.6666666666666666,0.0,0.020267569299264765
35,position_pair,-1,0.6666666666666666,0.3333333333333333,0.0,0.0,-0.07067771136910221
36,position_pair,-1,0.375,0.125,0.5,0.0,0.020484190918619548
37,position_pair,-1,0.5714285714285714,0.2857142857142857,0.14285714285714285,0.0,0.05688967145265776
38,position_pair,-1,0.3333333333333333,0.0,0.6666666666666666,0.0,0.12447560763541786
39,position_pair,-1,0.5714285714285714,0.42857142857142855,0.0,0.0,0.04388057876424762
40,position_pair,-1,0.78125,0.15625,0.0625,0.0,0.14457937135424345
41,position_pair,-1,0.55,0.3,0.15,0.0,0.09317980924497533
42,position_pair,-1,0.5555555555555556,0.4444444444444444,0.0,0.0,0.018372107933618567
43,position_pair,-1,0.6363636363636364,0.22727272727272727,0.13636363636363635,0.0,0.10318607868090234
44,position_pair,-1,0.56,0.2,0.24,0.0,0.05146487358434698
45,position_pair,-1,0.7222222222222222,0.2222222222222222,0.05555555555555555,0.0,0.15790172467645475
46,position_pair,-1,0.2,0.0,0.8,0.0,-0.07761544243793568
47,position_pair,-1,0.5714285714285714,0.0,0.42857142857142855,0.0,0.10108122336301836
48,position_pair,-1,0.5,0.0,0.5,0.0,-0.04149730383321251
49,position_pair,-1,0.25,0.0,0.75,0.0,-0.0798222145190679
50,position_pair,-1,1.0,0.0,0.0,0.0,0.9368381975169608
51,position_pair,-1,0.5,0.5,0.0,0.0,-0.2092716578965082
52,position_pair,-1,0.5555555555555556,0.1111111111111111,0.3333333333333333,0.0,0.06279922794810291
53,position_pair,-1,0.6363636363636364,0.22727272727272727,0.13636363636363635,0.0,0.1265949920854528
54,position_pair,-1,0.5,0.3333333333333333,0.16666666666666666,0.0,-0.10634552322208861
55,position_pair,-1,1.0,0.0,0.0,0.0,0.17781536220135044
56,position_pair,-1,0.3333333333333333,0.3333333333333333,0.3333333333333333,0.0,-0.06368851053260963
57,position_pair,-1,0.5714285714285714,0.2857142857142857,0.14285714285714285,0.0,0.06282263160925487
58,position_pair,-1,0.25,0.0,0.75,0.0,-0.09442882405559905
59,position_pair,-1,0.5,0.25,0.25,0.0,0.013994192043025724
0,position_pair,1,1.0,0.0,0.0,0.0,0.1134206794231555
1,position_pair,1,1.0,0.0,0.0,0.0,0.6163764418919547
2,position_pair,1,0.3333333333333333,0.6666666666666666,0.0,0.0,-0.07263740064429018
3,position_pair,1,0.4444444444444444,0.3333333333333333,0.2222222222222222,0.0,0.05463603832563954
4,position_pair,1,0.625,0.375,0.0,0.0,-0.009957588655981078
5,position_pair,1,0.1111111111111111,0.3333333333333333,0.5555555555555556,0.0,-0.19971543011601073
6,position_pair,1,0.6666666666666666,0.3333333333333333,0.0,0.0,0.07960330958131577
7,position_pair,1,1.0,0.0,0.0,0.0,0.0955761991771276
8,position_pair,1,0.6111111111111112,0.1111111111111111,0.2777777777777778,0.0,0.10317842358216733
9,position_pair,1,0.5,0.0,0.5,0.0,0.12647151743740292
10,position_pair,1,0.6,0.2,0.2,0.0,0.08002663893515347
11,position_pair,1,0.6666666666666666,0.25,0.08333333333333333,0.0,0.016395144982625162
12,position_pair,1,0.42857142857142855,0.42857142857142855,0.14285714285714285,0.0,-0.03606735413978566
13,position_pair,1,0.5,0.5,0.0,0.0,-0.1286754810531203
14,position_pair,1,0.6666666666666666,0.0,0.3333333333333333,0.0,0.01569272901000218
15,position_pair,1,0.8333333333333334,0.16666666666666666,0.0,0.0,0.1966610039198032
16,position_pair,1,0.6,0.2,0.2,0.0,0.0647647556759358
17,position_pair,1,0.6666666666666666,0.16666666666666666,0.16666666666666666,0.0,-0.034590084811824205
18,position_pair,1,0.5,0.0,0.5,0.0,-0.030501089006098648
19,position_pair,1,0.6666666666666666,0.3333333333333333,0.0,0.0,0.031768898140844194
20,position_pair,1,0.5714285714285714,0.14285714285714285,0.2857142857142857,0.0,0.10536086402873783
21,position_pair,1,0.6153846153846154,0.15384615384615385,0.23076923076923078,0.0,0.051960468484287
22,position_pair,1,0.6428571428571429,0.25,0.10714285714285714,0.0,-0.0060576244301422935
23,position_pair,1,0.4444444444444444,0.14814814814814814,0.4074074074074074,0.0,0.04680094589355117
24,position_pair,1,0.5,0.5,0.0,0.0,-0.16148728175073404
25,position_pair,1,0.5555555555555556,0.1111111111111111,0.3333333333333333,0.0,-0.035841681833236175
26,position_pair,1,0.6363636363636364,0.21212121212121213,0.15151515151515152,0.0,0.08945777938233153
27,position_pair,1,0.4090909090909091,0.22727272727272727,0.36363636363636365,0.0,0.016364393900626665
28,position_pair,1,0.42857142857142855,0.5714285714285714,0.0,0.0,-0.016683846114264062
29,position_pair,1,0.46153846153846156,0.23076923076923078,0.3076923076923077,0.0,-0.08631593475908653
30,position_pair,1,0.5833333333333334,0.20833333333333334,0.20833333333333334,0.0,0.018308815778383197
31,position_pair,1,0.7142857142857143,0.2857142857142857,0.0,0.0,0.10165237359368993
32,position_pair,1,0.5,0.25,0.25,0.0,0.04463995049105174
33,position_pair,1,0.6666666666666666,0.3333333333333333,0.0,0.0,-0.022548511239506297
34,position_pair,1,0.6666666666666666,0.3333333333333333,0.0,0.0,0.07636891127038814
35,position_pair,1,1.0,0.0,0.0,0.0,0.1431401349208047
36,position_pair,1,0.25,0.25,0.5,0.0,-0.04901293129746251
37,position_pair,1,0.6428571428571429,0.35714285714285715,0.0,0.0,0.012920737443937926
38,position_pair,1,1.0,0.0,0.0,0.0,0.28192463307931104
39,position_pair,1,0.5714285714285714,0.42857142857142855,0.0,0.0,0.025740889316840588
40,position_pair,1,0.65625,0.28125,0.0625,0.0,0.09043956283653026
41,position_pair,1,0.55,0.35,0.1,0.0,0.043782501123483794
42,position_pair,1,0.4444444444444444,0.4444444444444444,0.1111111111111111,0.0,-0.05073283324029274
43,position_pair,1,0.5909090909090909,0.13636363636363635,0.2727272727272727,0.0,0.09296964108509624
44,position_pair,1,0.6,0.24,0.16,0.0,0.07401818412023857
45,position_pair,1,0.5,0.16666666666666666,0.3333333333333333,0.0,0.08539293334192045
46,position_pair,1,0.4,0.0,0.6,0.0,-0.08309549377464903
47,position_pair,1,0.5,0.35714285714285715,0.14285714285714285,0.0,0.06915426330820676
48,position_pair,1,0.0,0.0,1.0,0.0,-0.21398563026536435
49,position_pair,1,0.5,0.0,0.5,0.0,-0.20338341054795445
50,position_pair,1,0.0,1.0,0.0,0.0,-1.093140705292397
51,position_pair,1,0.75,0.25,0.0,0.0,0.03344505581295598
52,position_pair,1,0.7777777777777778,0.2222222222222222,0.0,0.0,0.19176907291492581
53,position_pair,1,0.5454545454545454,0.18181818181818182,0.2727272727272727,0.0,0.07004655708762024
54,position_pair,1,0.5,0.3333333333333333,0.16666666666666666,0.0,0.04834067918902552
55,position_pair,1,1.0,0.0,0.0,0.0,0.0940078825639991
56,position_pair,1,0.6666666666666666,0.0,0.3333333333333333,0.0,0.00328418690178367
57,position_pair,1,0.42857142857142855,0.2857142857142857,0.2857142857142857,0.0,0.022681010813087186
58,position_pair,1,0.25,0.25,0.5,0.0,-0.10347408358749546
59,position_pair,1,0.25,0.25,0.5,0.0,-0.11218123681699635
