model,dataset,regret,wrong_direction,avoidable_wrong,no_feasible_candidate,unavoidable_wrong,neutral_only_alternative_wrong,best_recovery,top5_best_recovery,pairwise_accuracy
base,astrocyte_gse330741,0.5571623402326642,0.5208333333333333,0.5208333333333333,0.0,0.0,0.0,0.0,0.0,0.4989988857090147
base,mikl_gse173098,0.5156347480004435,0.5033310215570109,0.1954079202443385,0.3089300711699096,0.306897375536952,0.0010257257757202,0.4245926058807014,0.9953070597809258,0.4837732879638822
base,moffatt_gse334718,0.4455132613971718,0.3333333333333333,0.3333333333333333,0.0,0.0,0.0,0.0416666666666666,0.0416666666666666,0.5192330973978881
base,srle,0.5307090450769336,0.5278716216216216,0.2837837837837837,0.2440878378378378,0.2440878378378378,0.0,0.3555743243243243,0.9932432432432432,0.471573359073359
raw,astrocyte_gse330741,0.4406617207831335,0.4375,0.4375,0.0,0.0,0.0,0.0,0.0,0.5005608946746217
raw,mikl_gse173098,0.5232438687831791,0.5093146466786264,0.2013753405369149,0.3089300711699096,0.306897375536952,0.0010419306047593,0.417640115549855,0.9952464489556728,0.4761218788073719
raw,moffatt_gse334718,0.5151244599579304,0.5416666666666666,0.5416666666666666,0.0,0.0,0.0,0.0,0.0833333333333333,0.5232668197167393
raw,srle,0.6286633580205805,0.581081081081081,0.3369932432432432,0.2440878378378378,0.2440878378378378,0.0,0.2652027027027027,0.9923986486486488,0.3838240025740026
access,astrocyte_gse330741,0.4365637822818996,0.375,0.375,0.0,0.0,0.0,0.0,0.0,0.5067276442237516
access,mikl_gse173098,0.5211927897358205,0.508201488599927,0.2002777277883983,0.3089300711699096,0.306897375536952,0.0010263852745765,0.4181175559208142,0.9949431711992984,0.4783448169957847
access,moffatt_gse334718,0.4604676263084004,0.4583333333333333,0.4583333333333333,0.0,0.0,0.0,0.0,0.0416666666666666,0.533465757334849
access,srle,0.5323147014258093,0.5168918918918919,0.272804054054054,0.2440878378378378,0.2440878378378378,0.0,0.3530405405405405,0.9949324324324323,0.4744530244530244
