outer_held,inner_held,configuration,regret,training_rows,validation_rows,training_ids_sha256,training_original_label_sha256,training_aligned_label_sha256
astrocyte_gse330741,mikl_gse173098,structure_l2_005,0.4928153507279689,7812,13781,6f767280110a8f2566460e603a67f6c7443d215a323ffe532211cb1028675abf,795b7a95dcda860f656bf783a764e654ff0ee10c43cacbe654ab668f04088365,21ba717c4dbfbe83dab7c08bf8d75ac7f466c9dcfca33c773230cc1f25ce8cf0
astrocyte_gse330741,moffatt_gse334718,structure_l2_005,0.4652702687981208,15283,6749,77bbc4dbd723801ec111dc99b08018a949c734ceba55fe8b6ca1fd2f3d3e9c94,e8cdb4e8e30f89462a481c973114f914b6270bd4380b218fd6a40b3aa6e326ae,102b5378936d136f54d4117fab7fd6b924196a56181139a7797efa72e9718024
astrocyte_gse330741,srle,structure_l2_005,0.42763235406337985,20530,1744,8c504508d54d0fb0fc5f25a82bfd0e0a3d38613596922262c0ed87855dee9c4c,638c36a6fd9dd1f0d0f0aeb780ff9c2e6d254116ad4e3022c71b85b32a6ab05c,638c36a6fd9dd1f0d0f0aeb780ff9c2e6d254116ad4e3022c71b85b32a6ab05c
astrocyte_gse330741,mikl_gse173098,structure_l2_05,0.4818517698451882,7812,13781,6f767280110a8f2566460e603a67f6c7443d215a323ffe532211cb1028675abf,795b7a95dcda860f656bf783a764e654ff0ee10c43cacbe654ab668f04088365,21ba717c4dbfbe83dab7c08bf8d75ac7f466c9dcfca33c773230cc1f25ce8cf0
astrocyte_gse330741,moffatt_gse334718,structure_l2_05,0.5236290705905184,15283,6749,77bbc4dbd723801ec111dc99b08018a949c734ceba55fe8b6ca1fd2f3d3e9c94,e8cdb4e8e30f89462a481c973114f914b6270bd4380b218fd6a40b3aa6e326ae,102b5378936d136f54d4117fab7fd6b924196a56181139a7797efa72e9718024
astrocyte_gse330741,srle,structure_l2_05,0.4214480356320998,20530,1744,8c504508d54d0fb0fc5f25a82bfd0e0a3d38613596922262c0ed87855dee9c4c,638c36a6fd9dd1f0d0f0aeb780ff9c2e6d254116ad4e3022c71b85b32a6ab05c,638c36a6fd9dd1f0d0f0aeb780ff9c2e6d254116ad4e3022c71b85b32a6ab05c
astrocyte_gse330741,mikl_gse173098,structure_l2_5,0.49532541931800456,7812,13781,6f767280110a8f2566460e603a67f6c7443d215a323ffe532211cb1028675abf,795b7a95dcda860f656bf783a764e654ff0ee10c43cacbe654ab668f04088365,21ba717c4dbfbe83dab7c08bf8d75ac7f466c9dcfca33c773230cc1f25ce8cf0
astrocyte_gse330741,moffatt_gse334718,structure_l2_5,0.5283394398077236,15283,6749,77bbc4dbd723801ec111dc99b08018a949c734ceba55fe8b6ca1fd2f3d3e9c94,e8cdb4e8e30f89462a481c973114f914b6270bd4380b218fd6a40b3aa6e326ae,102b5378936d136f54d4117fab7fd6b924196a56181139a7797efa72e9718024
astrocyte_gse330741,srle,structure_l2_5,0.4203960746974079,20530,1744,8c504508d54d0fb0fc5f25a82bfd0e0a3d38613596922262c0ed87855dee9c4c,638c36a6fd9dd1f0d0f0aeb780ff9c2e6d254116ad4e3022c71b85b32a6ab05c,638c36a6fd9dd1f0d0f0aeb780ff9c2e6d254116ad4e3022c71b85b32a6ab05c
mikl_gse173098,astrocyte_gse330741,structure_l2_005,0.5212536496063194,7812,3984,6f767280110a8f2566460e603a67f6c7443d215a323ffe532211cb1028675abf,795b7a95dcda860f656bf783a764e654ff0ee10c43cacbe654ab668f04088365,21ba717c4dbfbe83dab7c08bf8d75ac7f466c9dcfca33c773230cc1f25ce8cf0
mikl_gse173098,moffatt_gse334718,structure_l2_005,0.5372636147075861,5728,6068,3e129b4666f2ba68ec2ea1b0a525c10f48e6d9fd43367b0d0c7f300031dd0053,36e74b9243adb3f2c418607e8903d17725287ed1368e168e758664f6dac314e6,f04f1fafa4adf45e3930e5ef0b269a458e853f19d466ab1f4cfadc2315c64c78
mikl_gse173098,srle,structure_l2_005,0.5744701533737642,10052,1744,5cf0e528d459fcd30f0d9fdad211dd9ff36b6bc3626b5cd8388e8e49a09c6eb3,95c1b6b2854f9b1e0f35e4edcb8343769b0cd40446f733647d3582d81307ea6b,95c1b6b2854f9b1e0f35e4edcb8343769b0cd40446f733647d3582d81307ea6b
mikl_gse173098,astrocyte_gse330741,structure_l2_05,0.4925278163768064,7812,3984,6f767280110a8f2566460e603a67f6c7443d215a323ffe532211cb1028675abf,795b7a95dcda860f656bf783a764e654ff0ee10c43cacbe654ab668f04088365,21ba717c4dbfbe83dab7c08bf8d75ac7f466c9dcfca33c773230cc1f25ce8cf0
mikl_gse173098,moffatt_gse334718,structure_l2_05,0.509128215172861,5728,6068,3e129b4666f2ba68ec2ea1b0a525c10f48e6d9fd43367b0d0c7f300031dd0053,36e74b9243adb3f2c418607e8903d17725287ed1368e168e758664f6dac314e6,f04f1fafa4adf45e3930e5ef0b269a458e853f19d466ab1f4cfadc2315c64c78
mikl_gse173098,srle,structure_l2_05,0.5612439374297875,10052,1744,5cf0e528d459fcd30f0d9fdad211dd9ff36b6bc3626b5cd8388e8e49a09c6eb3,95c1b6b2854f9b1e0f35e4edcb8343769b0cd40446f733647d3582d81307ea6b,95c1b6b2854f9b1e0f35e4edcb8343769b0cd40446f733647d3582d81307ea6b
mikl_gse173098,astrocyte_gse330741,structure_l2_5,0.5322666699211189,7812,3984,6f767280110a8f2566460e603a67f6c7443d215a323ffe532211cb1028675abf,795b7a95dcda860f656bf783a764e654ff0ee10c43cacbe654ab668f04088365,21ba717c4dbfbe83dab7c08bf8d75ac7f466c9dcfca33c773230cc1f25ce8cf0
mikl_gse173098,moffatt_gse334718,structure_l2_5,0.580191790092033,5728,6068,3e129b4666f2ba68ec2ea1b0a525c10f48e6d9fd43367b0d0c7f300031dd0053,36e74b9243adb3f2c418607e8903d17725287ed1368e168e758664f6dac314e6,f04f1fafa4adf45e3930e5ef0b269a458e853f19d466ab1f4cfadc2315c64c78
mikl_gse173098,srle,structure_l2_5,0.5385747787470272,10052,1744,5cf0e528d459fcd30f0d9fdad211dd9ff36b6bc3626b5cd8388e8e49a09c6eb3,95c1b6b2854f9b1e0f35e4edcb8343769b0cd40446f733647d3582d81307ea6b,95c1b6b2854f9b1e0f35e4edcb8343769b0cd40446f733647d3582d81307ea6b
moffatt_gse334718,astrocyte_gse330741,structure_l2_005,0.4853381355633781,15283,3984,77bbc4dbd723801ec111dc99b08018a949c734ceba55fe8b6ca1fd2f3d3e9c94,e8cdb4e8e30f89462a481c973114f914b6270bd4380b218fd6a40b3aa6e326ae,102b5378936d136f54d4117fab7fd6b924196a56181139a7797efa72e9718024
moffatt_gse334718,mikl_gse173098,structure_l2_005,0.5174474339888608,5728,13539,3e129b4666f2ba68ec2ea1b0a525c10f48e6d9fd43367b0d0c7f300031dd0053,36e74b9243adb3f2c418607e8903d17725287ed1368e168e758664f6dac314e6,f04f1fafa4adf45e3930e5ef0b269a458e853f19d466ab1f4cfadc2315c64c78
moffatt_gse334718,srle,structure_l2_005,0.4724200752144237,17523,1744,450cd86e4e017756aeda3e2a3b8febd9ca3e22032bac51a6efe4f7a86ded4147,cec21805cacbf299b369bf08b54b3f5c3400b6ceb55f2309a68d505e2c653d19,cec21805cacbf299b369bf08b54b3f5c3400b6ceb55f2309a68d505e2c653d19
moffatt_gse334718,astrocyte_gse330741,structure_l2_05,0.4994627143530568,15283,3984,77bbc4dbd723801ec111dc99b08018a949c734ceba55fe8b6ca1fd2f3d3e9c94,e8cdb4e8e30f89462a481c973114f914b6270bd4380b218fd6a40b3aa6e326ae,102b5378936d136f54d4117fab7fd6b924196a56181139a7797efa72e9718024
moffatt_gse334718,mikl_gse173098,structure_l2_05,0.51182356269423,5728,13539,3e129b4666f2ba68ec2ea1b0a525c10f48e6d9fd43367b0d0c7f300031dd0053,36e74b9243adb3f2c418607e8903d17725287ed1368e168e758664f6dac314e6,f04f1fafa4adf45e3930e5ef0b269a458e853f19d466ab1f4cfadc2315c64c78
moffatt_gse334718,srle,structure_l2_05,0.46386031532522887,17523,1744,450cd86e4e017756aeda3e2a3b8febd9ca3e22032bac51a6efe4f7a86ded4147,cec21805cacbf299b369bf08b54b3f5c3400b6ceb55f2309a68d505e2c653d19,cec21805cacbf299b369bf08b54b3f5c3400b6ceb55f2309a68d505e2c653d19
moffatt_gse334718,astrocyte_gse330741,structure_l2_5,0.4833064949159014,15283,3984,77bbc4dbd723801ec111dc99b08018a949c734ceba55fe8b6ca1fd2f3d3e9c94,e8cdb4e8e30f89462a481c973114f914b6270bd4380b218fd6a40b3aa6e326ae,102b5378936d136f54d4117fab7fd6b924196a56181139a7797efa72e9718024
moffatt_gse334718,mikl_gse173098,structure_l2_5,0.5053387148624238,5728,13539,3e129b4666f2ba68ec2ea1b0a525c10f48e6d9fd43367b0d0c7f300031dd0053,36e74b9243adb3f2c418607e8903d17725287ed1368e168e758664f6dac314e6,f04f1fafa4adf45e3930e5ef0b269a458e853f19d466ab1f4cfadc2315c64c78
moffatt_gse334718,srle,structure_l2_5,0.4647071486128431,17523,1744,450cd86e4e017756aeda3e2a3b8febd9ca3e22032bac51a6efe4f7a86ded4147,cec21805cacbf299b369bf08b54b3f5c3400b6ceb55f2309a68d505e2c653d19,cec21805cacbf299b369bf08b54b3f5c3400b6ceb55f2309a68d505e2c653d19
srle,astrocyte_gse330741,structure_l2_005,0.4684830364417858,20530,3984,8c504508d54d0fb0fc5f25a82bfd0e0a3d38613596922262c0ed87855dee9c4c,638c36a6fd9dd1f0d0f0aeb780ff9c2e6d254116ad4e3022c71b85b32a6ab05c,638c36a6fd9dd1f0d0f0aeb780ff9c2e6d254116ad4e3022c71b85b32a6ab05c
srle,mikl_gse173098,structure_l2_005,0.5002841267636731,10052,13781,5cf0e528d459fcd30f0d9fdad211dd9ff36b6bc3626b5cd8388e8e49a09c6eb3,95c1b6b2854f9b1e0f35e4edcb8343769b0cd40446f733647d3582d81307ea6b,95c1b6b2854f9b1e0f35e4edcb8343769b0cd40446f733647d3582d81307ea6b
srle,moffatt_gse334718,structure_l2_005,0.46539827951320945,17523,6749,450cd86e4e017756aeda3e2a3b8febd9ca3e22032bac51a6efe4f7a86ded4147,cec21805cacbf299b369bf08b54b3f5c3400b6ceb55f2309a68d505e2c653d19,cec21805cacbf299b369bf08b54b3f5c3400b6ceb55f2309a68d505e2c653d19
srle,astrocyte_gse330741,structure_l2_05,0.5300789241465935,20530,3984,8c504508d54d0fb0fc5f25a82bfd0e0a3d38613596922262c0ed87855dee9c4c,638c36a6fd9dd1f0d0f0aeb780ff9c2e6d254116ad4e3022c71b85b32a6ab05c,638c36a6fd9dd1f0d0f0aeb780ff9c2e6d254116ad4e3022c71b85b32a6ab05c
srle,mikl_gse173098,structure_l2_05,0.5123041175249025,10052,13781,5cf0e528d459fcd30f0d9fdad211dd9ff36b6bc3626b5cd8388e8e49a09c6eb3,95c1b6b2854f9b1e0f35e4edcb8343769b0cd40446f733647d3582d81307ea6b,95c1b6b2854f9b1e0f35e4edcb8343769b0cd40446f733647d3582d81307ea6b
srle,moffatt_gse334718,structure_l2_05,0.44588001246144526,17523,6749,450cd86e4e017756aeda3e2a3b8febd9ca3e22032bac51a6efe4f7a86ded4147,cec21805cacbf299b369bf08b54b3f5c3400b6ceb55f2309a68d505e2c653d19,cec21805cacbf299b369bf08b54b3f5c3400b6ceb55f2309a68d505e2c653d19
srle,astrocyte_gse330741,structure_l2_5,0.5005833355550173,20530,3984,8c504508d54d0fb0fc5f25a82bfd0e0a3d38613596922262c0ed87855dee9c4c,638c36a6fd9dd1f0d0f0aeb780ff9c2e6d254116ad4e3022c71b85b32a6ab05c,638c36a6fd9dd1f0d0f0aeb780ff9c2e6d254116ad4e3022c71b85b32a6ab05c
srle,mikl_gse173098,structure_l2_5,0.5183941204559681,10052,13781,5cf0e528d459fcd30f0d9fdad211dd9ff36b6bc3626b5cd8388e8e49a09c6eb3,95c1b6b2854f9b1e0f35e4edcb8343769b0cd40446f733647d3582d81307ea6b,95c1b6b2854f9b1e0f35e4edcb8343769b0cd40446f733647d3582d81307ea6b
srle,moffatt_gse334718,structure_l2_5,0.4560882241385766,17523,6749,450cd86e4e017756aeda3e2a3b8febd9ca3e22032bac51a6efe4f7a86ded4147,cec21805cacbf299b369bf08b54b3f5c3400b6ceb55f2309a68d505e2c653d19,cec21805cacbf299b369bf08b54b3f5c3400b6ceb55f2309a68d505e2c653d19
