subset,rows,eligible_sets,units,rank_gain,regret_gain,status
size_1,38,4,2,-0.04999999999999999,-0.03897623391617497,exploratory subdivision of archived predictions
size_2-5,26830,421,209,0.002950872502803329,0.012901874555081877,exploratory subdivision of archived predictions
size_6-10,22444,423,207,-0.02322929466988649,-0.030535199186132112,exploratory subdivision of archived predictions
size_11-25,5478,177,86,0.07575910981467247,0.06287623591948864,exploratory subdivision of archived predictions
size_26-50,13279,58,22,0.03589901830868566,0.00011611962790522568,exploratory subdivision of archived predictions
size_>50,25139,58,15,-0.004018252657845986,0.029709041142563605,exploratory subdivision of archived predictions
size_2-10,49274,433,213,-0.02129314076423004,-0.00572259976649105,exploratory subdivision of archived predictions
class_motif_random_replacement,23616,378,189,0.04032941024335163,0.023354904942125304,exploratory subdivision of archived predictions
class_necessity_deletion_with_inactive_padding,3489,9,8,0.14350486295208162,0.05715447674944248,exploratory subdivision of archived predictions
class_random_substitution,21390,12,6,-0.02334752206666879,-0.01750990302105984,exploratory subdivision of archived predictions
class_regional_shuffle,14527,12,6,0.03197196568299468,0.06525243719433,exploratory subdivision of archived predictions
class_shape_structure_perturbation,11590,6,3,-0.011078428062206602,-0.020772426028835916,exploratory subdivision of archived predictions
class_sufficiency_background_replacement,14030,12,6,-0.1006748296292482,-0.032973822517838675,exploratory subdivision of archived predictions
class_tdp43_motif_complement_replacement,4566,16,16,0.022790635026670558,0.07098564610561403,exploratory subdivision of archived predictions
