component,target,outer_parent,logistic_c,inner_selection_score,extreme_weight,base_weight,increase_extreme_crossfit_mean,increase_extreme_crossfit_scale,decrease_extreme_crossfit_mean,decrease_extreme_crossfit_scale
extreme,extreme_increase,ENSMUSG00000006699|Cdc42_2|31,0.1,0.42795380724555726,,,,,,
extreme,extreme_decrease,ENSMUSG00000006699|Cdc42_2|31,1.0,0.46734027130760486,,,,,,
extreme,extreme_increase,ENSMUSG00000014294|Ndufa2|11+12,0.1,0.4336764955713584,,,,,,
extreme,extreme_decrease,ENSMUSG00000014294|Ndufa2|11+12,1.0,0.4696881652159991,,,,,,
extreme,extreme_increase,ENSMUSG00000015222|Map2|5,0.1,0.41312668655058654,,,,,,
extreme,extreme_decrease,ENSMUSG00000015222|Map2|5,0.1,0.4796665080562722,,,,,,
extreme,extreme_increase,ENSMUSG00000019820|Utrn|61,0.1,0.3986208660941311,,,,,,
extreme,extreme_decrease,ENSMUSG00000019820|Utrn|61,1.0,0.5127149981458308,,,,,,
extreme,extreme_increase,ENSMUSG00000020821|Kif1c|80,0.1,0.49581563911626675,,,,,,
extreme,extreme_decrease,ENSMUSG00000020821|Kif1c|80,0.1,0.4907752817074807,,,,,,
extreme,extreme_increase,ENSMUSG00000025795|Rassf3|91,1.0,0.42850147607798506,,,,,,
extreme,extreme_decrease,ENSMUSG00000025795|Rassf3|91,1.0,0.47256024962015564,,,,,,
extreme,extreme_increase,ENSMUSG00000026031|Cflar_1|14,10.0,0.43544128387892583,,,,,,
extreme,extreme_decrease,ENSMUSG00000026031|Cflar_1|14,1.0,0.5188035373736563,,,,,,
extreme,extreme_increase,ENSMUSG00000029761|Cald1|58,10.0,0.46875561587503534,,,,,,
extreme,extreme_decrease,ENSMUSG00000029761|Cald1|58,1.0,0.491438094205282,,,,,,
extreme,extreme_increase,ENSMUSG00000031207|Msn|48,0.1,0.4675222358081779,,,,,,
extreme,extreme_decrease,ENSMUSG00000031207|Msn|48,1.0,0.46213176402610284,,,,,,
extreme,extreme_increase,ENSMUSG00000031442|Mcf2l|7,10.0,0.4974753382994833,,,,,,
extreme,extreme_decrease,ENSMUSG00000031442|Mcf2l|7,1.0,0.5295213069404913,,,,,,
extreme,extreme_increase,ENSMUSG00000034109|Golim4|56,10.0,0.4726171060623838,,,,,,
extreme,extreme_decrease,ENSMUSG00000034109|Golim4|56,1.0,0.4596754471712139,,,,,,
extreme,extreme_increase,ENSMUSG00000046447|Camk2n1|12,0.1,0.4158391755903945,,,,,,
extreme,extreme_decrease,ENSMUSG00000046447|Camk2n1|12,10.0,0.472672177447922,,,,,,
extreme,extreme_increase,ENSMUSG00000048482|Bdnf|56,1.0,0.3866036058986625,,,,,,
extreme,extreme_decrease,ENSMUSG00000048482|Bdnf|56,0.1,0.47043959255997453,,,,,,
extreme,extreme_increase,ENSMUSG00000049517|Rps23|11+12,10.0,0.3936828854388372,,,,,,
extreme,extreme_decrease,ENSMUSG00000049517|Rps23|11+12,0.1,0.5568336117625128,,,,,,
extreme,extreme_increase,ENSMUSG00000061518|Cox5b|6+7,0.1,0.37658852965261297,,,,,,
extreme,extreme_decrease,ENSMUSG00000061518|Cox5b|6+7,1.0,0.47738124187444414,,,,,,
extreme_stack,,ENSMUSG00000006699|Cdc42_2|31,,0.47886140309014724,0.1,0.9,0.3167952114803657,0.3888057218518605,0.25327669840670564,0.3969593230786238
extreme_stack,,ENSMUSG00000014294|Ndufa2|11+12,,0.5235942255980149,0.1,0.9,0.34264283487659997,0.3996772746300019,0.2339530640655304,0.38593122439828564
extreme_stack,,ENSMUSG00000015222|Map2|5,,0.5575852059512522,0.2,0.8,0.32846989019362655,0.3952268239610903,0.2706179538657033,0.3765331339314642
extreme_stack,,ENSMUSG00000019820|Utrn|61,,0.5038238144433941,0.2,0.8,0.3068122214146027,0.3847375947012446,0.2621271417949825,0.39997617211986586
extreme_stack,,ENSMUSG00000020821|Kif1c|80,,0.5506664091476845,0.1,0.9,0.32884196383444403,0.40415556719574236,0.26477224743704314,0.37534188886515235
extreme_stack,,ENSMUSG00000025795|Rassf3|91,,0.5008158563824832,0.1,0.9,0.30264097825571723,0.4196787825129325,0.24113391456444985,0.3895334234974322
extreme_stack,,ENSMUSG00000026031|Cflar_1|14,,0.5018758893449232,0.2,0.8,0.3064523931750928,0.4298488305784369,0.2522276036243484,0.3946620692395268
extreme_stack,,ENSMUSG00000029761|Cald1|58,,0.5143286338403766,0.1,0.9,0.34025659084179016,0.44655787282269416,0.24524144132326517,0.3920631957811688
extreme_stack,,ENSMUSG00000031207|Msn|48,,0.5102024970780854,0.2,0.8,0.26646673133213133,0.369052355100375,0.25713434328617546,0.40186705807937945
extreme_stack,,ENSMUSG00000031442|Mcf2l|7,,0.501835745852043,0.2,0.8,0.3032628282449659,0.4343329554186009,0.23111674365673202,0.3830909137576378
extreme_stack,,ENSMUSG00000034109|Golim4|56,,0.48350046980368444,0.1,0.9,0.3222911757242236,0.43994089286422466,0.2422033022773439,0.3906715266187646
extreme_stack,,ENSMUSG00000046447|Camk2n1|12,,0.5319088212921491,0.2,0.8,0.29911793126347597,0.380484384308658,0.21321096163859593,0.3801039750305835
extreme_stack,,ENSMUSG00000048482|Bdnf|56,,0.507251003422651,0.1,0.9,0.3285793837639762,0.43011807260343365,0.2686430869107119,0.37755652730220074
extreme_stack,,ENSMUSG00000049517|Rps23|11+12,,0.5098859036427154,0.1,0.9,0.3359059429370889,0.446536187909267,0.2688478555411887,0.37426203220590776
extreme_stack,,ENSMUSG00000061518|Cox5b|6+7,,0.5084483109355995,0.1,0.9,0.3267994004766427,0.3936491618598047,0.2581347933622044,0.3983036510592223
