model,parent_id,direction,n_candidates,selected_source_row,selected_measured_effect,selected_utility,oracle_utility,raw_regret,normalized_regret,rank_percentile,spearman_utility,oracle_rank,oracle_top1,oracle_top3,oracle_top5,oracle_top10,near_oracle
contextual_only,ENSMUSG00000006699|Cdc42_2|31,increase,300,84,-0.890292594398455,-0.890292594398455,0.566351838982787,1.4566444333812418,0.6505912614994116,0.8862876254180602,0.08148490538783763,14,False,False,False,False,False
contextual_only,ENSMUSG00000006699|Cdc42_2|31,decrease,300,199,-0.8968166421976052,0.8968166421976052,1.672602969638723,0.7757863274411179,0.34649485753522535,0.12709030100334448,0.08148490538783763,198,False,False,False,False,False
contextual_only,ENSMUSG00000014294|Ndufa2|11+12,increase,255,699,-1.071305985155744,-1.071305985155744,1.8330244235936897,2.9043304087494337,0.7489793578066981,0.7795275590551181,-0.07832884527080206,145,False,False,False,False,False
contextual_only,ENSMUSG00000014294|Ndufa2|11+12,decrease,255,686,-1.521620557769164,1.521620557769164,2.0446931376144573,0.5230725798452933,0.13489187172320102,0.968503937007874,-0.07832884527080206,39,False,False,False,False,False
contextual_only,ENSMUSG00000015222|Map2|5,increase,300,1102,0.150657131853914,0.150657131853914,2.6879719646066,2.537314832752686,0.7030863901977698,0.23076923076923078,0.41178606591821537,31,False,False,False,False,False
contextual_only,ENSMUSG00000015222|Map2|5,decrease,300,973,-0.33428735929935,0.33428735929935,0.920851742020647,0.586564382721297,0.16253616978965463,0.9565217391304348,0.41178606591821537,5,False,False,True,True,False
contextual_only,ENSMUSG00000019820|Utrn|61,increase,300,1251,-1.586179823417577,-1.586179823417577,1.71405375981714,3.300233583234717,0.9075554563453588,0.07692307692307693,0.2566299625551395,161,False,False,False,False,False
contextual_only,ENSMUSG00000019820|Utrn|61,decrease,300,1425,-1.657725531935665,1.657725531935665,1.922345052134749,0.26461952019908397,0.07276966413291883,0.9632107023411371,0.2566299625551395,79,False,False,False,False,True
contextual_only,ENSMUSG00000020821|Kif1c|80,increase,300,1880,-1.401413067118452,-1.401413067118452,0.3927449609251299,1.7941580280435818,0.677270463555451,0.3779264214046823,0.000376004177824198,146,False,False,False,False,False
contextual_only,ENSMUSG00000020821|Kif1c|80,decrease,300,1731,-1.538459715223364,1.538459715223364,2.25635628383436,0.7178965686109957,0.2709962746917108,0.7625418060200669,0.000376004177824198,268,False,False,False,False,False
contextual_only,ENSMUSG00000025795|Rassf3|91,increase,300,2066,-0.6801731110431399,-0.6801731110431399,4.60002980636361,5.28020291740675,0.6202551285875012,0.6421404682274248,0.3402650461641996,162,False,False,False,False,False
contextual_only,ENSMUSG00000025795|Rassf3|91,decrease,300,2226,-3.462939495771697,3.462939495771697,3.912923451163313,0.44998395539161606,0.05285873677196012,0.9498327759197325,0.3402650461641996,38,False,False,False,False,True
contextual_only,ENSMUSG00000026031|Cflar_1|14,increase,300,2729,-0.906155775031516,-0.906155775031516,-0.03787780047631,0.8682779745552061,0.38695122074693705,0.8494983277591973,0.31122715195823114,61,False,False,False,False,False
contextual_only,ENSMUSG00000026031|Cflar_1|14,decrease,300,2443,-1.175520119788582,1.175520119788582,2.281772968655797,1.106252848867215,0.49300558446531084,0.43812709030100333,0.31122715195823114,16,False,False,False,False,False
contextual_only,ENSMUSG00000029761|Cald1|58,increase,300,3259,-1.1656869798944716,-1.1656869798944716,1.58453379595619,2.7502207758506616,0.7648164641872575,0.5652173913043478,0.0915939065989622,66,False,False,False,False,False
contextual_only,ENSMUSG00000029761|Cald1|58,decrease,300,3475,-1.650387109512579,1.650387109512579,2.011388761455307,0.36100165194272793,0.10039194286836721,0.9899665551839465,0.0915939065989622,84,False,False,False,False,False
contextual_only,ENSMUSG00000031207|Msn|48,increase,300,3907,-0.738487333051269,-0.738487333051269,0.927029935540179,1.665517268591448,0.11901401064984565,0.32441471571906355,-0.10038978943748597,230,False,False,False,False,False
contextual_only,ENSMUSG00000031207|Msn|48,decrease,300,3646,-7.373746133777521,7.373746133777521,13.06726585784848,5.693519724070958,0.40684574687643477,0.9899665551839465,-0.10038978943748597,201,False,False,False,False,False
contextual_only,ENSMUSG00000031442|Mcf2l|7,increase,300,4033,-1.939301671828935,-1.939301671828935,-0.07832170175515,1.860979970073785,0.5638657912356713,0.1505016722408027,0.1508951523173147,48,False,False,False,False,False
contextual_only,ENSMUSG00000031442|Mcf2l|7,decrease,300,4212,-1.562390768372022,1.562390768372022,3.37871693586854,1.8163261674965179,0.5503359563493162,0.5317725752508361,0.1508951523173147,115,False,False,False,False,False
contextual_only,ENSMUSG00000034109|Golim4|56,increase,300,4660,-1.047831104046702,-1.047831104046702,0.484793975374524,1.5326250794212262,0.538637985276441,0.68561872909699,0.21537907685551674,59,False,False,False,False,False
contextual_only,ENSMUSG00000034109|Golim4|56,decrease,300,4459,-1.393147151282757,1.393147151282757,2.360577352521426,0.9674302012386691,0.3400013881330733,0.745819397993311,0.21537907685551674,211,False,False,False,False,False
contextual_only,ENSMUSG00000046447|Camk2n1|12,increase,300,4847,-1.1236668212855498,-1.1236668212855498,1.44085023841015,2.5645170596957,0.2530730248294201,0.725752508361204,0.07808909766886123,55,False,False,False,False,False
contextual_only,ENSMUSG00000046447|Camk2n1|12,decrease,300,4810,-0.4102383159910798,0.4102383159910798,8.69265593603998,8.2824176200489,0.817329903141676,0.06688963210702341,0.07808909766886123,247,False,False,False,False,False
contextual_only,ENSMUSG00000048482|Bdnf|56,increase,300,5168,-1.1866907215970006,-1.1866907215970006,1.66331537623178,2.8500060978287807,0.8695816784405634,0.43812709030100333,0.1304250047222747,8,False,False,False,True,False
contextual_only,ENSMUSG00000048482|Bdnf|56,decrease,300,5370,-0.9983267955464312,0.9983267955464312,1.614129593560762,0.6158027980143308,0.18789111752906418,0.17391304347826086,0.1304250047222747,179,False,False,False,False,False
contextual_only,ENSMUSG00000049517|Rps23|11+12,increase,270,5812,-1.12628507451011,-1.12628507451011,-0.5984196522010301,0.52786542230908,0.36191371888255613,0.8364312267657993,0.15280663981471254,26,False,False,False,False,False
contextual_only,ENSMUSG00000049517|Rps23|11+12,decrease,270,5732,-1.25220826067689,1.25220826067689,2.056959063027776,0.8047508023508858,0.5517511535013839,0.3828996282527881,0.15280663981471254,55,False,False,False,False,False
contextual_only,ENSMUSG00000061518|Cox5b|6+7,increase,270,6158,0.0,0.0,3.78090467072406,3.78090467072406,0.8613385622084222,0.14684014869888476,0.4461752127172987,148,False,False,False,False,False
contextual_only,ENSMUSG00000061518|Cox5b|6+7,decrease,270,6030,-0.453311232674253,0.453311232674253,0.608663887579007,0.15535265490475403,0.03539132669676556,0.9925650557620818,0.4461752127172987,13,False,False,False,False,True
complete_mechanism,ENSMUSG00000006699|Cdc42_2|31,increase,300,114,0.177978727148467,0.177978727148467,0.566351838982787,0.38837311183432,0.17346179134068157,0.9933110367892977,0.10102778919765774,20,False,False,False,False,False
complete_mechanism,ENSMUSG00000006699|Cdc42_2|31,decrease,300,199,-0.8968166421976052,0.8968166421976052,1.672602969638723,0.7757863274411179,0.34649485753522535,0.12709030100334448,0.10102778919765774,199,False,False,False,False,False
complete_mechanism,ENSMUSG00000014294|Ndufa2|11+12,increase,255,699,-1.071305985155744,-1.071305985155744,1.8330244235936897,2.9043304087494337,0.7489793578066981,0.7795275590551181,-0.06265057196720253,146,False,False,False,False,False
complete_mechanism,ENSMUSG00000014294|Ndufa2|11+12,decrease,255,686,-1.521620557769164,1.521620557769164,2.0446931376144573,0.5230725798452933,0.13489187172320102,0.968503937007874,-0.06265057196720253,39,False,False,False,False,False
complete_mechanism,ENSMUSG00000015222|Map2|5,increase,300,1102,0.150657131853914,0.150657131853914,2.6879719646066,2.537314832752686,0.7030863901977698,0.23076923076923078,0.42745978238823346,29,False,False,False,False,False
complete_mechanism,ENSMUSG00000015222|Map2|5,decrease,300,967,-0.2780362394021,0.2780362394021,0.920851742020647,0.642815502618547,0.17812327641222264,0.939799331103679,0.42745978238823346,6,False,False,False,True,False
complete_mechanism,ENSMUSG00000019820|Utrn|61,increase,300,1251,-1.586179823417577,-1.586179823417577,1.71405375981714,3.300233583234717,0.9075554563453588,0.07692307692307693,0.23176168624095822,159,False,False,False,False,False
complete_mechanism,ENSMUSG00000019820|Utrn|61,decrease,300,1425,-1.657725531935665,1.657725531935665,1.922345052134749,0.26461952019908397,0.07276966413291883,0.9632107023411371,0.23176168624095822,94,False,False,False,False,True
complete_mechanism,ENSMUSG00000020821|Kif1c|80,increase,300,1835,-1.0633344150270765,-1.0633344150270765,0.3927449609251299,1.4560793759522064,0.5496503309689105,0.7324414715719063,-0.04081867576306403,251,False,False,False,False,False
complete_mechanism,ENSMUSG00000020821|Kif1c|80,decrease,300,1891,-1.180323167495145,1.180323167495145,2.25635628383436,1.0760331163392147,0.4061879924249203,0.3712374581939799,-0.04081867576306403,273,False,False,False,False,False
complete_mechanism,ENSMUSG00000025795|Rassf3|91,increase,300,2066,-0.6801731110431399,-0.6801731110431399,4.60002980636361,5.28020291740675,0.6202551285875012,0.6421404682274248,0.3053300183620657,128,False,False,False,False,False
complete_mechanism,ENSMUSG00000025795|Rassf3|91,decrease,300,2221,-2.858034709848386,2.858034709848386,3.912923451163313,1.0548887413149273,0.12391572106686044,0.802675585284281,0.3053300183620657,84,False,False,False,False,False
complete_mechanism,ENSMUSG00000026031|Cflar_1|14,increase,300,2468,-1.53227102589664,-1.53227102589664,-0.03787780047631,1.49439322542033,0.6659817475487317,0.2140468227424749,0.29414339899041736,30,False,False,False,False,False
complete_mechanism,ENSMUSG00000026031|Cflar_1|14,decrease,300,2443,-1.175520119788582,1.175520119788582,2.281772968655797,1.106252848867215,0.49300558446531084,0.43812709030100333,0.29414339899041736,29,False,False,False,False,False
complete_mechanism,ENSMUSG00000029761|Cald1|58,increase,300,3499,-0.595967568215822,-0.595967568215822,1.58453379595619,2.180501364172012,0.6063816251208793,0.9665551839464883,0.10386826520294669,32,False,False,False,False,False
complete_mechanism,ENSMUSG00000029761|Cald1|58,decrease,300,3475,-1.650387109512579,1.650387109512579,2.011388761455307,0.36100165194272793,0.10039194286836721,0.9899665551839465,0.10386826520294669,105,False,False,False,False,False
complete_mechanism,ENSMUSG00000031207|Msn|48,increase,300,3907,-0.738487333051269,-0.738487333051269,0.927029935540179,1.665517268591448,0.11901401064984565,0.32441471571906355,-0.09966249664508278,227,False,False,False,False,False
complete_mechanism,ENSMUSG00000031207|Msn|48,decrease,300,3646,-7.373746133777521,7.373746133777521,13.06726585784848,5.693519724070958,0.40684574687643477,0.9899665551839465,-0.09966249664508278,215,False,False,False,False,False
complete_mechanism,ENSMUSG00000031442|Mcf2l|7,increase,300,4033,-1.939301671828935,-1.939301671828935,-0.07832170175515,1.860979970073785,0.5638657912356713,0.1505016722408027,0.0035860537908339795,56,False,False,False,False,False
complete_mechanism,ENSMUSG00000031442|Mcf2l|7,decrease,300,4179,-1.491529995128452,1.491529995128452,3.37871693586854,1.8871869407400879,0.571806346474457,0.44481605351170567,0.0035860537908339795,144,False,False,False,False,False
complete_mechanism,ENSMUSG00000034109|Golim4|56,increase,300,4480,-0.6770145950014863,-0.6770145950014863,0.484793975374524,1.1618085703760104,0.40831527294369907,0.9632107023411371,0.2054894004261321,98,False,False,False,False,False
complete_mechanism,ENSMUSG00000034109|Golim4|56,decrease,300,4459,-1.393147151282757,1.393147151282757,2.360577352521426,0.9674302012386691,0.3400013881330733,0.745819397993311,0.2054894004261321,267,False,False,False,False,False
complete_mechanism,ENSMUSG00000046447|Camk2n1|12,increase,300,4845,-1.712227334195746,-1.712227334195746,1.44085023841015,3.1530775726058957,0.3111536637295225,0.4180602006688963,0.11562995826149992,42,False,False,False,False,False
complete_mechanism,ENSMUSG00000046447|Camk2n1|12,decrease,300,4909,-1.6446833656529989,1.6446833656529989,8.69265593603998,7.047972570386981,0.6955117457921145,0.5351170568561873,0.11562995826149992,255,False,False,False,False,False
complete_mechanism,ENSMUSG00000048482|Bdnf|56,increase,300,5168,-1.1866907215970006,-1.1866907215970006,1.66331537623178,2.8500060978287807,0.8695816784405634,0.43812709030100333,0.14722563584039822,9,False,False,False,True,False
complete_mechanism,ENSMUSG00000048482|Bdnf|56,decrease,300,5370,-0.9983267955464312,0.9983267955464312,1.614129593560762,0.6158027980143308,0.18789111752906418,0.17391304347826086,0.14722563584039822,189,False,False,False,False,False
complete_mechanism,ENSMUSG00000049517|Rps23|11+12,increase,270,5812,-1.12628507451011,-1.12628507451011,-0.5984196522010301,0.52786542230908,0.36191371888255613,0.8364312267657993,0.14044676146864035,46,False,False,False,False,False
complete_mechanism,ENSMUSG00000049517|Rps23|11+12,decrease,270,5732,-1.25220826067689,1.25220826067689,2.056959063027776,0.8047508023508858,0.5517511535013839,0.3828996282527881,0.14044676146864035,147,False,False,False,False,False
complete_mechanism,ENSMUSG00000061518|Cox5b|6+7,increase,270,6158,0.0,0.0,3.78090467072406,3.78090467072406,0.8613385622084222,0.14684014869888476,0.46393495599244305,145,False,False,False,False,False
complete_mechanism,ENSMUSG00000061518|Cox5b|6+7,decrease,270,6030,-0.453311232674253,0.453311232674253,0.608663887579007,0.15535265490475403,0.03539132669676556,0.9925650557620818,0.46393495599244305,14,False,False,False,False,True
remove_motif_interactions,ENSMUSG00000006699|Cdc42_2|31,increase,300,114,0.177978727148467,0.177978727148467,0.566351838982787,0.38837311183432,0.17346179134068157,0.9933110367892977,0.08517383526483627,36,False,False,False,False,False
remove_motif_interactions,ENSMUSG00000006699|Cdc42_2|31,decrease,300,228,-1.577809614817895,1.577809614817895,1.672602969638723,0.09479335482082796,0.04233821712515527,0.9933110367892977,0.08517383526483627,37,False,False,False,False,True
remove_motif_interactions,ENSMUSG00000014294|Ndufa2|11+12,increase,255,699,-1.071305985155744,-1.071305985155744,1.8330244235936897,2.9043304087494337,0.7489793578066981,0.7795275590551181,-0.024303636050270073,148,False,False,False,False,False
remove_motif_interactions,ENSMUSG00000014294|Ndufa2|11+12,decrease,255,683,-1.3048567753261462,1.3048567753261462,2.0446931376144573,0.7398363622883111,0.19079170945544746,0.2874015748031496,-0.024303636050270073,46,False,False,False,False,False
remove_motif_interactions,ENSMUSG00000015222|Map2|5,increase,300,1102,0.150657131853914,0.150657131853914,2.6879719646066,2.537314832752686,0.7030863901977698,0.23076923076923078,0.4207058395134739,30,False,False,False,False,False
remove_motif_interactions,ENSMUSG00000015222|Map2|5,decrease,300,968,-0.2812013218055,0.2812013218055,0.920851742020647,0.639650420215147,0.1772462365065083,0.9431438127090301,0.4207058395134739,7,False,False,False,True,False
remove_motif_interactions,ENSMUSG00000019820|Utrn|61,increase,300,1251,-1.586179823417577,-1.586179823417577,1.71405375981714,3.300233583234717,0.9075554563453588,0.07692307692307693,0.23053100590006553,160,False,False,False,False,False
remove_motif_interactions,ENSMUSG00000019820|Utrn|61,decrease,300,1425,-1.657725531935665,1.657725531935665,1.922345052134749,0.26461952019908397,0.07276966413291883,0.9632107023411371,0.23053100590006553,94,False,False,False,False,True
remove_motif_interactions,ENSMUSG00000020821|Kif1c|80,increase,300,1835,-1.0633344150270765,-1.0633344150270765,0.3927449609251299,1.4560793759522064,0.5496503309689105,0.7324414715719063,-0.03706796742186024,249,False,False,False,False,False
remove_motif_interactions,ENSMUSG00000020821|Kif1c|80,decrease,300,1891,-1.180323167495145,1.180323167495145,2.25635628383436,1.0760331163392147,0.4061879924249203,0.3712374581939799,-0.03706796742186024,274,False,False,False,False,False
remove_motif_interactions,ENSMUSG00000025795|Rassf3|91,increase,300,2066,-0.6801731110431399,-0.6801731110431399,4.60002980636361,5.28020291740675,0.6202551285875012,0.6421404682274248,0.30517067121819164,130,False,False,False,False,False
remove_motif_interactions,ENSMUSG00000025795|Rassf3|91,decrease,300,2227,-3.019012344830419,3.019012344830419,3.912923451163313,0.8939111063328942,0.10500599254935672,0.8394648829431438,0.30517067121819164,83,False,False,False,False,False
remove_motif_interactions,ENSMUSG00000026031|Cflar_1|14,increase,300,2729,-0.906155775031516,-0.906155775031516,-0.03787780047631,0.8682779745552061,0.38695122074693705,0.8494983277591973,0.3086697890731487,49,False,False,False,False,False
remove_motif_interactions,ENSMUSG00000026031|Cflar_1|14,decrease,300,2652,-1.9483327397231232,1.9483327397231232,2.281772968655797,0.3334402289326739,0.14859884439396517,0.9698996655518395,0.3086697890731487,27,False,False,False,False,False
remove_motif_interactions,ENSMUSG00000029761|Cald1|58,increase,300,3499,-0.595967568215822,-0.595967568215822,1.58453379595619,2.180501364172012,0.6063816251208793,0.9665551839464883,0.09890509894554383,32,False,False,False,False,False
remove_motif_interactions,ENSMUSG00000029761|Cald1|58,decrease,300,3475,-1.650387109512579,1.650387109512579,2.011388761455307,0.36100165194272793,0.10039194286836721,0.9899665551839465,0.09890509894554383,103,False,False,False,False,False
remove_motif_interactions,ENSMUSG00000031207|Msn|48,increase,300,3907,-0.738487333051269,-0.738487333051269,0.927029935540179,1.665517268591448,0.11901401064984565,0.32441471571906355,-0.09531782894033299,230,False,False,False,False,False
remove_motif_interactions,ENSMUSG00000031207|Msn|48,decrease,300,3646,-7.373746133777521,7.373746133777521,13.06726585784848,5.693519724070958,0.40684574687643477,0.9899665551839465,-0.09531782894033299,225,False,False,False,False,False
remove_motif_interactions,ENSMUSG00000031442|Mcf2l|7,increase,300,4033,-1.939301671828935,-1.939301671828935,-0.07832170175515,1.860979970073785,0.5638657912356713,0.1505016722408027,0.027342187910803194,62,False,False,False,False,False
remove_motif_interactions,ENSMUSG00000031442|Mcf2l|7,decrease,300,4179,-1.491529995128452,1.491529995128452,3.37871693586854,1.8871869407400879,0.571806346474457,0.44481605351170567,0.027342187910803194,136,False,False,False,False,False
remove_motif_interactions,ENSMUSG00000034109|Golim4|56,increase,300,4660,-1.047831104046702,-1.047831104046702,0.484793975374524,1.5326250794212262,0.538637985276441,0.68561872909699,0.2123223728291323,17,False,False,False,False,False
remove_motif_interactions,ENSMUSG00000034109|Golim4|56,decrease,300,4459,-1.393147151282757,1.393147151282757,2.360577352521426,0.9674302012386691,0.3400013881330733,0.745819397993311,0.2123223728291323,81,False,False,False,False,False
remove_motif_interactions,ENSMUSG00000046447|Camk2n1|12,increase,300,4845,-1.712227334195746,-1.712227334195746,1.44085023841015,3.1530775726058957,0.3111536637295225,0.4180602006688963,0.11534411301701442,43,False,False,False,False,False
remove_motif_interactions,ENSMUSG00000046447|Camk2n1|12,decrease,300,4909,-1.6446833656529989,1.6446833656529989,8.69265593603998,7.047972570386981,0.6955117457921145,0.5351170568561873,0.11534411301701442,246,False,False,False,False,False
remove_motif_interactions,ENSMUSG00000048482|Bdnf|56,increase,300,5168,-1.1866907215970006,-1.1866907215970006,1.66331537623178,2.8500060978287807,0.8695816784405634,0.43812709030100333,0.11083012033467037,13,False,False,False,False,False
remove_motif_interactions,ENSMUSG00000048482|Bdnf|56,decrease,300,5370,-0.9983267955464312,0.9983267955464312,1.614129593560762,0.6158027980143308,0.18789111752906418,0.17391304347826086,0.11083012033467037,165,False,False,False,False,False
remove_motif_interactions,ENSMUSG00000049517|Rps23|11+12,increase,270,5812,-1.12628507451011,-1.12628507451011,-0.5984196522010301,0.52786542230908,0.36191371888255613,0.8364312267657993,0.14897668096451644,46,False,False,False,False,False
remove_motif_interactions,ENSMUSG00000049517|Rps23|11+12,decrease,270,5732,-1.25220826067689,1.25220826067689,2.056959063027776,0.8047508023508858,0.5517511535013839,0.3828996282527881,0.14897668096451644,149,False,False,False,False,False
remove_motif_interactions,ENSMUSG00000061518|Cox5b|6+7,increase,270,6158,0.0,0.0,3.78090467072406,3.78090467072406,0.8613385622084222,0.14684014869888476,0.4646913319162532,153,False,False,False,False,False
remove_motif_interactions,ENSMUSG00000061518|Cox5b|6+7,decrease,270,6030,-0.453311232674253,0.453311232674253,0.608663887579007,0.15535265490475403,0.03539132669676556,0.9925650557620818,0.4646913319162532,13,False,False,False,False,True
remove_local_accessibility,ENSMUSG00000006699|Cdc42_2|31,increase,300,114,0.177978727148467,0.177978727148467,0.566351838982787,0.38837311183432,0.17346179134068157,0.9933110367892977,0.08839342659362881,11,False,False,False,False,False
remove_local_accessibility,ENSMUSG00000006699|Cdc42_2|31,decrease,300,199,-0.8968166421976052,0.8968166421976052,1.672602969638723,0.7757863274411179,0.34649485753522535,0.12709030100334448,0.08839342659362881,224,False,False,False,False,False
remove_local_accessibility,ENSMUSG00000014294|Ndufa2|11+12,increase,255,699,-1.071305985155744,-1.071305985155744,1.8330244235936897,2.9043304087494337,0.7489793578066981,0.7795275590551181,-0.07245527385617923,130,False,False,False,False,False
remove_local_accessibility,ENSMUSG00000014294|Ndufa2|11+12,decrease,255,686,-1.521620557769164,1.521620557769164,2.0446931376144573,0.5230725798452933,0.13489187172320102,0.968503937007874,-0.07245527385617923,40,False,False,False,False,False
remove_local_accessibility,ENSMUSG00000015222|Map2|5,increase,300,1102,0.150657131853914,0.150657131853914,2.6879719646066,2.537314832752686,0.7030863901977698,0.23076923076923078,0.4300789575238585,36,False,False,False,False,False
remove_local_accessibility,ENSMUSG00000015222|Map2|5,decrease,300,968,-0.2812013218055,0.2812013218055,0.920851742020647,0.639650420215147,0.1772462365065083,0.9431438127090301,0.4300789575238585,7,False,False,False,True,False
remove_local_accessibility,ENSMUSG00000019820|Utrn|61,increase,300,1505,-0.654823817632066,-0.654823817632066,1.71405375981714,2.368877577449206,0.6514350322806528,0.9899665551839465,0.2815186835409282,45,False,False,False,False,False
remove_local_accessibility,ENSMUSG00000019820|Utrn|61,decrease,300,1425,-1.657725531935665,1.657725531935665,1.922345052134749,0.26461952019908397,0.07276966413291883,0.9632107023411371,0.2815186835409282,140,False,False,False,False,True
remove_local_accessibility,ENSMUSG00000020821|Kif1c|80,increase,300,1835,-1.0633344150270765,-1.0633344150270765,0.3927449609251299,1.4560793759522064,0.5496503309689105,0.7324414715719063,-0.03503416704630051,244,False,False,False,False,False
remove_local_accessibility,ENSMUSG00000020821|Kif1c|80,decrease,300,1891,-1.180323167495145,1.180323167495145,2.25635628383436,1.0760331163392147,0.4061879924249203,0.3712374581939799,-0.03503416704630051,274,False,False,False,False,False
remove_local_accessibility,ENSMUSG00000025795|Rassf3|91,increase,300,2066,-0.6801731110431399,-0.6801731110431399,4.60002980636361,5.28020291740675,0.6202551285875012,0.6421404682274248,0.31452659320258186,127,False,False,False,False,False
remove_local_accessibility,ENSMUSG00000025795|Rassf3|91,decrease,300,2227,-3.019012344830419,3.019012344830419,3.912923451163313,0.8939111063328942,0.10500599254935672,0.8394648829431438,0.31452659320258186,81,False,False,False,False,False
remove_local_accessibility,ENSMUSG00000026031|Cflar_1|14,increase,300,2440,-1.46407029101107,-1.46407029101107,-0.03787780047631,1.4261924905347598,0.6355878433001199,0.2809364548494983,0.1967707182394302,45,False,False,False,False,False
remove_local_accessibility,ENSMUSG00000026031|Cflar_1|14,decrease,300,2443,-1.175520119788582,1.175520119788582,2.281772968655797,1.106252848867215,0.49300558446531084,0.43812709030100333,0.1967707182394302,31,False,False,False,False,False
remove_local_accessibility,ENSMUSG00000029761|Cald1|58,increase,300,3499,-0.595967568215822,-0.595967568215822,1.58453379595619,2.180501364172012,0.6063816251208793,0.9665551839464883,0.11527772530805898,50,False,False,False,False,False
remove_local_accessibility,ENSMUSG00000029761|Cald1|58,decrease,300,3475,-1.650387109512579,1.650387109512579,2.011388761455307,0.36100165194272793,0.10039194286836721,0.9899665551839465,0.11527772530805898,88,False,False,False,False,False
remove_local_accessibility,ENSMUSG00000031207|Msn|48,increase,300,3907,-0.738487333051269,-0.738487333051269,0.927029935540179,1.665517268591448,0.11901401064984565,0.32441471571906355,-0.10250628781957795,231,False,False,False,False,False
remove_local_accessibility,ENSMUSG00000031207|Msn|48,decrease,300,3646,-7.373746133777521,7.373746133777521,13.06726585784848,5.693519724070958,0.40684574687643477,0.9899665551839465,-0.10250628781957795,213,False,False,False,False,False
remove_local_accessibility,ENSMUSG00000031442|Mcf2l|7,increase,300,4033,-1.939301671828935,-1.939301671828935,-0.07832170175515,1.860979970073785,0.5638657912356713,0.1505016722408027,-0.0023035901094246164,59,False,False,False,False,False
remove_local_accessibility,ENSMUSG00000031442|Mcf2l|7,decrease,300,4179,-1.491529995128452,1.491529995128452,3.37871693586854,1.8871869407400879,0.571806346474457,0.44481605351170567,-0.0023035901094246164,140,False,False,False,False,False
remove_local_accessibility,ENSMUSG00000034109|Golim4|56,increase,300,4660,-1.047831104046702,-1.047831104046702,0.484793975374524,1.5326250794212262,0.538637985276441,0.68561872909699,0.20788742973538069,66,False,False,False,False,False
remove_local_accessibility,ENSMUSG00000034109|Golim4|56,decrease,300,4459,-1.393147151282757,1.393147151282757,2.360577352521426,0.9674302012386691,0.3400013881330733,0.745819397993311,0.20788742973538069,216,False,False,False,False,False
remove_local_accessibility,ENSMUSG00000046447|Camk2n1|12,increase,300,4845,-1.712227334195746,-1.712227334195746,1.44085023841015,3.1530775726058957,0.3111536637295225,0.4180602006688963,0.11057054188904358,42,False,False,False,False,False
remove_local_accessibility,ENSMUSG00000046447|Camk2n1|12,decrease,300,4909,-1.6446833656529989,1.6446833656529989,8.69265593603998,7.047972570386981,0.6955117457921145,0.5351170568561873,0.11057054188904358,253,False,False,False,False,False
remove_local_accessibility,ENSMUSG00000048482|Bdnf|56,increase,300,5202,-1.1762399290247867,-1.1762399290247867,1.66331537623178,2.8395553052565665,0.8663929772820278,0.46488294314381273,0.1481629795886621,7,False,False,False,True,False
remove_local_accessibility,ENSMUSG00000048482|Bdnf|56,decrease,300,5370,-0.9983267955464312,0.9983267955464312,1.614129593560762,0.6158027980143308,0.18789111752906418,0.17391304347826086,0.1481629795886621,179,False,False,False,False,False
remove_local_accessibility,ENSMUSG00000049517|Rps23|11+12,increase,270,5812,-1.12628507451011,-1.12628507451011,-0.5984196522010301,0.52786542230908,0.36191371888255613,0.8364312267657993,0.16132375620077422,44,False,False,False,False,False
remove_local_accessibility,ENSMUSG00000049517|Rps23|11+12,decrease,270,5732,-1.25220826067689,1.25220826067689,2.056959063027776,0.8047508023508858,0.5517511535013839,0.3828996282527881,0.16132375620077422,88,False,False,False,False,False
remove_local_accessibility,ENSMUSG00000061518|Cox5b|6+7,increase,270,6158,0.0,0.0,3.78090467072406,3.78090467072406,0.8613385622084222,0.14684014869888476,0.4881292297987991,173,False,False,False,False,False
remove_local_accessibility,ENSMUSG00000061518|Cox5b|6+7,decrease,270,6030,-0.453311232674253,0.453311232674253,0.608663887579007,0.15535265490475403,0.03539132669676556,0.9925650557620818,0.4881292297987991,8,False,False,False,True,True
remove_stability_auxiliary,ENSMUSG00000006699|Cdc42_2|31,increase,300,84,-0.890292594398455,-0.890292594398455,0.566351838982787,1.4566444333812418,0.6505912614994116,0.8862876254180602,0.09257925088056533,15,False,False,False,False,False
remove_stability_auxiliary,ENSMUSG00000006699|Cdc42_2|31,decrease,300,199,-0.8968166421976052,0.8968166421976052,1.672602969638723,0.7757863274411179,0.34649485753522535,0.12709030100334448,0.09257925088056533,231,False,False,False,False,False
remove_stability_auxiliary,ENSMUSG00000014294|Ndufa2|11+12,increase,255,699,-1.071305985155744,-1.071305985155744,1.8330244235936897,2.9043304087494337,0.7489793578066981,0.7795275590551181,-0.06185535309020087,144,False,False,False,False,False
remove_stability_auxiliary,ENSMUSG00000014294|Ndufa2|11+12,decrease,255,686,-1.521620557769164,1.521620557769164,2.0446931376144573,0.5230725798452933,0.13489187172320102,0.968503937007874,-0.06185535309020087,39,False,False,False,False,False
remove_stability_auxiliary,ENSMUSG00000015222|Map2|5,increase,300,1102,0.150657131853914,0.150657131853914,2.6879719646066,2.537314832752686,0.7030863901977698,0.23076923076923078,0.42787090354900953,29,False,False,False,False,False
remove_stability_auxiliary,ENSMUSG00000015222|Map2|5,decrease,300,967,-0.2780362394021,0.2780362394021,0.920851742020647,0.642815502618547,0.17812327641222264,0.939799331103679,0.42787090354900953,6,False,False,False,True,False
remove_stability_auxiliary,ENSMUSG00000019820|Utrn|61,increase,300,1251,-1.586179823417577,-1.586179823417577,1.71405375981714,3.300233583234717,0.9075554563453588,0.07692307692307693,0.2320568006311181,159,False,False,False,False,False
remove_stability_auxiliary,ENSMUSG00000019820|Utrn|61,decrease,300,1425,-1.657725531935665,1.657725531935665,1.922345052134749,0.26461952019908397,0.07276966413291883,0.9632107023411371,0.2320568006311181,94,False,False,False,False,True
remove_stability_auxiliary,ENSMUSG00000020821|Kif1c|80,increase,300,1835,-1.0633344150270765,-1.0633344150270765,0.3927449609251299,1.4560793759522064,0.5496503309689105,0.7324414715719063,-0.04065467394082156,251,False,False,False,False,False
remove_stability_auxiliary,ENSMUSG00000020821|Kif1c|80,decrease,300,1891,-1.180323167495145,1.180323167495145,2.25635628383436,1.0760331163392147,0.4061879924249203,0.3712374581939799,-0.04065467394082156,273,False,False,False,False,False
remove_stability_auxiliary,ENSMUSG00000025795|Rassf3|91,increase,300,2066,-0.6801731110431399,-0.6801731110431399,4.60002980636361,5.28020291740675,0.6202551285875012,0.6421404682274248,0.30517489380638363,128,False,False,False,False,False
remove_stability_auxiliary,ENSMUSG00000025795|Rassf3|91,decrease,300,2221,-2.858034709848386,2.858034709848386,3.912923451163313,1.0548887413149273,0.12391572106686044,0.802675585284281,0.30517489380638363,84,False,False,False,False,False
remove_stability_auxiliary,ENSMUSG00000026031|Cflar_1|14,increase,300,2468,-1.53227102589664,-1.53227102589664,-0.03787780047631,1.49439322542033,0.6659817475487317,0.2140468227424749,0.29458562632282215,30,False,False,False,False,False
remove_stability_auxiliary,ENSMUSG00000026031|Cflar_1|14,decrease,300,2443,-1.175520119788582,1.175520119788582,2.281772968655797,1.106252848867215,0.49300558446531084,0.43812709030100333,0.29458562632282215,30,False,False,False,False,False
remove_stability_auxiliary,ENSMUSG00000029761|Cald1|58,increase,300,3499,-0.595967568215822,-0.595967568215822,1.58453379595619,2.180501364172012,0.6063816251208793,0.9665551839464883,0.10400871120790231,32,False,False,False,False,False
remove_stability_auxiliary,ENSMUSG00000029761|Cald1|58,decrease,300,3475,-1.650387109512579,1.650387109512579,2.011388761455307,0.36100165194272793,0.10039194286836721,0.9899665551839465,0.10400871120790231,105,False,False,False,False,False
remove_stability_auxiliary,ENSMUSG00000031207|Msn|48,increase,300,3907,-0.738487333051269,-0.738487333051269,0.927029935540179,1.665517268591448,0.11901401064984565,0.32441471571906355,-0.09950501198531043,236,False,False,False,False,False
remove_stability_auxiliary,ENSMUSG00000031207|Msn|48,decrease,300,3646,-7.373746133777521,7.373746133777521,13.06726585784848,5.693519724070958,0.40684574687643477,0.9899665551839465,-0.09950501198531043,230,False,False,False,False,False
remove_stability_auxiliary,ENSMUSG00000031442|Mcf2l|7,increase,300,4033,-1.939301671828935,-1.939301671828935,-0.07832170175515,1.860979970073785,0.5638657912356713,0.1505016722408027,0.0037038333353058145,56,False,False,False,False,False
remove_stability_auxiliary,ENSMUSG00000031442|Mcf2l|7,decrease,300,4179,-1.491529995128452,1.491529995128452,3.37871693586854,1.8871869407400879,0.571806346474457,0.44481605351170567,0.0037038333353058145,144,False,False,False,False,False
remove_stability_auxiliary,ENSMUSG00000034109|Golim4|56,increase,300,4660,-1.047831104046702,-1.047831104046702,0.484793975374524,1.5326250794212262,0.538637985276441,0.68561872909699,0.20942922635734032,114,False,False,False,False,False
remove_stability_auxiliary,ENSMUSG00000034109|Golim4|56,decrease,300,4459,-1.393147151282757,1.393147151282757,2.360577352521426,0.9674302012386691,0.3400013881330733,0.745819397993311,0.20942922635734032,265,False,False,False,False,False
remove_stability_auxiliary,ENSMUSG00000046447|Camk2n1|12,increase,300,4845,-1.712227334195746,-1.712227334195746,1.44085023841015,3.1530775726058957,0.3111536637295225,0.4180602006688963,0.11547347688349231,42,False,False,False,False,False
remove_stability_auxiliary,ENSMUSG00000046447|Camk2n1|12,decrease,300,4909,-1.6446833656529989,1.6446833656529989,8.69265593603998,7.047972570386981,0.6955117457921145,0.5351170568561873,0.11547347688349231,255,False,False,False,False,False
remove_stability_auxiliary,ENSMUSG00000048482|Bdnf|56,increase,300,5168,-1.1866907215970006,-1.1866907215970006,1.66331537623178,2.8500060978287807,0.8695816784405634,0.43812709030100333,0.14798919987999865,9,False,False,False,True,False
remove_stability_auxiliary,ENSMUSG00000048482|Bdnf|56,decrease,300,5370,-0.9983267955464312,0.9983267955464312,1.614129593560762,0.6158027980143308,0.18789111752906418,0.17391304347826086,0.14798919987999865,187,False,False,False,False,False
remove_stability_auxiliary,ENSMUSG00000049517|Rps23|11+12,increase,270,5581,-1.6520901303551,-1.6520901303551,-0.5984196522010301,1.05367047815407,0.7224148146650468,0.06319702602230483,0.13215888171544618,74,False,False,False,False,False
remove_stability_auxiliary,ENSMUSG00000049517|Rps23|11+12,decrease,270,5732,-1.25220826067689,1.25220826067689,2.056959063027776,0.8047508023508858,0.5517511535013839,0.3828996282527881,0.13215888171544618,153,False,False,False,False,False
remove_stability_auxiliary,ENSMUSG00000061518|Cox5b|6+7,increase,270,6158,0.0,0.0,3.78090467072406,3.78090467072406,0.8613385622084222,0.14684014869888476,0.4652163135127066,144,False,False,False,False,False
remove_stability_auxiliary,ENSMUSG00000061518|Cox5b|6+7,decrease,270,6030,-0.453311232674253,0.453311232674253,0.608663887579007,0.15535265490475403,0.03539132669676556,0.9925650557620818,0.4652163135127066,14,False,False,False,False,True
remove_parent_state_interactions,ENSMUSG00000006699|Cdc42_2|31,increase,300,114,0.177978727148467,0.177978727148467,0.566351838982787,0.38837311183432,0.17346179134068157,0.9933110367892977,0.08077778641984912,12,False,False,False,False,False
remove_parent_state_interactions,ENSMUSG00000006699|Cdc42_2|31,decrease,300,199,-0.8968166421976052,0.8968166421976052,1.672602969638723,0.7757863274411179,0.34649485753522535,0.12709030100334448,0.08077778641984912,180,False,False,False,False,False
remove_parent_state_interactions,ENSMUSG00000014294|Ndufa2|11+12,increase,255,699,-1.071305985155744,-1.071305985155744,1.8330244235936897,2.9043304087494337,0.7489793578066981,0.7795275590551181,-0.06434806665133529,152,False,False,False,False,False
remove_parent_state_interactions,ENSMUSG00000014294|Ndufa2|11+12,decrease,255,686,-1.521620557769164,1.521620557769164,2.0446931376144573,0.5230725798452933,0.13489187172320102,0.968503937007874,-0.06434806665133529,40,False,False,False,False,False
remove_parent_state_interactions,ENSMUSG00000015222|Map2|5,increase,300,1102,0.150657131853914,0.150657131853914,2.6879719646066,2.537314832752686,0.7030863901977698,0.23076923076923078,0.4218676456910616,33,False,False,False,False,False
remove_parent_state_interactions,ENSMUSG00000015222|Map2|5,decrease,300,968,-0.2812013218055,0.2812013218055,0.920851742020647,0.639650420215147,0.1772462365065083,0.9431438127090301,0.4218676456910616,8,False,False,False,True,False
remove_parent_state_interactions,ENSMUSG00000019820|Utrn|61,increase,300,1505,-0.654823817632066,-0.654823817632066,1.71405375981714,2.368877577449206,0.6514350322806528,0.9899665551839465,0.27802797808864543,124,False,False,False,False,False
remove_parent_state_interactions,ENSMUSG00000019820|Utrn|61,decrease,300,1425,-1.657725531935665,1.657725531935665,1.922345052134749,0.26461952019908397,0.07276966413291883,0.9632107023411371,0.27802797808864543,74,False,False,False,False,True
remove_parent_state_interactions,ENSMUSG00000020821|Kif1c|80,increase,300,1835,-1.0633344150270765,-1.0633344150270765,0.3927449609251299,1.4560793759522064,0.5496503309689105,0.7324414715719063,-0.04573295258836209,245,False,False,False,False,False
remove_parent_state_interactions,ENSMUSG00000020821|Kif1c|80,decrease,300,1891,-1.180323167495145,1.180323167495145,2.25635628383436,1.0760331163392147,0.4061879924249203,0.3712374581939799,-0.04573295258836209,276,False,False,False,False,False
remove_parent_state_interactions,ENSMUSG00000025795|Rassf3|91,increase,300,2066,-0.6801731110431399,-0.6801731110431399,4.60002980636361,5.28020291740675,0.6202551285875012,0.6421404682274248,0.3077564508820327,123,False,False,False,False,False
remove_parent_state_interactions,ENSMUSG00000025795|Rassf3|91,decrease,300,2227,-3.019012344830419,3.019012344830419,3.912923451163313,0.8939111063328942,0.10500599254935672,0.8394648829431438,0.3077564508820327,88,False,False,False,False,False
remove_parent_state_interactions,ENSMUSG00000026031|Cflar_1|14,increase,300,2468,-1.53227102589664,-1.53227102589664,-0.03787780047631,1.49439322542033,0.6659817475487317,0.2140468227424749,0.2820192588892417,46,False,False,False,False,False
remove_parent_state_interactions,ENSMUSG00000026031|Cflar_1|14,decrease,300,2443,-1.175520119788582,1.175520119788582,2.281772968655797,1.106252848867215,0.49300558446531084,0.43812709030100333,0.2820192588892417,32,False,False,False,False,False
remove_parent_state_interactions,ENSMUSG00000029761|Cald1|58,increase,300,3499,-0.595967568215822,-0.595967568215822,1.58453379595619,2.180501364172012,0.6063816251208793,0.9665551839464883,0.09907310081223124,33,False,False,False,False,False
remove_parent_state_interactions,ENSMUSG00000029761|Cald1|58,decrease,300,3404,-0.9768899358169928,0.9768899358169928,2.011388761455307,1.0344988256383143,0.28768662537131834,0.22408026755852842,0.09907310081223124,88,False,False,False,False,False
remove_parent_state_interactions,ENSMUSG00000031207|Msn|48,increase,300,3843,-0.291811015385381,-0.291811015385381,0.927029935540179,1.21884095092556,0.08709555442592391,0.6722408026755853,-0.1131450924265625,147,False,False,False,False,True
remove_parent_state_interactions,ENSMUSG00000031207|Msn|48,decrease,300,3635,-0.291811015385381,0.291811015385381,13.06726585784848,12.775454842463098,0.912904445574076,0.3277591973244147,-0.1131450924265625,246,False,False,False,False,False
remove_parent_state_interactions,ENSMUSG00000031442|Mcf2l|7,increase,300,4033,-1.939301671828935,-1.939301671828935,-0.07832170175515,1.860979970073785,0.5638657912356713,0.1505016722408027,0.027139740429645006,68,False,False,False,False,False
remove_parent_state_interactions,ENSMUSG00000031442|Mcf2l|7,decrease,300,4179,-1.491529995128452,1.491529995128452,3.37871693586854,1.8871869407400879,0.571806346474457,0.44481605351170567,0.027139740429645006,133,False,False,False,False,False
remove_parent_state_interactions,ENSMUSG00000034109|Golim4|56,increase,300,4660,-1.047831104046702,-1.047831104046702,0.484793975374524,1.5326250794212262,0.538637985276441,0.68561872909699,0.2099230101702539,19,False,False,False,False,False
remove_parent_state_interactions,ENSMUSG00000034109|Golim4|56,decrease,300,4459,-1.393147151282757,1.393147151282757,2.360577352521426,0.9674302012386691,0.3400013881330733,0.745819397993311,0.2099230101702539,68,False,False,False,False,False
remove_parent_state_interactions,ENSMUSG00000046447|Camk2n1|12,increase,300,4845,-1.712227334195746,-1.712227334195746,1.44085023841015,3.1530775726058957,0.3111536637295225,0.4180602006688963,0.11165879874518743,42,False,False,False,False,False
remove_parent_state_interactions,ENSMUSG00000046447|Camk2n1|12,decrease,300,4909,-1.6446833656529989,1.6446833656529989,8.69265593603998,7.047972570386981,0.6955117457921145,0.5351170568561873,0.11165879874518743,260,False,False,False,False,False
remove_parent_state_interactions,ENSMUSG00000048482|Bdnf|56,increase,300,5168,-1.1866907215970006,-1.1866907215970006,1.66331537623178,2.8500060978287807,0.8695816784405634,0.43812709030100333,0.13102190024333604,7,False,False,False,True,False
remove_parent_state_interactions,ENSMUSG00000048482|Bdnf|56,decrease,300,5370,-0.9983267955464312,0.9983267955464312,1.614129593560762,0.6158027980143308,0.18789111752906418,0.17391304347826086,0.13102190024333604,181,False,False,False,False,False
remove_parent_state_interactions,ENSMUSG00000049517|Rps23|11+12,increase,270,5812,-1.12628507451011,-1.12628507451011,-0.5984196522010301,0.52786542230908,0.36191371888255613,0.8364312267657993,0.11914970280021468,40,False,False,False,False,False
remove_parent_state_interactions,ENSMUSG00000049517|Rps23|11+12,decrease,270,5732,-1.25220826067689,1.25220826067689,2.056959063027776,0.8047508023508858,0.5517511535013839,0.3828996282527881,0.11914970280021468,179,False,False,False,False,False
remove_parent_state_interactions,ENSMUSG00000061518|Cox5b|6+7,increase,270,6158,0.0,0.0,3.78090467072406,3.78090467072406,0.8613385622084222,0.14684014869888476,0.46253165152759107,151,False,False,False,False,False
remove_parent_state_interactions,ENSMUSG00000061518|Cox5b|6+7,decrease,270,6030,-0.453311232674253,0.453311232674253,0.608663887579007,0.15535265490475403,0.03539132669676556,0.9925650557620818,0.46253165152759107,16,False,False,False,False,True
