model,seed,dataset,requested_direction,evaluation,biological_units,decision_sets,directional_rank_percentile,normalized_regret,selected_normalized_utility,selected_experimental_utility,good_selection_at_1,good_selection_at_3,good_selection_at_5,oracle_recovered,spearman,random_expected_regret
absolute_forward_difference,17,mikl_gse173098,decrease,baseline,189,378,0.5026955841725721,0.5130146059646987,0.4869853940353013,0.11445933138983605,0.07407407407407407,0.18253968253968253,0.2777777777777778,0.04497354497354497,0.03146324441235763,0.5238580991832553
absolute_forward_difference,17,mikl_gse173098,increase,baseline,189,378,0.4684015249555255,0.5107064243208804,0.4892935756791196,-0.27998317774946524,0.04497354497354497,0.17195767195767195,0.291005291005291,0.021164021164021163,-0.02701343292535554,0.4761419008167446
absolute_forward_difference,17,moffatt_gse334718,decrease,baseline,8,51,0.6825460534431244,0.311544259508771,0.688455740491229,0.13232504770046136,0.062103174603174605,0.12420634920634921,0.20416666666666666,0.017857142857142856,0.19381523959923846,0.40927164530370963
absolute_forward_difference,17,moffatt_gse334718,increase,baseline,8,51,0.36865192794522794,0.7380731035292794,0.26192689647072076,-0.297588119672627,0.0,0.0,0.0,0.0,-0.09206753675455873,0.5907283546962904
absolute_forward_difference,17,tdp43_gse288185,decrease,baseline,16,16,0.703870960795053,0.4228750199938369,0.5771249800061631,0.8335472972256008,0.1875,0.25,0.25,0.0625,0.25199399459614374,0.6172471817965034
absolute_forward_difference,17,tdp43_gse288185,increase,baseline,16,16,0.3185896528214648,0.5318700167834367,0.4681299832165633,-0.6314964023937022,0.0625,0.0625,0.125,0.0,-0.2470579644393142,0.38275281820349666
dfl_global,17,mikl_gse173098,decrease,outer_grouped,189,378,0.4897401218251681,0.5341951950889663,0.46580480491103377,0.16006257625982884,0.06349206349206349,0.17195767195767195,0.2857142857142857,0.037037037037037035,0.006974965989784917,0.5238580991832553
dfl_global,17,mikl_gse173098,increase,outer_grouped,189,378,0.5015074251978516,0.49021909922526297,0.509780900774737,-0.20930424627910976,0.07407407407407407,0.23544973544973544,0.36772486772486773,0.042328042328042326,0.0018098627877008505,0.4761419008167446
dfl_global,17,moffatt_gse334718,decrease,outer_grouped,8,51,0.7002619130326123,0.23970995240956325,0.7602900475904367,0.46640714786055637,0.24781746031746033,0.3363095238095238,0.41369047619047616,0.0,0.2799691984265536,0.40927164530370963
dfl_global,17,moffatt_gse334718,increase,outer_grouped,8,51,0.5740149024925825,0.538348484006463,0.46165151599353704,0.7349065199373854,0.0125,0.02638888888888889,0.02638888888888889,0.0,0.3493723863735752,0.5907283546962904
dfl_global,17,tdp43_gse288185,decrease,outer_grouped,16,16,0.6299141739069845,0.5885097837307123,0.4114902162692878,0.27917387138762834,0.0,0.0625,0.0625,0.0,0.18490328044029894,0.6172471817965034
dfl_global,17,tdp43_gse288185,increase,outer_grouped,16,16,0.4765928406672397,0.35194632420361655,0.6480536757963834,-0.041360165237225126,0.125,0.3125,0.375,0.0,0.16767703279091306,0.38275281820349666
dfl_global,41,mikl_gse173098,decrease,outer_grouped,189,378,0.5288505286415944,0.5037282972691431,0.4962717027308569,0.23338621654398403,0.06084656084656084,0.21428571428571427,0.30952380952380953,0.03968253968253968,0.04541912569054125,0.5238580991832553
dfl_global,41,mikl_gse173098,increase,outer_grouped,189,378,0.5060454752679069,0.47284627271193486,0.5271537272880651,-0.18728192351937145,0.09523809523809523,0.21693121693121692,0.3148148148148148,0.04497354497354497,0.015667514358718982,0.4761419008167446
dfl_global,41,moffatt_gse334718,decrease,outer_grouped,8,51,0.7613030493695161,0.22464349218412596,0.7753565078158741,0.44192535449114057,0.23134920634920636,0.29345238095238096,0.3501984126984127,0.0,0.3323973803650221,0.40927164530370963
dfl_global,41,moffatt_gse334718,increase,outer_grouped,8,51,0.7228254457352086,0.4122156902796337,0.5877843097203663,1.1537112633536448,0.013888888888888888,0.1871031746031746,0.1871031746031746,0.0,0.29169680108632706,0.5907283546962904
dfl_global,41,tdp43_gse288185,decrease,outer_grouped,16,16,0.7506231527384545,0.4353519658506941,0.5646480341493059,0.7336373127674899,0.0,0.1875,0.25,0.0,0.24913063430275925,0.6172471817965034
dfl_global,41,tdp43_gse288185,increase,outer_grouped,16,16,0.4080620910901506,0.4587184007404326,0.5412815992595674,-0.2223747884150931,0.125,0.3125,0.3125,0.0,0.17807606883725682,0.38275281820349666
dfl_global,89,mikl_gse173098,decrease,outer_grouped,189,378,0.5041861623061821,0.519446987546733,0.48055301245326704,0.15525067479443,0.05555555555555555,0.17195767195767195,0.291005291005291,0.042328042328042326,0.02307065530430855,0.5238580991832553
dfl_global,89,mikl_gse173098,increase,outer_grouped,189,378,0.5205985995529993,0.4592743980951529,0.5407256019048471,-0.04909664269688717,0.0873015873015873,0.23544973544973544,0.35185185185185186,0.05291005291005291,0.036085416498334535,0.4761419008167446
dfl_global,89,moffatt_gse334718,decrease,outer_grouped,8,51,0.7420196170093676,0.21082226966789497,0.789177730332105,0.5412726083903758,0.24384920634920634,0.35555555555555557,0.36944444444444446,0.017857142857142856,0.3322032477367412,0.40927164530370963
dfl_global,89,moffatt_gse334718,increase,outer_grouped,8,51,0.5806492216295799,0.5272702777996776,0.4727297222003224,0.7872386826688506,0.02638888888888889,0.04027777777777777,0.05277777777777778,0.0125,0.3341279419895905,0.5907283546962904
dfl_global,89,tdp43_gse288185,decrease,outer_grouped,16,16,0.7254356494396055,0.464298321644094,0.535701678355906,0.6434641581775721,0.0625,0.1875,0.25,0.0625,0.20040962641843085,0.6172471817965034
dfl_global,89,tdp43_gse288185,increase,outer_grouped,16,16,0.5009629823417183,0.3409197439538113,0.6590802560461887,-0.0039206148286710105,0.25,0.25,0.375,0.0625,0.17921393260074547,0.38275281820349666
dfl_hierarchical,17,mikl_gse173098,decrease,outer_grouped,189,378,0.5004034829854591,0.5241639094673813,0.47583609053261866,0.18522357958865454,0.06878306878306878,0.2275132275132275,0.3306878306878307,0.037037037037037035,0.0421259477845902,0.5238580991832553
dfl_hierarchical,17,mikl_gse173098,increase,outer_grouped,189,378,0.5113789109126368,0.46804737785966416,0.5319526221403359,-0.1205511724667231,0.09523809523809523,0.23544973544973544,0.36243386243386244,0.05026455026455026,0.034090165875013505,0.4761419008167446
dfl_hierarchical,17,moffatt_gse334718,decrease,outer_grouped,8,51,0.7277495422927462,0.296897051467232,0.703102948532768,0.3492112748479971,0.19960317460317462,0.2563492063492063,0.3501984126984127,0.017857142857142856,0.2744314307869457,0.40927164530370963
dfl_hierarchical,17,moffatt_gse334718,increase,outer_grouped,8,51,0.6343717821866648,0.49106408513501465,0.5089359148649854,0.9313709929552987,0.025,0.08849206349206348,0.11488095238095238,0.0125,0.321328601742986,0.5907283546962904
dfl_hierarchical,17,tdp43_gse288185,decrease,outer_grouped,16,16,0.7002018511851363,0.47597250320291506,0.5240274967970849,0.6213818553775663,0.0,0.125,0.3125,0.0,0.10748697660497443,0.6172471817965034
dfl_hierarchical,17,tdp43_gse288185,increase,outer_grouped,16,16,0.5363565557219562,0.34665516540808927,0.6533448345919107,-0.14646418457497096,0.0625,0.125,0.25,0.0,0.08936926626807215,0.38275281820349666
dfl_hierarchical,41,mikl_gse173098,decrease,outer_grouped,189,378,0.48674509807644406,0.5255794118097025,0.4744205881902975,0.16080435792634035,0.06613756613756613,0.23015873015873015,0.3412698412698413,0.037037037037037035,0.04204685354031463,0.5238580991832553
dfl_hierarchical,41,mikl_gse173098,increase,outer_grouped,189,378,0.5285236886516003,0.4564756131592157,0.5435243868407843,-0.076552436269335,0.09523809523809523,0.24867724867724866,0.3544973544973545,0.05555555555555555,0.04240787123507171,0.4761419008167446
dfl_hierarchical,41,moffatt_gse334718,decrease,outer_grouped,8,51,0.7459840815658089,0.21669562132122822,0.7833043786787718,0.49366780074308214,0.2121031746031746,0.2563492063492063,0.3005952380952381,0.0,0.3129581046672008,0.40927164530370963
dfl_hierarchical,41,moffatt_gse334718,increase,outer_grouped,8,51,0.6671167166157792,0.487877458063777,0.512122541936223,0.9603923711938663,0.0125,0.07063492063492063,0.08452380952380953,0.0,0.28417432946002763,0.5907283546962904
dfl_hierarchical,41,tdp43_gse288185,decrease,outer_grouped,16,16,0.5808455501803903,0.5215478034474871,0.478452196552513,0.4171998962792719,0.0625,0.25,0.4375,0.0625,0.09452193353638075,0.6172471817965034
dfl_hierarchical,41,tdp43_gse288185,increase,outer_grouped,16,16,0.3931058453269009,0.4178786500540949,0.582121349945905,-0.29460135580216756,0.0,0.125,0.1875,0.0,0.09762849580041297,0.38275281820349666
dfl_hierarchical,89,mikl_gse173098,decrease,outer_grouped,189,378,0.4894868413163548,0.5308139268374937,0.46918607316250627,0.16418772322925687,0.07407407407407407,0.23015873015873015,0.34656084656084657,0.04497354497354497,0.03938253486415896,0.5238580991832553
dfl_hierarchical,89,mikl_gse173098,increase,outer_grouped,189,378,0.5255834320883848,0.45713271578306436,0.5428672842169356,-0.06277520721578643,0.09788359788359788,0.24603174603174602,0.3492063492063492,0.05291005291005291,0.04140922056512311,0.4761419008167446
dfl_hierarchical,89,moffatt_gse334718,decrease,outer_grouped,8,51,0.7662288009141488,0.2240380148597986,0.7759619851402014,0.44576804490762373,0.2134920634920635,0.314484126984127,0.3601190476190476,0.0,0.29634627026303517,0.40927164530370963
dfl_hierarchical,89,moffatt_gse334718,increase,outer_grouped,8,51,0.656842737892228,0.43539620694080233,0.5646037930591977,1.04550440046211,0.013888888888888888,0.07202380952380952,0.09841269841269841,0.013888888888888888,0.30202658351488887,0.5907283546962904
dfl_hierarchical,89,tdp43_gse288185,decrease,outer_grouped,16,16,0.5589122075122231,0.5178918034334649,0.48210819656653514,0.490096106142442,0.0625,0.3125,0.3125,0.0625,0.10913282472394599,0.6172471817965034
dfl_hierarchical,89,tdp43_gse288185,increase,outer_grouped,16,16,0.5698867604267119,0.36588529328024505,0.6341147067197549,-0.15353067650564586,0.0625,0.125,0.3125,0.0,0.11532698558860595,0.38275281820349666
edit_size_heuristic,17,mikl_gse173098,decrease,baseline,189,378,0.487121278786123,0.5251342884367141,0.47486571156328594,0.11792006240156287,0.07407407407407407,0.17989417989417988,0.3148148148148148,0.05291005291005291,-0.007005567596566733,0.5238580991832553
edit_size_heuristic,17,mikl_gse173098,increase,baseline,189,378,0.512878721213877,0.47486571156328594,0.5251342884367141,-0.11792006240156287,0.08465608465608465,0.23015873015873015,0.36507936507936506,0.06084656084656084,0.007005567596566733,0.4761419008167446
edit_size_heuristic,17,moffatt_gse334718,decrease,baseline,8,51,0.7589974547968086,0.2115836835817195,0.7884163164182805,0.517720082155733,0.22599206349206347,0.3904761904761905,0.4525793650793651,0.0,0.3589440183561378,0.40927164530370963
edit_size_heuristic,17,moffatt_gse334718,increase,baseline,8,51,0.2410025452031914,0.7884163164182805,0.21158368358171947,-0.517720082155733,0.017857142857142856,0.017857142857142856,0.017857142857142856,0.017857142857142856,-0.3589440183561378,0.5907283546962904
edit_size_heuristic,17,tdp43_gse288185,decrease,baseline,16,16,0.7464739775675061,0.4974085062476253,0.5025914937523747,0.48900784686461746,0.0,0.0,0.0625,0.0,0.2925710484559934,0.6172471817965034
edit_size_heuristic,17,tdp43_gse288185,increase,baseline,16,16,0.25352602243249395,0.5025914937523748,0.4974085062476253,-0.48900784686461746,0.0625,0.125,0.1875,0.0,-0.2925710484559934,0.38275281820349666
nearest_neighbor,17,mikl_gse173098,decrease,baseline,189,378,0.5191358464167785,0.5144882822299998,0.4855117177700002,0.19332231158476726,0.05291005291005291,0.20105820105820105,0.2804232804232804,0.037037037037037035,0.027110142455123835,0.5238580991832553
nearest_neighbor,17,mikl_gse173098,increase,baseline,189,378,0.48516722658239153,0.49279557902307736,0.5072044209769226,-0.22887541050826685,0.06349206349206349,0.23544973544973544,0.36507936507936506,0.031746031746031744,0.027110142455123835,0.4761419008167446
nearest_neighbor,17,moffatt_gse334718,decrease,baseline,8,51,0.6469852959892193,0.2970949522388569,0.702905047761143,0.19564052062215642,0.08392857142857142,0.33630952380952384,0.40773809523809523,0.017857142857142856,0.23700950776110874,0.40927164530370963
nearest_neighbor,17,moffatt_gse334718,increase,baseline,8,51,0.4916752598083557,0.5898574849355036,0.41014251506449634,0.42388486039046924,0.0,0.15138888888888888,0.18313492063492065,0.0,0.2370094833311478,0.5907283546962904
nearest_neighbor,17,tdp43_gse288185,decrease,baseline,16,16,0.5606403592116096,0.5332650753218481,0.4667349246781519,0.6686903566795412,0.0,0.125,0.375,0.0,0.10039274089406554,0.6172471817965034
nearest_neighbor,17,tdp43_gse288185,increase,baseline,16,16,0.5848117027735819,0.3150727845509004,0.6849272154490996,-0.013269844337236918,0.1875,0.3125,0.3125,0.0,0.10039274089406554,0.38275281820349666
pairwise_global,17,mikl_gse173098,decrease,outer_grouped,189,378,0.5382990115009367,0.49935425175609216,0.5006457482439078,0.2682902816252533,0.082010582010582,0.20634920634920634,0.32275132275132273,0.0582010582010582,0.07093940274353819,0.5238580991832553
pairwise_global,17,mikl_gse173098,increase,outer_grouped,189,378,0.5485447339860058,0.4542241560841363,0.5457758439158638,-0.07336646780283745,0.09788359788359788,0.2698412698412698,0.3888888888888889,0.06084656084656084,0.0705845265246842,0.4761419008167446
pairwise_global,17,moffatt_gse334718,decrease,outer_grouped,8,51,0.6221201432975884,0.2884455356633397,0.7115544643366603,0.12314068020821292,0.2367063492063492,0.3376984126984127,0.3873015873015873,0.017857142857142856,0.11690152495526765,0.40927164530370963
pairwise_global,17,moffatt_gse334718,increase,outer_grouped,8,51,0.5510154264826,0.5390843107735999,0.46091568922640014,0.7357703107429852,0.031746031746031744,0.04424603174603174,0.16924603174603176,0.013888888888888888,0.11203155199277397,0.5907283546962904
pairwise_global,17,tdp43_gse288185,decrease,outer_grouped,16,16,0.6926424520601494,0.5065377664602193,0.49346223353978075,0.6281648950934446,0.0,0.1875,0.1875,0.0,0.11837380767272519,0.6172471817965034
pairwise_global,17,tdp43_gse288185,increase,outer_grouped,16,16,0.6482865049336684,0.31797241117455216,0.6820275888254479,0.027818033616892973,0.25,0.3125,0.3125,0.0,0.12001218575516985,0.38275281820349666
pairwise_global,41,mikl_gse173098,decrease,outer_grouped,189,378,0.5352233259704553,0.5003693642466638,0.49963063575333616,0.26364271368054365,0.08465608465608465,0.2037037037037037,0.32275132275132273,0.06084656084656084,0.07121280744669653,0.5238580991832553
pairwise_global,41,mikl_gse173098,increase,outer_grouped,189,378,0.5517186005900366,0.44996323540154415,0.5500367645984559,-0.06555440224398294,0.10052910052910052,0.2777777777777778,0.3915343915343915,0.06349206349206349,0.07056085514123443,0.4761419008167446
pairwise_global,41,moffatt_gse334718,decrease,outer_grouped,8,51,0.6364432548500246,0.27500009265632364,0.7249999073436764,0.17336135950974169,0.2228174603174603,0.3238095238095238,0.3873015873015873,0.017857142857142856,0.11181949620087886,0.40927164530370963
pairwise_global,41,moffatt_gse334718,increase,outer_grouped,8,51,0.559171688512895,0.5350040258998408,0.4649959741001593,0.7703438763606205,0.013888888888888888,0.04424603174603174,0.16924603174603176,0.013888888888888888,0.11530761704665257,0.5907283546962904
pairwise_global,41,tdp43_gse288185,decrease,outer_grouped,16,16,0.6926424520601494,0.5065377664602193,0.49346223353978075,0.6281648950934446,0.0,0.1875,0.1875,0.0,0.12078618473652906,0.6172471817965034
pairwise_global,41,tdp43_gse288185,increase,outer_grouped,16,16,0.6482865049336684,0.31797241117455216,0.6820275888254479,0.027818033616892973,0.25,0.3125,0.3125,0.0,0.12173648621103209,0.38275281820349666
pairwise_global,89,mikl_gse173098,decrease,outer_grouped,189,378,0.5369305795769492,0.49967356633217763,0.5003264336678224,0.26589664265056273,0.08465608465608465,0.2037037037037037,0.3201058201058201,0.06084656084656084,0.06998430505816035,0.5238580991832553
pairwise_global,89,mikl_gse173098,increase,outer_grouped,189,378,0.5577651829596801,0.44853964322089646,0.5514603567791035,-0.054562423503109865,0.10052910052910052,0.2671957671957672,0.3994708994708995,0.06349206349206349,0.06997314232952964,0.4761419008167446
pairwise_global,89,moffatt_gse334718,decrease,outer_grouped,8,51,0.6263280027845889,0.28492715323755535,0.7150728467624446,0.14161076102381037,0.25456349206349205,0.3113095238095238,0.3873015873015873,0.017857142857142856,0.11161467725742506,0.40927164530370963
pairwise_global,89,moffatt_gse334718,increase,outer_grouped,8,51,0.5638783022258608,0.5307076293171301,0.4692923706828699,0.7902634921878869,0.031746031746031744,0.04424603174603174,0.16924603174603176,0.013888888888888888,0.10947775847731403,0.5907283546962904
pairwise_global,89,tdp43_gse288185,decrease,outer_grouped,16,16,0.6436486878878138,0.5260865874005275,0.4739134125994725,0.6151002356314457,0.0,0.1875,0.1875,0.0,0.11932360039411646,0.6172471817965034
pairwise_global,89,tdp43_gse288185,increase,outer_grouped,16,16,0.6718308236512543,0.2886587043536508,0.7113412956463492,0.041035248961011093,0.3125,0.3125,0.3125,0.0,0.12022993804390546,0.38275281820349666
pairwise_hierarchical,17,mikl_gse173098,decrease,outer_grouped,189,378,0.4970075093612057,0.5242595895117879,0.4757404104882121,0.14533703989741245,0.07407407407407407,0.23015873015873015,0.335978835978836,0.047619047619047616,0.042565394773822054,0.5238580991832553
pairwise_hierarchical,17,mikl_gse173098,increase,outer_grouped,189,378,0.5314808237686308,0.45359568263786737,0.5464043173621326,-0.05427801731190177,0.10317460317460317,0.25396825396825395,0.373015873015873,0.0582010582010582,0.04322367509886056,0.4761419008167446
pairwise_hierarchical,17,moffatt_gse334718,decrease,outer_grouped,8,51,0.7853261246206568,0.20958702618228778,0.7904129738177122,0.5565995708142444,0.18571428571428572,0.29067460317460314,0.3263888888888889,0.0,0.28938165499907526,0.40927164530370963
pairwise_hierarchical,17,moffatt_gse334718,increase,outer_grouped,8,51,0.6046301795851483,0.5109250396923777,0.4890749603076224,0.9157243109054886,0.04027777777777777,0.07202380952380952,0.07202380952380952,0.02638888888888889,0.2905620903682786,0.5907283546962904
pairwise_hierarchical,17,tdp43_gse288185,decrease,outer_grouped,16,16,0.6624858737450834,0.517398423388709,0.48260157661129094,0.4595043957334595,0.0,0.3125,0.3125,0.0,0.06254124052583626,0.6172471817965034
pairwise_hierarchical,17,tdp43_gse288185,increase,outer_grouped,16,16,0.5091724157098438,0.37619776236369673,0.6238022376363033,-0.15592309691767597,0.0625,0.125,0.1875,0.0,0.06220355855235567,0.38275281820349666
pairwise_hierarchical,41,mikl_gse173098,decrease,outer_grouped,189,378,0.4970075093612057,0.5242595895117879,0.4757404104882121,0.14533703989741245,0.07407407407407407,0.23015873015873015,0.335978835978836,0.047619047619047616,0.042212990290588,0.5238580991832553
pairwise_hierarchical,41,mikl_gse173098,increase,outer_grouped,189,378,0.5314309086243761,0.4536054819522882,0.5463945180477118,-0.054345684575390726,0.10317460317460317,0.25396825396825395,0.373015873015873,0.0582010582010582,0.04289977008632692,0.4761419008167446
pairwise_hierarchical,41,moffatt_gse334718,decrease,outer_grouped,8,51,0.7969978113676447,0.20178429634469,0.79821570365531,0.573507558764811,0.18571428571428572,0.29067460317460314,0.3263888888888889,0.0,0.2887982104095422,0.40927164530370963
pairwise_hierarchical,41,moffatt_gse334718,increase,outer_grouped,8,51,0.6046301795851483,0.5109250396923777,0.4890749603076224,0.9157243109054886,0.04027777777777777,0.07202380952380952,0.07202380952380952,0.02638888888888889,0.2896675530629676,0.5907283546962904
pairwise_hierarchical,41,tdp43_gse288185,decrease,outer_grouped,16,16,0.6624858737450834,0.517398423388709,0.48260157661129094,0.4595043957334595,0.0,0.3125,0.3125,0.0,0.06246006559420204,0.6172471817965034
pairwise_hierarchical,41,tdp43_gse288185,increase,outer_grouped,16,16,0.5091724157098438,0.37619776236369673,0.6238022376363033,-0.15592309691767597,0.0625,0.125,0.1875,0.0,0.06208735173087019,0.38275281820349666
pairwise_hierarchical,89,mikl_gse173098,decrease,outer_grouped,189,378,0.4960896001099631,0.5244337655470237,0.47556623445297624,0.1435431256521359,0.07407407407407407,0.23015873015873015,0.335978835978836,0.047619047619047616,0.04276133960002241,0.5238580991832553
pairwise_hierarchical,89,mikl_gse173098,increase,outer_grouped,189,378,0.5323231787474154,0.45330206828548353,0.5466979317145164,-0.052590999935782354,0.10317460317460317,0.25396825396825395,0.373015873015873,0.0582010582010582,0.04249666114601044,0.4761419008167446
pairwise_hierarchical,89,moffatt_gse334718,decrease,outer_grouped,8,51,0.7855160581439236,0.20943819849178127,0.7905618015082188,0.5573353613197525,0.18571428571428572,0.2781746031746032,0.34424603174603174,0.0,0.28842690884126837,0.40927164530370963
pairwise_hierarchical,89,moffatt_gse334718,increase,outer_grouped,8,51,0.6066202557459099,0.5110389605133686,0.4889610394866314,0.9187312620368473,0.04027777777777777,0.07202380952380952,0.07202380952380952,0.02638888888888889,0.28895649730882644,0.5907283546962904
pairwise_hierarchical,89,tdp43_gse288185,decrease,outer_grouped,16,16,0.6624858737450834,0.517398423388709,0.48260157661129094,0.4595043957334595,0.0,0.3125,0.3125,0.0,0.06164890547493007,0.6172471817965034
pairwise_hierarchical,89,tdp43_gse288185,increase,outer_grouped,16,16,0.5091724157098438,0.37619776236369673,0.6238022376363033,-0.15592309691767597,0.0625,0.125,0.1875,0.0,0.06200039001221334,0.38275281820349666
predict_then_rank_global,17,mikl_gse173098,decrease,outer_grouped,189,378,0.4906168495753123,0.5447781366880755,0.4552218633119245,0.10242768198865627,0.05026455026455026,0.21957671957671956,0.335978835978836,0.0291005291005291,0.0287375835679568,0.5238580991832553
predict_then_rank_global,17,mikl_gse173098,increase,outer_grouped,189,378,0.5318732629368094,0.4570428649433291,0.5429571350566709,-0.12839691247267507,0.08465608465608465,0.20899470899470898,0.3148148148148148,0.042328042328042326,0.028737381121755626,0.4761419008167446
predict_then_rank_global,17,moffatt_gse334718,decrease,outer_grouped,8,51,0.790106042331505,0.21666626003922798,0.783333739960772,0.4788129795849218,0.2009920634920635,0.32976190476190476,0.34226190476190477,0.0,0.3259907863498982,0.40927164530370963
predict_then_rank_global,17,moffatt_gse334718,increase,outer_grouped,8,51,0.5072727564766268,0.5492710644199619,0.45072893558003807,0.6639082231375717,0.0125,0.18174603174603174,0.21746031746031746,0.0,0.32599089660713987,0.5907283546962904
predict_then_rank_global,17,tdp43_gse288185,decrease,outer_grouped,16,16,0.5612690797545451,0.5445185240018029,0.4554814759981971,0.6343252453573464,0.0,0.1875,0.1875,0.0,0.14109034606262563,0.6172471817965034
predict_then_rank_global,17,tdp43_gse288185,increase,outer_grouped,16,16,0.622681091346351,0.3003170720283175,0.6996829279716825,0.02173495809018766,0.1875,0.1875,0.25,0.0,0.14108443743049864,0.38275281820349666
predict_then_rank_hierarchical,17,mikl_gse173098,decrease,outer_grouped,189,378,0.49233133002113577,0.5258503385053989,0.47414966149460114,0.1539098516269581,0.07936507936507936,0.20899470899470898,0.3412698412698413,0.05291005291005291,0.04239989072805512,0.5238580991832553
predict_then_rank_hierarchical,17,mikl_gse173098,increase,outer_grouped,189,378,0.5247041125430216,0.46087286685444584,0.5391271331455542,-0.07549848916315686,0.09523809523809523,0.24074074074074073,0.35185185185185186,0.05026455026455026,0.04239982351412795,0.4761419008167446
predict_then_rank_hierarchical,17,moffatt_gse334718,decrease,outer_grouped,8,51,0.7855013603981416,0.2053220857649824,0.7946779142350175,0.591403982621429,0.18035714285714285,0.3005952380952381,0.3859126984126984,0.0,0.3392695608356299,0.40927164530370963
predict_then_rank_hierarchical,17,moffatt_gse334718,increase,outer_grouped,8,51,0.5409487358069218,0.5321577092017611,0.4678422907982389,0.8141274727689622,0.05277777777777778,0.06666666666666667,0.06666666666666667,0.0125,0.3392694753286587,0.5907283546962904
predict_then_rank_hierarchical,17,tdp43_gse288185,decrease,outer_grouped,16,16,0.6915630104788391,0.4551085326235498,0.5448914673764502,0.7609929508139743,0.0,0.3125,0.375,0.0,0.09305855229381134,0.6172471817965034
predict_then_rank_hierarchical,17,tdp43_gse288185,increase,outer_grouped,16,16,0.5099377218322928,0.37989231944847046,0.6201076805515295,-0.1528289264024163,0.125,0.125,0.25,0.0,0.09305855229381134,0.38275281820349666
random_exact,17,mikl_gse173098,decrease,exact_expectation,189,378,0.5,0.5238580991832553,0.4761419008167446,,0.06675038224842088,0.18867479668905293,0.2969545780491352,0.044924575301340856,0.0,0.5238580991832553
random_exact,17,mikl_gse173098,increase,exact_expectation,189,378,0.5,0.4761419008167446,0.5238580991832553,,0.0794459031076734,0.21607896781568695,0.32888733713357937,0.044924575301340856,0.0,0.4761419008167446
random_exact,17,moffatt_gse334718,decrease,exact_expectation,8,51,0.5,0.40927164530370963,0.5907283546962904,,0.024250961121408583,0.06727760057164354,0.10527253585551569,0.005842468698102479,0.0,0.40927164530370963
random_exact,17,moffatt_gse334718,increase,exact_expectation,8,51,0.5,0.5907283546962904,0.40927164530370963,,0.013917455419694724,0.04082929449505828,0.06651722862318371,0.005842468698102479,0.0,0.5907283546962904
random_exact,17,tdp43_gse288185,decrease,exact_expectation,16,16,0.5,0.6172471817965034,0.38275281820349666,,0.03756527448106351,0.09878760335590381,0.14158441880398506,0.015369690949152828,0.0,0.6172471817965034
random_exact,17,tdp43_gse288185,increase,exact_expectation,16,16,0.5,0.38275281820349666,0.6172471817965033,,0.11742826451762758,0.23196858875424828,0.29610323129842797,0.015369690949152828,0.0,0.38275281820349666
ridge_absolute_forward_delta,17,mikl_gse173098,decrease,ablation,189,378,0.5096425348630294,0.5174518169056365,0.48254818309436354,0.18609291783617252,0.08994708994708994,0.21428571428571427,0.30158730158730157,0.05291005291005291,-0.005632638719102834,0.5238580991832553
ridge_absolute_forward_delta,17,mikl_gse173098,increase,ablation,189,378,0.5173887246963755,0.45849927721360095,0.541500722786399,-0.10072414468720985,0.10582010582010581,0.21693121693121692,0.31216931216931215,0.05555555555555555,-0.005632604643156861,0.4761419008167446
ridge_absolute_forward_delta,17,moffatt_gse334718,decrease,ablation,8,51,0.7274470930684751,0.2846981494387001,0.7153018505612999,0.2549002793671417,0.10634920634920635,0.2126984126984127,0.3011904761904762,0.031746031746031744,0.33253714726975325,0.40927164530370963
ridge_absolute_forward_delta,17,moffatt_gse334718,increase,ablation,8,51,0.6505938257493891,0.504564955723951,0.49543504427604895,0.8680146572771696,0.04027777777777777,0.11626984126984127,0.11626984126984127,0.013888888888888888,0.33253788316782257,0.5907283546962904
ridge_absolute_forward_delta,17,tdp43_gse288185,decrease,ablation,16,16,0.7453823311246526,0.4337256670050444,0.5662743329949556,0.7377234480668883,0.0625,0.0625,0.1875,0.0,0.18909747910527935,0.6172471817965034
ridge_absolute_forward_delta,17,tdp43_gse288185,increase,ablation,16,16,0.464194178977951,0.38015515592498256,0.6198448440750175,-0.12031335279923018,0.125,0.1875,0.3125,0.0,0.18909917879344723,0.38275281820349666
ridge_delta_only,17,mikl_gse173098,decrease,ablation,189,378,0.5153488630599488,0.5281431376985908,0.4718568623014092,0.17780247564222643,0.07671957671957672,0.19576719576719576,0.2830687830687831,0.05026455026455026,0.006018940709677401,0.5238580991832553
ridge_delta_only,17,mikl_gse173098,increase,ablation,189,378,0.5033606553098003,0.47734375739617474,0.5226562426038253,-0.17153881868714455,0.07142857142857142,0.2328042328042328,0.3412698412698413,0.04497354497354497,0.006018940709677401,0.4761419008167446
ridge_delta_only,17,moffatt_gse334718,decrease,ablation,8,51,0.6670407314441342,0.36210544172454934,0.6378945582754506,-0.001437201134475652,0.09960317460317461,0.2515873015873016,0.3011904761904762,0.031746031746031744,0.2765570915661015,0.40927164530370963
ridge_delta_only,17,moffatt_gse334718,increase,ablation,8,51,0.5666540350707471,0.5416901094358705,0.4583098905641295,0.730217295966952,0.041666666666666664,0.05416666666666666,0.06666666666666667,0.013888888888888888,0.27655729316226346,0.5907283546962904
ridge_delta_only,17,tdp43_gse288185,decrease,ablation,16,16,0.5779357630790057,0.6057648631520095,0.39423513684799044,0.3500830533240327,0.0,0.1875,0.25,0.0,0.039696537636616624,0.6172471817965034
ridge_delta_only,17,tdp43_gse288185,increase,ablation,16,16,0.4522395382842676,0.40206417910862,0.59793582089138,-0.3472735635922571,0.0625,0.125,0.125,0.0,0.03969653754175961,0.38275281820349666
ridge_edit_only,17,mikl_gse173098,decrease,ablation,189,378,0.4541930307365168,0.5507137967009935,0.44928620329900654,0.07419263564830274,0.07407407407407407,0.17989417989417988,0.2698412698412698,0.05026455026455026,-0.004634702909670153,0.5238580991832553
ridge_edit_only,17,mikl_gse173098,increase,ablation,189,378,0.5013261954168206,0.4750610056084006,0.5249389943915994,-0.16390679702468228,0.0873015873015873,0.2222222222222222,0.30687830687830686,0.05291005291005291,-0.004634687514676769,0.4761419008167446
ridge_edit_only,17,moffatt_gse334718,decrease,ablation,8,51,0.7227805974222314,0.2877654752910754,0.7122345247089247,0.2896585808397396,0.05813492063492064,0.2265873015873016,0.2583333333333333,0.0,0.33025458625733234,0.40927164530370963
ridge_edit_only,17,moffatt_gse334718,increase,ablation,8,51,0.49890874587611417,0.585765387667445,0.41423461233255493,0.4347739562774471,0.0,0.04027777777777777,0.07063492063492063,0.0,0.33025517643273056,0.5907283546962904
ridge_edit_only,17,tdp43_gse288185,decrease,ablation,16,16,0.5887994137714828,0.5647670801197827,0.4352329198802173,0.3995148926665836,0.0625,0.0625,0.0625,0.0,0.1159029327527552,0.6172471817965034
ridge_edit_only,17,tdp43_gse288185,increase,ablation,16,16,0.5288151684227653,0.3693242497191228,0.6306757502808772,-0.024532641657725264,0.125,0.25,0.25,0.0,0.11590724088468819,0.38275281820349666
ridge_metadata_only,17,mikl_gse173098,decrease,ablation,189,378,0.5322043138608936,0.4994916196895615,0.5005083803104384,0.2634127556614846,0.07142857142857142,0.17724867724867724,0.30952380952380953,0.05291005291005291,0.02597439230046015,0.5238580991832553
ridge_metadata_only,17,mikl_gse173098,increase,ablation,189,378,0.5289091023879786,0.45164685835895524,0.5483531416410448,-0.06997949405117965,0.12169312169312169,0.24074074074074073,0.34656084656084657,0.0582010582010582,0.02597439230046015,0.4761419008167446
ridge_metadata_only,17,moffatt_gse334718,decrease,ablation,8,51,0.769923021175412,0.20982685554166702,0.790173144458333,0.553589815409343,0.21746031746031746,0.33373015873015877,0.41369047619047616,0.017857142857142856,0.33561929687294684,0.40927164530370963
ridge_metadata_only,17,moffatt_gse334718,increase,ablation,8,51,0.5115012600770594,0.5554654933573937,0.44453450664260635,0.6227005736537983,0.027777777777777776,0.05277777777777778,0.06666666666666667,0.0,0.3356199945121944,0.5907283546962904
ridge_metadata_only,17,tdp43_gse288185,decrease,ablation,16,16,0.7387050360567449,0.4364734146160173,0.5635265853839827,0.6335336293653433,0.0625,0.1875,0.1875,0.0625,0.24943328537131676,0.6172471817965034
ridge_metadata_only,17,tdp43_gse288185,increase,ablation,16,16,0.4946440418250462,0.3781496340132284,0.6218503659867716,-0.034762517817871146,0.125,0.1875,0.3125,0.0,0.24943328537131676,0.38275281820349666
ridge_mutant_only,17,mikl_gse173098,decrease,ablation,189,378,0.4856242045929257,0.5419638460616333,0.4580361539383668,0.12857372377759377,0.06349206349206349,0.1693121693121693,0.2804232804232804,0.03968253968253968,-0.02714285151263691,0.5238580991832553
ridge_mutant_only,17,mikl_gse173098,increase,ablation,189,378,0.5003762456293963,0.47608618622442334,0.5239138137755767,-0.18954697908727405,0.06084656084656084,0.1746031746031746,0.3148148148148148,0.037037037037037035,-0.027142310886643675,0.4761419008167446
ridge_mutant_only,17,moffatt_gse334718,decrease,ablation,8,51,0.5710868174971228,0.3474855879353364,0.6525144120646635,-0.05554924627765459,0.07996031746031745,0.17242063492063492,0.21805555555555556,0.017857142857142856,0.056375300259691466,0.40927164530370963
ridge_mutant_only,17,moffatt_gse334718,increase,ablation,8,51,0.36688928936319226,0.7364836773240375,0.2635163226759625,-0.25087083925863857,0.0,0.0,0.02638888888888889,0.0,0.05637565233332028,0.5907283546962904
ridge_mutant_only,17,tdp43_gse288185,decrease,ablation,16,16,0.5530787663009902,0.5497696340299175,0.4502303659700825,0.46043971774875525,0.0625,0.0625,0.25,0.0,0.02833389631474588,0.6172471817965034
ridge_mutant_only,17,tdp43_gse288185,increase,ablation,16,16,0.44865385174138095,0.4223625364028842,0.5776374635971158,-0.13242129703880667,0.125,0.125,0.3125,0.0,0.02833389631474588,0.38275281820349666
ridge_parent_only,17,mikl_gse173098,decrease,ablation,189,378,0.4991563559014196,0.5367322666831711,0.46326773331682897,0.12910429174581894,0.05291005291005291,0.17195767195767195,0.29365079365079366,0.037037037037037035,-0.020619158696512596,0.5238580991832553
ridge_parent_only,17,mikl_gse173098,increase,ablation,189,378,0.5064940430340438,0.4750010350984121,0.5249989649015878,-0.17934599861958248,0.07936507936507936,0.1746031746031746,0.2777777777777778,0.05026455026455026,-0.020604053007742956,0.4761419008167446
ridge_parent_only,17,moffatt_gse334718,decrease,ablation,8,51,0.4780187593772661,0.47671848954869744,0.5232815104513026,-0.5896273752457396,0.0125,0.04424603174603174,0.22876984126984126,0.0,0.027776350560746236,0.40927164530370963
ridge_parent_only,17,moffatt_gse334718,increase,ablation,8,51,0.60417683554867,0.4854408492311928,0.5145591507688072,0.7032278532009439,0.1375,0.16527777777777777,0.18313492063492065,0.125,0.025107728732303033,0.5907283546962904
ridge_parent_only,17,tdp43_gse288185,decrease,ablation,16,16,0.6690017793692339,0.45251666809629876,0.5474833319037012,0.7157976023159238,0.1875,0.3125,0.375,0.0625,0.08749391072657707,0.6172471817965034
ridge_parent_only,17,tdp43_gse288185,increase,ablation,16,16,0.4282262351214897,0.37657507670899276,0.6234249232910073,-0.09625134689881049,0.1875,0.1875,0.25,0.0,0.08749456997003681,0.38275281820349666
ridge_parent_plus_delta,17,mikl_gse173098,decrease,ablation,189,378,0.4906168495753123,0.5447781366880755,0.4552218633119245,0.10242768198865627,0.05026455026455026,0.21957671957671956,0.335978835978836,0.0291005291005291,0.0287375835679568,0.5238580991832553
ridge_parent_plus_delta,17,mikl_gse173098,increase,ablation,189,378,0.5318732629368094,0.4570428649433291,0.5429571350566709,-0.12839691247267507,0.08465608465608465,0.20899470899470898,0.3148148148148148,0.042328042328042326,0.028737381121755626,0.4761419008167446
ridge_parent_plus_delta,17,moffatt_gse334718,decrease,ablation,8,51,0.790106042331505,0.21666626003922798,0.783333739960772,0.4788129795849218,0.2009920634920635,0.32976190476190476,0.34226190476190477,0.0,0.3259907863498982,0.40927164530370963
ridge_parent_plus_delta,17,moffatt_gse334718,increase,ablation,8,51,0.5072727564766268,0.5492710644199619,0.45072893558003807,0.6639082231375717,0.0125,0.18174603174603174,0.21746031746031746,0.0,0.32599089660713987,0.5907283546962904
ridge_parent_plus_delta,17,tdp43_gse288185,decrease,ablation,16,16,0.5612690797545451,0.5445185240018029,0.4554814759981971,0.6343252453573464,0.0,0.1875,0.1875,0.0,0.14109034606262563,0.6172471817965034
ridge_parent_plus_delta,17,tdp43_gse288185,increase,ablation,16,16,0.622681091346351,0.3003170720283175,0.6996829279716825,0.02173495809018766,0.1875,0.1875,0.25,0.0,0.14108443743049864,0.38275281820349666
