model,dataset,requested_direction,biological_units,decision_sets,directional_rank_percentile,normalized_regret,selected_normalized_utility,good_selection_at_1,good_selection_at_3,good_selection_at_5,spearman
3utrbert,mikl_gse173098,decrease,189,378,0.49233980822522405,0.5278607304756294,0.4721392695243706,0.06613756613756613,0.2328042328042328,0.3253968253968254,0.021758497269774937
3utrbert,mikl_gse173098,increase,189,378,0.5213210192087121,0.46733814513210703,0.532661854867893,0.06349206349206349,0.1984126984126984,0.30952380952380953,0.021758497269774937
3utrbert,moffatt_gse334718,decrease,8,51,0.7498572924540187,0.19362528193068268,0.8063747180693174,0.32976190476190476,0.4803571428571428,0.5478174603174603,0.317732790571551
3utrbert,moffatt_gse334718,increase,8,51,0.6477841159611993,0.4450282511344753,0.5549717488655247,0.07599206349206349,0.23988095238095236,0.3244047619047619,0.317732790571551
3utrbert,tdp43_gse288185,decrease,16,16,0.7390910452231207,0.3792624233708024,0.6207375766291976,0.1875,0.25,0.4375,0.1825577609628317
3utrbert,tdp43_gse288185,increase,16,16,0.5916479484875712,0.3058777948841021,0.694122205115898,0.1875,0.3125,0.5,0.1825577609628317
splicebert,mikl_gse173098,decrease,189,378,0.520910105438079,0.5071330889306505,0.4928669110693496,0.082010582010582,0.24603174603174602,0.37566137566137564,0.018313900017265506
splicebert,mikl_gse173098,increase,189,378,0.49606464878410356,0.4686285323305066,0.5313714676694934,0.082010582010582,0.23544973544973544,0.3492063492063492,0.018313900017265506
splicebert,moffatt_gse334718,decrease,8,51,0.7356711781934997,0.21751825156143761,0.7824817484385623,0.3132936507936508,0.5035714285714286,0.5452380952380952,0.2952891751591856
splicebert,moffatt_gse334718,increase,8,51,0.5227134117535903,0.46663762246120355,0.5333623775387965,0.0992063492063492,0.3126984126984127,0.35833333333333334,0.2952891751591856
splicebert,tdp43_gse288185,decrease,16,16,0.6531184486373166,0.4349077533696083,0.5650922466303917,0.1875,0.3125,0.375,0.22922566983592924
splicebert,tdp43_gse288185,increase,16,16,0.5568508535489668,0.3354774404497918,0.6645225595502082,0.25,0.4375,0.4375,0.22922566983592924
