scheme,feature,overlapping_fits,median_centered_coefficient,q25,q75,min,max,positive_fraction,negative_fraction,uncertainty_status
composition_holdout,AA,70,0.009338897528953241,0.00922790758823605,0.009593188210406525,0.003754320997514822,0.011493143413319924,1.0,0.0,"fold distribution, not independent confidence interval"
composition_holdout,AC,70,0.17016797420098523,0.1696162268676743,0.170599672226287,0.16416024538085805,0.1771537127713824,1.0,0.0,"fold distribution, not independent confidence interval"
composition_holdout,AG,70,-0.031033912171980996,-0.03152033126214028,-0.03069838968075916,-0.03684052337399199,-0.023326419973520793,0.0,1.0,"fold distribution, not independent confidence interval"
composition_holdout,AT,70,0.06509455096417756,0.06466855918848109,0.06533085146762352,0.06139428100423692,0.07109762880865197,1.0,0.0,"fold distribution, not independent confidence interval"
composition_holdout,CA,70,-0.16298574829192758,-0.16348473126593013,-0.16231585232342033,-0.1711909787516592,-0.1553162137602445,0.0,1.0,"fold distribution, not independent confidence interval"
composition_holdout,CC,70,-0.042335098293920875,-0.042588423972709795,-0.04220771578196947,-0.04660832301432514,-0.03998607330929754,0.0,1.0,"fold distribution, not independent confidence interval"
composition_holdout,CG,70,0.0018225632703450987,0.0011620025549115443,0.002373739555559694,-0.003122849315561649,0.007902350116497947,0.8428571428571429,0.15714285714285714,"fold distribution, not independent confidence interval"
composition_holdout,CT,70,-0.08315251503267915,-0.08366595458870013,-0.08261453149871777,-0.0864329486424128,-0.08032141992517673,0.0,1.0,"fold distribution, not independent confidence interval"
composition_holdout,GA,70,0.010052750103054977,0.009496232646388993,0.010665449389512057,0.004317158105590328,0.015811709725674864,1.0,0.0,"fold distribution, not independent confidence interval"
composition_holdout,GC,70,0.007652395431051366,0.006922449710465605,0.008166736966639615,0.0020225245141948264,0.01603319123950192,1.0,0.0,"fold distribution, not independent confidence interval"
composition_holdout,GG,70,0.011388234721786976,0.011263681418213562,0.011788547742896383,0.003291283420985661,0.014073714369333563,1.0,0.0,"fold distribution, not independent confidence interval"
composition_holdout,GT,70,-0.003748052792559008,-0.004263824715375242,-0.003264885176403099,-0.008534541111339283,0.0017194644960149101,0.014285714285714285,0.9857142857142858,"fold distribution, not independent confidence interval"
composition_holdout,TA,70,-0.09021874325247659,-0.09063628356602704,-0.089780635370871,-0.093147291875215,-0.08369169267559895,0.0,1.0,"fold distribution, not independent confidence interval"
composition_holdout,TC,70,0.13389101113170226,0.13348406210959352,0.13446249283035844,0.12738310182398857,0.13695077994913177,1.0,0.0,"fold distribution, not independent confidence interval"
composition_holdout,TG,70,-6.635770946958353e-05,-0.0006155667573432384,0.00040712964333511294,-0.004140746052164421,0.00398962305777223,0.42857142857142855,0.5714285714285714,"fold distribution, not independent confidence interval"
composition_holdout,TT,70,0.004232057150174828,0.004098126300087322,0.004417085495042601,0.002134808843643829,0.00580348378684533,1.0,0.0,"fold distribution, not independent confidence interval"
purged_composition_holdout,AA,70,0.006185771144781132,-0.007577400509715796,0.01177186007588758,-0.024430622693423838,0.046335300050892606,0.6142857142857143,0.38571428571428573,"fold distribution, not independent confidence interval"
purged_composition_holdout,AC,70,0.1745535000198614,0.16048071680110787,0.1946854829963731,0.10773208582161917,0.2586766266877992,1.0,0.0,"fold distribution, not independent confidence interval"
purged_composition_holdout,AG,70,-0.03343419108657002,-0.04454160377442224,-0.01622119424946281,-0.0690221732545969,0.08747103262697989,0.12857142857142856,0.8714285714285714,"fold distribution, not independent confidence interval"
purged_composition_holdout,AT,70,0.0692261925927618,0.06061358274653485,0.07496973672722317,-0.009814981915585453,0.16837192141879595,0.9857142857142858,0.014285714285714285,"fold distribution, not independent confidence interval"
purged_composition_holdout,CA,70,-0.1743703023378592,-0.19679472570329282,-0.15731137128710676,-0.27315545527443497,-0.09061246069059192,0.0,1.0,"fold distribution, not independent confidence interval"
purged_composition_holdout,CC,70,-0.03963872305205382,-0.04398446566241917,-0.03486554215189794,-0.12174072236222427,-0.002266470477528251,0.0,1.0,"fold distribution, not independent confidence interval"
purged_composition_holdout,CG,70,0.009168172809726498,-0.012814123466050362,0.022324236153855224,-0.08675689509744833,0.05018978483769958,0.6428571428571429,0.35714285714285715,"fold distribution, not independent confidence interval"
purged_composition_holdout,CT,70,-0.08869336372521434,-0.09773061241211059,-0.08209469812768377,-0.15140043383839033,-0.06290031716611535,0.0,1.0,"fold distribution, not independent confidence interval"
purged_composition_holdout,GA,70,0.016587042013857668,0.0025049534026045537,0.03244638969774427,-0.028159839003951363,0.07248500337346758,0.7857142857142857,0.21428571428571427,"fold distribution, not independent confidence interval"
purged_composition_holdout,GC,70,0.006094769718277895,-0.003962337256606343,0.02621135200280208,-0.02278069884627379,0.06518856554840204,0.6857142857142857,0.3142857142857143,"fold distribution, not independent confidence interval"
purged_composition_holdout,GG,70,0.0061048076791188986,-0.006808579777196297,0.016384758147444008,-0.03616398505022451,0.07200236147359584,0.6142857142857143,0.38571428571428573,"fold distribution, not independent confidence interval"
purged_composition_holdout,GT,70,-0.0021769506248792846,-0.016109444643147314,0.011843685414669035,-0.07207188615025974,0.03647880496239858,0.4857142857142857,0.5142857142857142,"fold distribution, not independent confidence interval"
purged_composition_holdout,TA,70,-0.08838913132620455,-0.09465814420224268,-0.0806320732195907,-0.14016931798371576,-0.040720576788633916,0.0,1.0,"fold distribution, not independent confidence interval"
purged_composition_holdout,TC,70,0.13700277896339752,0.12215507521311372,0.14670454305911693,0.07956438610502493,0.19052005284655665,1.0,0.0,"fold distribution, not independent confidence interval"
purged_composition_holdout,TG,70,0.00106172380751139,-0.003516413229153578,0.0077622745372984145,-0.024807156357905015,0.05365780069340336,0.5285714285714286,0.4714285714285714,"fold distribution, not independent confidence interval"
purged_composition_holdout,TT,70,0.004519627000195326,-0.0016495940756404786,0.009395959303912134,-0.019711690500886135,0.024004070211593228,0.7142857142857143,0.2857142857142857,"fold distribution, not independent confidence interval"
sequence_holdout,AA,1,0.009336124069601891,0.009336124069601891,0.009336124069601891,0.009336124069601891,0.009336124069601891,1.0,0.0,"fold distribution, not independent confidence interval"
sequence_holdout,AC,1,0.1701665465777698,0.1701665465777698,0.1701665465777698,0.1701665465777698,0.1701665465777698,1.0,0.0,"fold distribution, not independent confidence interval"
sequence_holdout,AG,1,-0.03089168673976643,-0.03089168673976643,-0.03089168673976643,-0.03089168673976643,-0.03089168673976643,0.0,1.0,"fold distribution, not independent confidence interval"
sequence_holdout,AT,1,0.06508607157541704,0.06508607157541704,0.06508607157541704,0.06508607157541704,0.06508607157541704,1.0,0.0,"fold distribution, not independent confidence interval"
sequence_holdout,CA,1,-0.162956276174343,-0.162956276174343,-0.162956276174343,-0.162956276174343,-0.162956276174343,0.0,1.0,"fold distribution, not independent confidence interval"
sequence_holdout,CC,1,-0.04233464613457693,-0.04233464613457693,-0.04233464613457693,-0.04233464613457693,-0.04233464613457693,0.0,1.0,"fold distribution, not independent confidence interval"
sequence_holdout,CG,1,0.0016948083126627606,0.0016948083126627606,0.0016948083126627606,0.0016948083126627606,0.0016948083126627606,1.0,0.0,"fold distribution, not independent confidence interval"
sequence_holdout,CT,1,-0.08321390211036285,-0.08321390211036285,-0.08321390211036285,-0.08321390211036285,-0.08321390211036285,0.0,1.0,"fold distribution, not independent confidence interval"
sequence_holdout,GA,1,0.010053411511876022,0.010053411511876022,0.010053411511876022,0.010053411511876022,0.010053411511876022,1.0,0.0,"fold distribution, not independent confidence interval"
sequence_holdout,GC,1,0.007679343006938195,0.007679343006938195,0.007679343006938195,0.007679343006938195,0.007679343006938195,1.0,0.0,"fold distribution, not independent confidence interval"
sequence_holdout,GG,1,0.011383214247575957,0.011383214247575957,0.011383214247575957,0.011383214247575957,0.011383214247575957,1.0,0.0,"fold distribution, not independent confidence interval"
sequence_holdout,GT,1,-0.003799631966414674,-0.003799631966414674,-0.003799631966414674,-0.003799631966414674,-0.003799631966414674,0.0,1.0,"fold distribution, not independent confidence interval"
sequence_holdout,TA,1,-0.09018471299460681,-0.09018471299460681,-0.09018471299460681,-0.09018471299460681,-0.09018471299460681,0.0,1.0,"fold distribution, not independent confidence interval"
sequence_holdout,TC,1,0.1338138579102352,0.1338138579102352,0.1338138579102352,0.1338138579102352,0.1338138579102352,1.0,0.0,"fold distribution, not independent confidence interval"
sequence_holdout,TG,1,-5.526126422016067e-05,-5.526126422016067e-05,-5.526126422016067e-05,-5.526126422016067e-05,-5.526126422016067e-05,0.0,1.0,"fold distribution, not independent confidence interval"
sequence_holdout,TT,1,0.004222740172213954,0.004222740172213954,0.004222740172213954,0.004222740172213954,0.004222740172213954,1.0,0.0,"fold distribution, not independent confidence interval"
