target,model,control,relative_mse_reduction,ci_low,ci_high,groups,edges,status
published,2mer,position_shuffled_2mer,0.129978558388125,0.05589727520456037,0.21419674358576643,60,1744,paired descriptive class bootstrap; all controls retained
published,2mer,random16,0.11031636544935353,0.016779296646218838,0.2076183219253148,60,1744,paired descriptive class bootstrap; all controls retained
published,2mer,within_composition_label_null_00,0.10080929164356056,0.02416801804051094,0.18131971638078836,60,1744,paired descriptive class bootstrap; all controls retained
published,2mer,within_composition_label_null_01,0.1485393547249937,0.040425090620156416,0.25125004336357704,60,1744,paired descriptive class bootstrap; all controls retained
published,2mer,within_composition_label_null_02,0.09307919148788457,-0.011500778069217642,0.1988398155018154,60,1744,paired descriptive class bootstrap; all controls retained
published,2mer,within_composition_label_null_03,0.15521497180452926,0.061738984305782306,0.25310281927386064,60,1744,paired descriptive class bootstrap; all controls retained
published,2mer,within_composition_label_null_04,0.1617559536038461,0.05602156846384437,0.27575599652847016,60,1744,paired descriptive class bootstrap; all controls retained
published,2mer,within_composition_label_null_05,0.10717124454661664,0.02078458782036049,0.19642707815605806,60,1744,paired descriptive class bootstrap; all controls retained
published,2mer,within_composition_label_null_06,0.1256129597735467,0.022765982675812677,0.2262218774818916,60,1744,paired descriptive class bootstrap; all controls retained
published,2mer,within_composition_label_null_07,0.18723707356571595,0.07174112049095936,0.29038826697037556,60,1744,paired descriptive class bootstrap; all controls retained
published,2mer,within_composition_label_null_08,0.13060389825540475,0.04057611463784263,0.22855081497131513,60,1744,paired descriptive class bootstrap; all controls retained
published,2mer,within_composition_label_null_09,0.1239596326157637,0.03016002157581131,0.21486919460134543,60,1744,paired descriptive class bootstrap; all controls retained
published,2mer,within_composition_label_null_10,0.12289421787479127,0.04381318970766119,0.21023694326524936,60,1744,paired descriptive class bootstrap; all controls retained
published,2mer,within_composition_label_null_11,0.09980529552219064,0.008332433951448717,0.18853457046864633,60,1744,paired descriptive class bootstrap; all controls retained
published,2mer,within_composition_label_null_12,0.13205617697735839,0.04239613971959077,0.22733982906062258,60,1744,paired descriptive class bootstrap; all controls retained
published,2mer,within_composition_label_null_13,0.1275079716361529,0.051124707897827144,0.21779891623072206,60,1744,paired descriptive class bootstrap; all controls retained
published,2mer,within_composition_label_null_14,0.10970208007814797,0.007006319594393265,0.2075944019680777,60,1744,paired descriptive class bootstrap; all controls retained
published,2mer,within_composition_label_null_15,0.08321281477062126,-0.006874088955125406,0.18331249280615367,60,1744,paired descriptive class bootstrap; all controls retained
published,2mer,within_composition_label_null_16,0.13073646535849404,0.04474616579268073,0.22228335930168536,60,1744,paired descriptive class bootstrap; all controls retained
published,2mer,within_composition_label_null_17,0.10258698262160204,0.019542756428094357,0.1898860567509562,60,1744,paired descriptive class bootstrap; all controls retained
published,2mer,within_composition_label_null_18,0.1347205941268218,0.05261495457556327,0.2264309834951923,60,1744,paired descriptive class bootstrap; all controls retained
published,2mer,within_composition_label_null_19,0.09687144322863772,-0.003975006525595086,0.2010706909383531,60,1744,paired descriptive class bootstrap; all controls retained
published,2mer,within_composition_label_null_20,0.07957549983518575,-0.00687124565801388,0.17731164158249668,60,1744,paired descriptive class bootstrap; all controls retained
published,2mer,within_composition_label_null_21,0.16253151191721293,0.06862437281183613,0.2577771397660329,60,1744,paired descriptive class bootstrap; all controls retained
published,2mer,within_composition_label_null_22,0.1562371212428626,0.06131513107893171,0.2555901005786643,60,1744,paired descriptive class bootstrap; all controls retained
published,2mer,within_composition_label_null_23,0.12293397222483282,0.0008683636554067634,0.24725365010512618,60,1744,paired descriptive class bootstrap; all controls retained
published,2mer,within_composition_label_null_24,0.12700245225303208,0.03854323373973015,0.2145639360289739,60,1744,paired descriptive class bootstrap; all controls retained
published,2mer,within_composition_label_null_25,0.1472431600984747,0.05547724957778992,0.24476982812411321,60,1744,paired descriptive class bootstrap; all controls retained
published,2mer,within_composition_label_null_26,0.11599375791068367,0.026134914510803978,0.20666626425398968,60,1744,paired descriptive class bootstrap; all controls retained
published,2mer,within_composition_label_null_27,0.08893408179994666,0.011625947209864906,0.1726151450193012,60,1744,paired descriptive class bootstrap; all controls retained
published,2mer,within_composition_label_null_28,0.11810263447327496,0.03310992353453782,0.2094839833511234,60,1744,paired descriptive class bootstrap; all controls retained
published,2mer,within_composition_label_null_29,0.09416172469169237,-0.00186162413038714,0.1868089297922361,60,1744,paired descriptive class bootstrap; all controls retained
published,2mer,within_composition_label_null_30,0.15284074713258988,0.07897022376725947,0.2256575464605261,60,1744,paired descriptive class bootstrap; all controls retained
published,2mer,within_composition_label_null_31,0.13106119397353178,0.045950637102713826,0.21443402298924663,60,1744,paired descriptive class bootstrap; all controls retained
rep1,2mer,position_shuffled_2mer,0.16175821121633926,0.09272150090803417,0.2279653404204731,60,1744,paired descriptive class bootstrap; all controls retained
rep1,2mer,random16,0.13990954909732378,0.06168707427147194,0.2143195769111496,60,1744,paired descriptive class bootstrap; all controls retained
rep1,2mer,within_composition_label_null_00,0.12258716689368043,0.05943308453264731,0.1875983158525033,60,1744,paired descriptive class bootstrap; all controls retained
rep1,2mer,within_composition_label_null_01,0.19493323665456075,0.10356895039074984,0.2754510038489109,60,1744,paired descriptive class bootstrap; all controls retained
rep1,2mer,within_composition_label_null_02,0.1358913792404678,0.04842554044967593,0.20950909443759438,60,1744,paired descriptive class bootstrap; all controls retained
rep1,2mer,within_composition_label_null_03,0.20433878850835896,0.12374170470794559,0.27949199507805617,60,1744,paired descriptive class bootstrap; all controls retained
rep1,2mer,within_composition_label_null_04,0.21190113934137433,0.1282000400521723,0.2872769258289967,60,1744,paired descriptive class bootstrap; all controls retained
rep1,2mer,within_composition_label_null_05,0.136109441230289,0.07129139164769725,0.19281572429466612,60,1744,paired descriptive class bootstrap; all controls retained
rep1,2mer,within_composition_label_null_06,0.14846901408779167,0.06254098409587779,0.22442428780632115,60,1744,paired descriptive class bootstrap; all controls retained
rep1,2mer,within_composition_label_null_07,0.2463025513657069,0.14230779646717692,0.3467064843916448,60,1744,paired descriptive class bootstrap; all controls retained
rep1,2mer,within_composition_label_null_08,0.1779156345822408,0.11365224664079339,0.23962804240080768,60,1744,paired descriptive class bootstrap; all controls retained
rep1,2mer,within_composition_label_null_09,0.11381845119225598,0.043307969637278454,0.18385091563936704,60,1744,paired descriptive class bootstrap; all controls retained
rep1,2mer,within_composition_label_null_10,0.17802309442319697,0.11678847404807718,0.2347905372601685,60,1744,paired descriptive class bootstrap; all controls retained
rep1,2mer,within_composition_label_null_11,0.140222941893412,0.0652417136280792,0.20825412613790606,60,1744,paired descriptive class bootstrap; all controls retained
rep1,2mer,within_composition_label_null_12,0.1835100066930636,0.11633001211585883,0.250078254031088,60,1744,paired descriptive class bootstrap; all controls retained
rep1,2mer,within_composition_label_null_13,0.17398512150719136,0.10423708063213655,0.23684806481508022,60,1744,paired descriptive class bootstrap; all controls retained
rep1,2mer,within_composition_label_null_14,0.14329781489103277,0.08156115719880741,0.20041244663693109,60,1744,paired descriptive class bootstrap; all controls retained
rep1,2mer,within_composition_label_null_15,0.11345612233540603,0.04541668891106958,0.1808004138830724,60,1744,paired descriptive class bootstrap; all controls retained
rep1,2mer,within_composition_label_null_16,0.16480048248932766,0.0945463308757557,0.22836878592320192,60,1744,paired descriptive class bootstrap; all controls retained
rep1,2mer,within_composition_label_null_17,0.13565658479879106,0.07545820542285832,0.1920745397943178,60,1744,paired descriptive class bootstrap; all controls retained
rep1,2mer,within_composition_label_null_18,0.17345445602982612,0.09598238116234714,0.2461888193370463,60,1744,paired descriptive class bootstrap; all controls retained
rep1,2mer,within_composition_label_null_19,0.13049202491439216,0.05433363254779965,0.20073815785900131,60,1744,paired descriptive class bootstrap; all controls retained
rep1,2mer,within_composition_label_null_20,0.10264077395961912,0.028445065134494026,0.17102279714705906,60,1744,paired descriptive class bootstrap; all controls retained
rep1,2mer,within_composition_label_null_21,0.23297200904595994,0.16187865412475674,0.2963355820606058,60,1744,paired descriptive class bootstrap; all controls retained
rep1,2mer,within_composition_label_null_22,0.2002325792114863,0.12576642623219145,0.2721521099026161,60,1744,paired descriptive class bootstrap; all controls retained
rep1,2mer,within_composition_label_null_23,0.18050478941513426,0.07899772648884529,0.2773249217920811,60,1744,paired descriptive class bootstrap; all controls retained
rep1,2mer,within_composition_label_null_24,0.16612358721319176,0.08893282136105894,0.23089502134497938,60,1744,paired descriptive class bootstrap; all controls retained
rep1,2mer,within_composition_label_null_25,0.2213119672578231,0.13816339285441304,0.2948267296498872,60,1744,paired descriptive class bootstrap; all controls retained
rep1,2mer,within_composition_label_null_26,0.15154281040528006,0.08439923925144568,0.2114565524174985,60,1744,paired descriptive class bootstrap; all controls retained
rep1,2mer,within_composition_label_null_27,0.12555869360630267,0.058967629724527404,0.18882157339386252,60,1744,paired descriptive class bootstrap; all controls retained
rep1,2mer,within_composition_label_null_28,0.15255286866426454,0.08230773829478168,0.22073581345545182,60,1744,paired descriptive class bootstrap; all controls retained
rep1,2mer,within_composition_label_null_29,0.1303265366214147,0.06521209393083471,0.1860308681652545,60,1744,paired descriptive class bootstrap; all controls retained
rep1,2mer,within_composition_label_null_30,0.1763520727577128,0.11655391217683016,0.2259206343041942,60,1744,paired descriptive class bootstrap; all controls retained
rep1,2mer,within_composition_label_null_31,0.16822705080823397,0.10347497312016778,0.22922385314204008,60,1744,paired descriptive class bootstrap; all controls retained
rep2,2mer,position_shuffled_2mer,0.1735334920970676,0.09681027232837344,0.2527880866436002,60,1744,paired descriptive class bootstrap; all controls retained
rep2,2mer,random16,0.16475575237272344,0.06934748603227757,0.2673768149297657,60,1744,paired descriptive class bootstrap; all controls retained
rep2,2mer,within_composition_label_null_00,0.13640829171994462,0.06144136780981964,0.22302797059481735,60,1744,paired descriptive class bootstrap; all controls retained
rep2,2mer,within_composition_label_null_01,0.21593300054830566,0.11453250452781448,0.315255663766576,60,1744,paired descriptive class bootstrap; all controls retained
rep2,2mer,within_composition_label_null_02,0.15756886372004797,0.06170289395696849,0.25170638892248903,60,1744,paired descriptive class bootstrap; all controls retained
rep2,2mer,within_composition_label_null_03,0.21148431866869633,0.13361786940750606,0.2936362963950453,60,1744,paired descriptive class bootstrap; all controls retained
rep2,2mer,within_composition_label_null_04,0.20582032961380092,0.09391170830706731,0.3128208537149082,60,1744,paired descriptive class bootstrap; all controls retained
rep2,2mer,within_composition_label_null_05,0.1610294562936878,0.08393830387283933,0.24965512465159323,60,1744,paired descriptive class bootstrap; all controls retained
rep2,2mer,within_composition_label_null_06,0.1754775680114108,0.07828305691633376,0.2807669644292554,60,1744,paired descriptive class bootstrap; all controls retained
rep2,2mer,within_composition_label_null_07,0.2393303474378632,0.11279437600973136,0.3602685086434092,60,1744,paired descriptive class bootstrap; all controls retained
rep2,2mer,within_composition_label_null_08,0.18949698595518227,0.105842887628983,0.28241254350381306,60,1744,paired descriptive class bootstrap; all controls retained
rep2,2mer,within_composition_label_null_09,0.1387338372832687,0.04259807746503342,0.2373202808546011,60,1744,paired descriptive class bootstrap; all controls retained
rep2,2mer,within_composition_label_null_10,0.16253227914642043,0.0797379260475101,0.2561185364928695,60,1744,paired descriptive class bootstrap; all controls retained
rep2,2mer,within_composition_label_null_11,0.16948483669360936,0.08883264722114477,0.24976675368047738,60,1744,paired descriptive class bootstrap; all controls retained
rep2,2mer,within_composition_label_null_12,0.179851850123267,0.10127720240566442,0.27330574937596414,60,1744,paired descriptive class bootstrap; all controls retained
rep2,2mer,within_composition_label_null_13,0.18641625678828666,0.10074010739367673,0.28040920306669015,60,1744,paired descriptive class bootstrap; all controls retained
rep2,2mer,within_composition_label_null_14,0.17191252252788547,0.07195561373578829,0.2687822945627027,60,1744,paired descriptive class bootstrap; all controls retained
rep2,2mer,within_composition_label_null_15,0.10519047605496235,0.016984533392139893,0.2053964487366903,60,1744,paired descriptive class bootstrap; all controls retained
rep2,2mer,within_composition_label_null_16,0.18004826161451215,0.07450345752774104,0.28814032206888546,60,1744,paired descriptive class bootstrap; all controls retained
rep2,2mer,within_composition_label_null_17,0.17438771165954403,0.07902325091767907,0.2670765713302796,60,1744,paired descriptive class bootstrap; all controls retained
rep2,2mer,within_composition_label_null_18,0.18343180903804768,0.1044874305310242,0.27167862596528125,60,1744,paired descriptive class bootstrap; all controls retained
rep2,2mer,within_composition_label_null_19,0.15283740708579496,0.053790079447786125,0.2598855111322564,60,1744,paired descriptive class bootstrap; all controls retained
rep2,2mer,within_composition_label_null_20,0.09959065224931751,0.005669218129259165,0.21047940347873875,60,1744,paired descriptive class bootstrap; all controls retained
rep2,2mer,within_composition_label_null_21,0.23158553959636496,0.1582702976791218,0.31350526447890154,60,1744,paired descriptive class bootstrap; all controls retained
rep2,2mer,within_composition_label_null_22,0.2020388812960463,0.09949344211893166,0.3098655779704644,60,1744,paired descriptive class bootstrap; all controls retained
rep2,2mer,within_composition_label_null_23,0.16892658258274829,0.05838133648028524,0.28432109224543417,60,1744,paired descriptive class bootstrap; all controls retained
rep2,2mer,within_composition_label_null_24,0.17994572816370402,0.08232103188098333,0.276445650059314,60,1744,paired descriptive class bootstrap; all controls retained
rep2,2mer,within_composition_label_null_25,0.20724950928236774,0.12652711393430902,0.29845350438486384,60,1744,paired descriptive class bootstrap; all controls retained
rep2,2mer,within_composition_label_null_26,0.16561377100497676,0.07884489334750049,0.25913015776772014,60,1744,paired descriptive class bootstrap; all controls retained
rep2,2mer,within_composition_label_null_27,0.13125570920124074,0.06783119583744744,0.20263154120811772,60,1744,paired descriptive class bootstrap; all controls retained
rep2,2mer,within_composition_label_null_28,0.16407594749976906,0.07230510355329808,0.2648208810485995,60,1744,paired descriptive class bootstrap; all controls retained
rep2,2mer,within_composition_label_null_29,0.15742676603666295,0.07101658466331531,0.24676044408345474,60,1744,paired descriptive class bootstrap; all controls retained
rep2,2mer,within_composition_label_null_30,0.1984264938405852,0.08895692088539404,0.3022380900358304,60,1744,paired descriptive class bootstrap; all controls retained
rep2,2mer,within_composition_label_null_31,0.17737548444417073,0.09161385709819932,0.26697486187825015,60,1744,paired descriptive class bootstrap; all controls retained
