model,factor,level,edges,groups,mae,sign_accuracy,replicate_sign_agreement,status
1mer,measured_magnitude_bin,0.1-0.25,467,52,0.16806078825072776,0.0,0.7558886509635975,descriptive; no posthoc exclusion
1mer,measured_magnitude_bin,0.25-0.5,555,50,0.3547415906886876,0.0,0.7639639639639639,descriptive; no posthoc exclusion
1mer,measured_magnitude_bin,<=0.1,388,48,0.051712979410541364,0.0,0.7268041237113402,descriptive; no posthoc exclusion
1mer,measured_magnitude_bin,>0.5,334,41,0.7019004106705756,0.0,0.8712574850299402,descriptive; no posthoc exclusion
2mer,measured_magnitude_bin,0.1-0.25,467,52,0.18259184799055544,0.5331905781584583,0.7558886509635975,descriptive; no posthoc exclusion
2mer,measured_magnitude_bin,0.25-0.5,555,50,0.30431595513177306,0.6072072072072072,0.7639639639639639,descriptive; no posthoc exclusion
2mer,measured_magnitude_bin,<=0.1,388,48,0.1317648875289502,0.47164948453608246,0.7268041237113402,descriptive; no posthoc exclusion
2mer,measured_magnitude_bin,>0.5,334,41,0.5805205450733507,0.7604790419161677,0.8712574850299402,descriptive; no posthoc exclusion
3mer,measured_magnitude_bin,0.1-0.25,467,52,0.250974182738102,0.5610278372591007,0.7558886509635975,descriptive; no posthoc exclusion
3mer,measured_magnitude_bin,0.25-0.5,555,50,0.3619410805297896,0.6018018018018018,0.7639639639639639,descriptive; no posthoc exclusion
3mer,measured_magnitude_bin,<=0.1,388,48,0.21959808707280531,0.5695876288659794,0.7268041237113402,descriptive; no posthoc exclusion
3mer,measured_magnitude_bin,>0.5,334,41,0.5478805720731772,0.7574850299401198,0.8712574850299402,descriptive; no posthoc exclusion
composition,measured_magnitude_bin,0.1-0.25,467,52,0.16806078825072776,0.0,0.7558886509635975,descriptive; no posthoc exclusion
composition,measured_magnitude_bin,0.25-0.5,555,50,0.3547415906886876,0.0,0.7639639639639639,descriptive; no posthoc exclusion
composition,measured_magnitude_bin,<=0.1,388,48,0.051712979410541364,0.0,0.7268041237113402,descriptive; no posthoc exclusion
composition,measured_magnitude_bin,>0.5,334,41,0.7019004106705756,0.0,0.8712574850299402,descriptive; no posthoc exclusion
kmer123,measured_magnitude_bin,0.1-0.25,467,52,0.26621173582148394,0.582441113490364,0.7558886509635975,descriptive; no posthoc exclusion
kmer123,measured_magnitude_bin,0.25-0.5,555,50,0.3621739899246486,0.6234234234234234,0.7639639639639639,descriptive; no posthoc exclusion
kmer123,measured_magnitude_bin,<=0.1,388,48,0.23206901294922486,0.538659793814433,0.7268041237113402,descriptive; no posthoc exclusion
kmer123,measured_magnitude_bin,>0.5,334,41,0.5269119683741033,0.7694610778443114,0.8712574850299402,descriptive; no posthoc exclusion
position_additive,measured_magnitude_bin,0.1-0.25,467,52,0.17548486353320214,0.5182012847965739,0.7558886509635975,descriptive; no posthoc exclusion
position_additive,measured_magnitude_bin,0.25-0.5,555,50,0.33690102685684786,0.5747747747747748,0.7639639639639639,descriptive; no posthoc exclusion
position_additive,measured_magnitude_bin,<=0.1,388,48,0.10222336244607116,0.520618556701031,0.7268041237113402,descriptive; no posthoc exclusion
position_additive,measured_magnitude_bin,>0.5,334,41,0.6858240648243074,0.5688622754491018,0.8712574850299402,descriptive; no posthoc exclusion
position_pair,measured_magnitude_bin,0.1-0.25,467,52,0.3342850970915434,0.5438972162740899,0.7558886509635975,descriptive; no posthoc exclusion
position_pair,measured_magnitude_bin,0.25-0.5,555,50,0.3647458954365792,0.5837837837837838,0.7639639639639639,descriptive; no posthoc exclusion
position_pair,measured_magnitude_bin,<=0.1,388,48,0.28798629567063205,0.5128865979381443,0.7268041237113402,descriptive; no posthoc exclusion
position_pair,measured_magnitude_bin,>0.5,334,41,0.5864383588264597,0.6796407185628742,0.8712574850299402,descriptive; no posthoc exclusion
1mer,predicted_magnitude_bin,<=0.1,1744,60,0.3038218716287694,0.0,0.7740825688073395,descriptive; no posthoc exclusion
2mer,predicted_magnitude_bin,0.1-0.25,641,50,0.2747221500669458,0.6692667706708268,0.7909516380655226,descriptive; no posthoc exclusion
2mer,predicted_magnitude_bin,0.25-0.5,279,23,0.31299889702951866,0.7311827956989247,0.8136200716845878,descriptive; no posthoc exclusion
2mer,predicted_magnitude_bin,<=0.1,810,59,0.2849418777990566,0.4666666666666667,0.745679012345679,descriptive; no posthoc exclusion
2mer,predicted_magnitude_bin,>0.5,14,5,0.3541339317193923,0.8571428571428571,0.8571428571428571,descriptive; no posthoc exclusion
3mer,predicted_magnitude_bin,0.1-0.25,600,55,0.2931194270391801,0.6166666666666667,0.7766666666666666,descriptive; no posthoc exclusion
3mer,predicted_magnitude_bin,0.25-0.5,468,47,0.34427634011930053,0.6260683760683761,0.7585470085470085,descriptive; no posthoc exclusion
3mer,predicted_magnitude_bin,<=0.1,476,55,0.2929001592116913,0.5777310924369747,0.7647058823529411,descriptive; no posthoc exclusion
3mer,predicted_magnitude_bin,>0.5,200,26,0.5493247635265539,0.66,0.825,descriptive; no posthoc exclusion
composition,predicted_magnitude_bin,<=0.1,1744,60,0.3038218716287694,0.0,0.7740825688073395,descriptive; no posthoc exclusion
kmer123,predicted_magnitude_bin,0.1-0.25,550,55,0.2825346468354589,0.6272727272727273,0.7672727272727272,descriptive; no posthoc exclusion
kmer123,predicted_magnitude_bin,0.25-0.5,456,47,0.35321736313005614,0.6228070175438597,0.7982456140350878,descriptive; no posthoc exclusion
kmer123,predicted_magnitude_bin,<=0.1,472,55,0.2877395928029463,0.5805084745762712,0.7309322033898306,descriptive; no posthoc exclusion
kmer123,predicted_magnitude_bin,>0.5,266,30,0.5228742795047518,0.6804511278195489,0.8233082706766918,descriptive; no posthoc exclusion
position_additive,predicted_magnitude_bin,0.1-0.25,593,52,0.32218870257462756,0.6070826306913997,0.8010118043844857,descriptive; no posthoc exclusion
position_additive,predicted_magnitude_bin,0.25-0.5,62,14,0.38332825740438464,0.3387096774193548,0.5483870967741935,descriptive; no posthoc exclusion
position_additive,predicted_magnitude_bin,<=0.1,1088,60,0.2961630990529413,0.5257352941176471,0.7720588235294118,descriptive; no posthoc exclusion
position_additive,predicted_magnitude_bin,>0.5,1,1,0.6096991005241716,0.0,1.0,descriptive; no posthoc exclusion
position_pair,predicted_magnitude_bin,0.1-0.25,533,56,0.31144988051560024,0.5290806754221389,0.776735459662289,descriptive; no posthoc exclusion
position_pair,predicted_magnitude_bin,0.25-0.5,483,53,0.3729748772300284,0.5942028985507246,0.7660455486542443,descriptive; no posthoc exclusion
position_pair,predicted_magnitude_bin,<=0.1,395,52,0.2980560886968422,0.5265822784810127,0.7721518987341772,descriptive; no posthoc exclusion
position_pair,predicted_magnitude_bin,>0.5,333,28,0.6074246240994706,0.6816816816816816,0.7837837837837838,descriptive; no posthoc exclusion
1mer,replicate_disagreement_bin,0.1-0.25,568,58,0.30747875521360707,0.0,0.7764084507042254,descriptive; no posthoc exclusion
1mer,replicate_disagreement_bin,0.25-0.5,401,45,0.32313755351677603,0.0,0.6209476309226932,descriptive; no posthoc exclusion
1mer,replicate_disagreement_bin,<=0.1,679,56,0.28612097496529554,0.0,0.9278350515463918,descriptive; no posthoc exclusion
1mer,replicate_disagreement_bin,>0.5,96,25,0.3266990645581474,0.0,0.3125,descriptive; no posthoc exclusion
2mer,replicate_disagreement_bin,0.1-0.25,568,58,0.2997211904097025,0.5704225352112676,0.7764084507042254,descriptive; no posthoc exclusion
2mer,replicate_disagreement_bin,0.25-0.5,401,45,0.30298209923164177,0.6259351620947631,0.6209476309226932,descriptive; no posthoc exclusion
2mer,replicate_disagreement_bin,<=0.1,679,56,0.26172514364741184,0.5891016200294551,0.9278350515463918,descriptive; no posthoc exclusion
2mer,replicate_disagreement_bin,>0.5,96,25,0.3097453754610755,0.5,0.3125,descriptive; no posthoc exclusion
3mer,replicate_disagreement_bin,0.1-0.25,568,58,0.35257712099644317,0.5704225352112676,0.7764084507042254,descriptive; no posthoc exclusion
3mer,replicate_disagreement_bin,0.25-0.5,401,45,0.3263728016677467,0.6733167082294265,0.6209476309226932,descriptive; no posthoc exclusion
3mer,replicate_disagreement_bin,<=0.1,679,56,0.3220366830271146,0.6215022091310751,0.9278350515463918,descriptive; no posthoc exclusion
3mer,replicate_disagreement_bin,>0.5,96,25,0.37996047832562097,0.5625,0.3125,descriptive; no posthoc exclusion
composition,replicate_disagreement_bin,0.1-0.25,568,58,0.30747875521360707,0.0,0.7764084507042254,descriptive; no posthoc exclusion
composition,replicate_disagreement_bin,0.25-0.5,401,45,0.32313755351677603,0.0,0.6209476309226932,descriptive; no posthoc exclusion
composition,replicate_disagreement_bin,<=0.1,679,56,0.28612097496529554,0.0,0.9278350515463918,descriptive; no posthoc exclusion
composition,replicate_disagreement_bin,>0.5,96,25,0.3266990645581474,0.0,0.3125,descriptive; no posthoc exclusion
kmer123,replicate_disagreement_bin,0.1-0.25,568,58,0.35189368453477216,0.5915492957746479,0.7764084507042254,descriptive; no posthoc exclusion
kmer123,replicate_disagreement_bin,0.25-0.5,401,45,0.3412092723269679,0.655860349127182,0.6209476309226932,descriptive; no posthoc exclusion
kmer123,replicate_disagreement_bin,<=0.1,679,56,0.3216446450543953,0.6273932253313697,0.9278350515463918,descriptive; no posthoc exclusion
kmer123,replicate_disagreement_bin,>0.5,96,25,0.37772473424232883,0.6145833333333334,0.3125,descriptive; no posthoc exclusion
position_additive,replicate_disagreement_bin,0.1-0.25,568,58,0.30984145465743324,0.545774647887324,0.7764084507042254,descriptive; no posthoc exclusion
position_additive,replicate_disagreement_bin,0.25-0.5,401,45,0.3153854399317114,0.5835411471321695,0.6209476309226932,descriptive; no posthoc exclusion
position_additive,replicate_disagreement_bin,<=0.1,679,56,0.3014575180322763,0.5095729013254786,0.9278350515463918,descriptive; no posthoc exclusion
position_additive,replicate_disagreement_bin,>0.5,96,25,0.3178150109791282,0.65625,0.3125,descriptive; no posthoc exclusion
position_pair,replicate_disagreement_bin,0.1-0.25,568,58,0.37928307303656883,0.6073943661971831,0.7764084507042254,descriptive; no posthoc exclusion
position_pair,replicate_disagreement_bin,0.25-0.5,401,45,0.4020108973397638,0.5885286783042394,0.6209476309226932,descriptive; no posthoc exclusion
position_pair,replicate_disagreement_bin,<=0.1,679,56,0.36527054779179186,0.5537555228276878,0.9278350515463918,descriptive; no posthoc exclusion
position_pair,replicate_disagreement_bin,>0.5,96,25,0.43225364175679104,0.4895833333333333,0.3125,descriptive; no posthoc exclusion
1mer,replicate_sign_agreement,0.0,394,50,0.2456068084486613,0.0,0.0,descriptive; no posthoc exclusion
1mer,replicate_sign_agreement,1.0,1350,60,0.32081204562355653,0.0,1.0,descriptive; no posthoc exclusion
2mer,replicate_sign_agreement,0.0,394,50,0.2707435886891691,0.4720812182741117,0.0,descriptive; no posthoc exclusion
2mer,replicate_sign_agreement,1.0,1350,60,0.290749194505128,0.62,1.0,descriptive; no posthoc exclusion
3mer,replicate_sign_agreement,0.0,394,50,0.32517547988006357,0.5228426395939086,0.0,descriptive; no posthoc exclusion
3mer,replicate_sign_agreement,1.0,1350,60,0.33937723912346035,0.64,1.0,descriptive; no posthoc exclusion
composition,replicate_sign_agreement,0.0,394,50,0.2456068084486613,0.0,0.0,descriptive; no posthoc exclusion
composition,replicate_sign_agreement,1.0,1350,60,0.32081204562355653,0.0,1.0,descriptive; no posthoc exclusion
kmer123,replicate_sign_agreement,0.0,394,50,0.33232393156972695,0.5126903553299492,0.0,descriptive; no posthoc exclusion
kmer123,replicate_sign_agreement,1.0,1350,60,0.341054215155252,0.6533333333333333,1.0,descriptive; no posthoc exclusion
position_additive,replicate_sign_agreement,0.0,394,50,0.26408820492179935,0.48984771573604063,0.0,descriptive; no posthoc exclusion
position_additive,replicate_sign_agreement,1.0,1350,60,0.3211915931235269,0.562962962962963,1.0,descriptive; no posthoc exclusion
position_pair,replicate_sign_agreement,0.0,394,50,0.3668275755657965,0.5532994923857868,0.0,descriptive; no posthoc exclusion
position_pair,replicate_sign_agreement,1.0,1350,60,0.38638825341064537,0.5822222222222222,1.0,descriptive; no posthoc exclusion
1mer,candidate_count,2,512,58,0.31173133731309893,0.0,0.7734375,descriptive; no posthoc exclusion
1mer,candidate_count,3,546,46,0.29720016219885154,0.0,0.7802197802197802,descriptive; no posthoc exclusion
1mer,candidate_count,4,396,29,0.31268651800433456,0.0,0.7676767676767676,descriptive; no posthoc exclusion
1mer,candidate_count,5,205,21,0.27789159787282325,0.0,0.7658536585365854,descriptive; no posthoc exclusion
1mer,candidate_count,6,78,10,0.3278779799721824,0.0,0.782051282051282,descriptive; no posthoc exclusion
1mer,candidate_count,7,7,1,0.23164138917410826,0.0,0.8571428571428571,descriptive; no posthoc exclusion
2mer,candidate_count,2,512,58,0.28882657512616955,0.5859375,0.7734375,descriptive; no posthoc exclusion
2mer,candidate_count,3,546,46,0.2847196675681658,0.5641025641025641,0.7802197802197802,descriptive; no posthoc exclusion
2mer,candidate_count,4,396,29,0.2882981006995582,0.5732323232323232,0.7676767676767676,descriptive; no posthoc exclusion
2mer,candidate_count,5,205,21,0.2566746600783842,0.6682926829268293,0.7658536585365854,descriptive; no posthoc exclusion
2mer,candidate_count,6,78,10,0.34358248218952053,0.6025641025641025,0.782051282051282,descriptive; no posthoc exclusion
2mer,candidate_count,7,7,1,0.3234935378230741,0.5714285714285714,0.8571428571428571,descriptive; no posthoc exclusion
3mer,candidate_count,2,512,58,0.3418790990974179,0.59765625,0.7734375,descriptive; no posthoc exclusion
3mer,candidate_count,3,546,46,0.33977905617202797,0.6190476190476191,0.7802197802197802,descriptive; no posthoc exclusion
3mer,candidate_count,4,396,29,0.33306090611529293,0.6161616161616161,0.7676767676767676,descriptive; no posthoc exclusion
3mer,candidate_count,5,205,21,0.3172175044568806,0.6,0.7658536585365854,descriptive; no posthoc exclusion
3mer,candidate_count,6,78,10,0.355994187231227,0.6794871794871795,0.782051282051282,descriptive; no posthoc exclusion
3mer,candidate_count,7,7,1,0.14681352032271994,0.8571428571428571,0.8571428571428571,descriptive; no posthoc exclusion
composition,candidate_count,2,512,58,0.31173133731309893,0.0,0.7734375,descriptive; no posthoc exclusion
composition,candidate_count,3,546,46,0.29720016219885154,0.0,0.7802197802197802,descriptive; no posthoc exclusion
composition,candidate_count,4,396,29,0.31268651800433456,0.0,0.7676767676767676,descriptive; no posthoc exclusion
composition,candidate_count,5,205,21,0.27789159787282325,0.0,0.7658536585365854,descriptive; no posthoc exclusion
composition,candidate_count,6,78,10,0.3278779799721824,0.0,0.782051282051282,descriptive; no posthoc exclusion
composition,candidate_count,7,7,1,0.23164138917410826,0.0,0.8571428571428571,descriptive; no posthoc exclusion
kmer123,candidate_count,2,512,58,0.3439223188656576,0.619140625,0.7734375,descriptive; no posthoc exclusion
kmer123,candidate_count,3,546,46,0.3361914632817731,0.6190476190476191,0.7802197802197802,descriptive; no posthoc exclusion
kmer123,candidate_count,4,396,29,0.3335093988674425,0.6439393939393939,0.7676767676767676,descriptive; no posthoc exclusion
kmer123,candidate_count,5,205,21,0.33530121300463994,0.5756097560975609,0.7658536585365854,descriptive; no posthoc exclusion
kmer123,candidate_count,6,78,10,0.37764520361260157,0.6538461538461539,0.782051282051282,descriptive; no posthoc exclusion
kmer123,candidate_count,7,7,1,0.2067509696795078,0.7142857142857143,0.8571428571428571,descriptive; no posthoc exclusion
position_additive,candidate_count,2,512,58,0.3184528085771007,0.533203125,0.7734375,descriptive; no posthoc exclusion
position_additive,candidate_count,3,546,46,0.2987982560754145,0.575091575091575,0.7802197802197802,descriptive; no posthoc exclusion
position_additive,candidate_count,4,396,29,0.316417322381097,0.5378787878787878,0.7676767676767676,descriptive; no posthoc exclusion
position_additive,candidate_count,5,205,21,0.28406049104348213,0.5121951219512195,0.7658536585365854,descriptive; no posthoc exclusion
position_additive,candidate_count,6,78,10,0.33100221151805476,0.6025641025641025,0.782051282051282,descriptive; no posthoc exclusion
position_additive,candidate_count,7,7,1,0.30226926029455203,0.14285714285714285,0.8571428571428571,descriptive; no posthoc exclusion
position_pair,candidate_count,2,512,58,0.3541989828092954,0.609375,0.7734375,descriptive; no posthoc exclusion
position_pair,candidate_count,3,546,46,0.3865374082503953,0.5567765567765568,0.7802197802197802,descriptive; no posthoc exclusion
position_pair,candidate_count,4,396,29,0.3779300349864008,0.5681818181818182,0.7676767676767676,descriptive; no posthoc exclusion
position_pair,candidate_count,5,205,21,0.4094892073156183,0.5756097560975609,0.7658536585365854,descriptive; no posthoc exclusion
position_pair,candidate_count,6,78,10,0.47546567020974434,0.5128205128205128,0.782051282051282,descriptive; no posthoc exclusion
position_pair,candidate_count,7,7,1,0.43757130622048396,0.7142857142857143,0.8571428571428571,descriptive; no posthoc exclusion
1mer,C_count,0,155,13,0.316869465896871,0.0,0.8,descriptive; no posthoc exclusion
1mer,C_count,1,686,18,0.28651650120694755,0.0,0.7813411078717201,descriptive; no posthoc exclusion
1mer,C_count,2,537,13,0.33250241740999953,0.0,0.7635009310986964,descriptive; no posthoc exclusion
1mer,C_count,3,297,10,0.28593214867992056,0.0,0.7710437710437711,descriptive; no posthoc exclusion
1mer,C_count,4,63,5,0.2914821339899827,0.0,0.746031746031746,descriptive; no posthoc exclusion
1mer,C_count,5,6,1,0.3935393883529534,0.0,0.6666666666666666,descriptive; no posthoc exclusion
2mer,C_count,0,155,13,0.31717993083194335,0.4838709677419355,0.8,descriptive; no posthoc exclusion
2mer,C_count,1,686,18,0.2727581708209756,0.5889212827988338,0.7813411078717201,descriptive; no posthoc exclusion
2mer,C_count,2,537,13,0.3083730489283712,0.6424581005586593,0.7635009310986964,descriptive; no posthoc exclusion
2mer,C_count,3,297,10,0.26688542463388526,0.5555555555555556,0.7710437710437711,descriptive; no posthoc exclusion
2mer,C_count,4,63,5,0.26374294393724645,0.47619047619047616,0.746031746031746,descriptive; no posthoc exclusion
2mer,C_count,5,6,1,0.23871470074483278,0.6666666666666666,0.6666666666666666,descriptive; no posthoc exclusion
3mer,C_count,0,155,13,0.2641764916565369,0.7225806451612903,0.8,descriptive; no posthoc exclusion
3mer,C_count,1,686,18,0.34381240384899475,0.5947521865889213,0.7813411078717201,descriptive; no posthoc exclusion
3mer,C_count,2,537,13,0.34669855693284973,0.664804469273743,0.7635009310986964,descriptive; no posthoc exclusion
3mer,C_count,3,297,10,0.3295458231580183,0.5656565656565656,0.7710437710437711,descriptive; no posthoc exclusion
3mer,C_count,4,63,5,0.3750333213725251,0.3333333333333333,0.746031746031746,descriptive; no posthoc exclusion
3mer,C_count,5,6,1,0.2994021408170195,0.6666666666666666,0.6666666666666666,descriptive; no posthoc exclusion
composition,C_count,0,155,13,0.316869465896871,0.0,0.8,descriptive; no posthoc exclusion
composition,C_count,1,686,18,0.28651650120694755,0.0,0.7813411078717201,descriptive; no posthoc exclusion
composition,C_count,2,537,13,0.33250241740999953,0.0,0.7635009310986964,descriptive; no posthoc exclusion
composition,C_count,3,297,10,0.28593214867992056,0.0,0.7710437710437711,descriptive; no posthoc exclusion
composition,C_count,4,63,5,0.2914821339899827,0.0,0.746031746031746,descriptive; no posthoc exclusion
composition,C_count,5,6,1,0.3935393883529534,0.0,0.6666666666666666,descriptive; no posthoc exclusion
kmer123,C_count,0,155,13,0.27119633086027745,0.6967741935483871,0.8,descriptive; no posthoc exclusion
kmer123,C_count,1,686,18,0.35978493492126573,0.5860058309037901,0.7813411078717201,descriptive; no posthoc exclusion
kmer123,C_count,2,537,13,0.33861633515081474,0.6778398510242085,0.7635009310986964,descriptive; no posthoc exclusion
kmer123,C_count,3,297,10,0.32463446241170185,0.5824915824915825,0.7710437710437711,descriptive; no posthoc exclusion
kmer123,C_count,4,63,5,0.3639394872046025,0.49206349206349204,0.746031746031746,descriptive; no posthoc exclusion
kmer123,C_count,5,6,1,0.22155464209640455,1.0,0.6666666666666666,descriptive; no posthoc exclusion
position_additive,C_count,0,155,13,0.32835641378319974,0.5161290322580645,0.8,descriptive; no posthoc exclusion
position_additive,C_count,1,686,18,0.296850559168792,0.5291545189504373,0.7813411078717201,descriptive; no posthoc exclusion
position_additive,C_count,2,537,13,0.3302640173520539,0.5754189944134078,0.7635009310986964,descriptive; no posthoc exclusion
position_additive,C_count,3,297,10,0.2851340318373389,0.5521885521885522,0.7710437710437711,descriptive; no posthoc exclusion
position_additive,C_count,4,63,5,0.3023871450865874,0.5238095238095238,0.746031746031746,descriptive; no posthoc exclusion
position_additive,C_count,5,6,1,0.3396168025942308,0.6666666666666666,0.6666666666666666,descriptive; no posthoc exclusion
position_pair,C_count,0,155,13,0.3433439757929702,0.5935483870967742,0.8,descriptive; no posthoc exclusion
position_pair,C_count,1,686,18,0.4019615557446983,0.5568513119533528,0.7813411078717201,descriptive; no posthoc exclusion
position_pair,C_count,2,537,13,0.3988285500039439,0.6052141527001862,0.7635009310986964,descriptive; no posthoc exclusion
position_pair,C_count,3,297,10,0.3404759462213317,0.5454545454545454,0.7710437710437711,descriptive; no posthoc exclusion
position_pair,C_count,4,63,5,0.31445596696278144,0.6190476190476191,0.746031746031746,descriptive; no posthoc exclusion
position_pair,C_count,5,6,1,0.34787501500216456,0.6666666666666666,0.6666666666666666,descriptive; no posthoc exclusion
1mer,changed_position_span,2,580,58,0.29740385617998016,0.0,0.7810344827586206,descriptive; no posthoc exclusion
1mer,changed_position_span,3,447,46,0.31477724645996624,0.0,0.7606263982102909,descriptive; no posthoc exclusion
1mer,changed_position_span,4,381,54,0.3007803291349089,0.0,0.7506561679790026,descriptive; no posthoc exclusion
1mer,changed_position_span,5,222,46,0.30336642247935813,0.0,0.8468468468468469,descriptive; no posthoc exclusion
1mer,changed_position_span,6,114,34,0.304570413840023,0.0,0.7280701754385965,descriptive; no posthoc exclusion
2mer,changed_position_span,2,580,58,0.27934298656424794,0.5517241379310345,0.7810344827586206,descriptive; no posthoc exclusion
2mer,changed_position_span,3,447,46,0.27384794860062894,0.6219239373601789,0.7606263982102909,descriptive; no posthoc exclusion
2mer,changed_position_span,4,381,54,0.2904264893752215,0.5984251968503937,0.7506561679790026,descriptive; no posthoc exclusion
2mer,changed_position_span,5,222,46,0.30607519741559974,0.6441441441441441,0.8468468468468469,descriptive; no posthoc exclusion
2mer,changed_position_span,6,114,34,0.3171424124165599,0.47368421052631576,0.7280701754385965,descriptive; no posthoc exclusion
3mer,changed_position_span,2,580,58,0.33308348150118045,0.6017241379310345,0.7810344827586206,descriptive; no posthoc exclusion
3mer,changed_position_span,3,447,46,0.3348361638863964,0.6532438478747203,0.7606263982102909,descriptive; no posthoc exclusion
3mer,changed_position_span,4,381,54,0.33478135225158034,0.5931758530183727,0.7506561679790026,descriptive; no posthoc exclusion
3mer,changed_position_span,5,222,46,0.3519447852090885,0.5945945945945946,0.8468468468468469,descriptive; no posthoc exclusion
3mer,changed_position_span,6,114,34,0.33100692839686835,0.6228070175438597,0.7280701754385965,descriptive; no posthoc exclusion
composition,changed_position_span,2,580,58,0.29740385617998016,0.0,0.7810344827586206,descriptive; no posthoc exclusion
composition,changed_position_span,3,447,46,0.31477724645996624,0.0,0.7606263982102909,descriptive; no posthoc exclusion
composition,changed_position_span,4,381,54,0.3007803291349089,0.0,0.7506561679790026,descriptive; no posthoc exclusion
composition,changed_position_span,5,222,46,0.30336642247935813,0.0,0.8468468468468469,descriptive; no posthoc exclusion
composition,changed_position_span,6,114,34,0.304570413840023,0.0,0.7280701754385965,descriptive; no posthoc exclusion
kmer123,changed_position_span,2,580,58,0.323237937743995,0.6396551724137931,0.7810344827586206,descriptive; no posthoc exclusion
kmer123,changed_position_span,3,447,46,0.3516605569224094,0.6017897091722595,0.7606263982102909,descriptive; no posthoc exclusion
kmer123,changed_position_span,4,381,54,0.3269072128450602,0.6246719160104987,0.7506561679790026,descriptive; no posthoc exclusion
kmer123,changed_position_span,5,222,46,0.36661377962686975,0.6036036036036037,0.8468468468468469,descriptive; no posthoc exclusion
kmer123,changed_position_span,6,114,34,0.3574442060622416,0.631578947368421,0.7280701754385965,descriptive; no posthoc exclusion
position_additive,changed_position_span,2,580,58,0.2991299616144194,0.553448275862069,0.7810344827586206,descriptive; no posthoc exclusion
position_additive,changed_position_span,3,447,46,0.30680846916646165,0.5973154362416108,0.7606263982102909,descriptive; no posthoc exclusion
position_additive,changed_position_span,4,381,54,0.30143700896657444,0.5223097112860893,0.7506561679790026,descriptive; no posthoc exclusion
position_additive,changed_position_span,5,222,46,0.3189303127294937,0.5,0.8468468468468469,descriptive; no posthoc exclusion
position_additive,changed_position_span,6,114,34,0.3629000891225103,0.4824561403508772,0.7280701754385965,descriptive; no posthoc exclusion
position_pair,changed_position_span,2,580,58,0.3591095714296953,0.5775862068965517,0.7810344827586206,descriptive; no posthoc exclusion
position_pair,changed_position_span,3,447,46,0.39473699468321255,0.5749440715883669,0.7606263982102909,descriptive; no posthoc exclusion
position_pair,changed_position_span,4,381,54,0.40474208258855715,0.5564304461942258,0.7506561679790026,descriptive; no posthoc exclusion
position_pair,changed_position_span,5,222,46,0.39697402129617604,0.5720720720720721,0.8468468468468469,descriptive; no posthoc exclusion
position_pair,changed_position_span,6,114,34,0.3428794090410909,0.6403508771929824,0.7280701754385965,descriptive; no posthoc exclusion
1mer,delta2_zero,False,1657,59,0.3086961291515851,0.0,0.7785153892576946,descriptive; no posthoc exclusion
1mer,delta2_zero,True,87,26,0.2109868749011183,0.0,0.6896551724137931,descriptive; no posthoc exclusion
2mer,delta2_zero,False,1657,59,0.2901801619849475,0.6173808086904043,0.7785153892576946,descriptive; no posthoc exclusion
2mer,delta2_zero,True,87,26,0.2109868749011183,0.0,0.6896551724137931,descriptive; no posthoc exclusion
3mer,delta2_zero,False,1657,59,0.34036176395630097,0.616173808086904,0.7785153892576946,descriptive; no posthoc exclusion
3mer,delta2_zero,True,87,26,0.2563099886646648,0.5632183908045977,0.6896551724137931,descriptive; no posthoc exclusion
composition,delta2_zero,False,1657,59,0.3086961291515851,0.0,0.7785153892576946,descriptive; no posthoc exclusion
composition,delta2_zero,True,87,26,0.2109868749011183,0.0,0.6896551724137931,descriptive; no posthoc exclusion
kmer123,delta2_zero,False,1657,59,0.34340862725205534,0.6270368135184068,0.7785153892576946,descriptive; no posthoc exclusion
kmer123,delta2_zero,True,87,26,0.25667499013111506,0.5172413793103449,0.6896551724137931,descriptive; no posthoc exclusion
position_additive,delta2_zero,False,1657,59,0.3132265629881828,0.5455642727821364,0.7785153892576946,descriptive; no posthoc exclusion
position_additive,delta2_zero,True,87,26,0.2142872251095568,0.5632183908045977,0.6896551724137931,descriptive; no posthoc exclusion
position_pair,delta2_zero,False,1657,59,0.389299965691658,0.5811707905853953,0.7785153892576946,descriptive; no posthoc exclusion
position_pair,delta2_zero,True,87,26,0.24234670949675602,0.47126436781609193,0.6896551724137931,descriptive; no posthoc exclusion
1mer,group,0033,2,1,0.12635589188650936,0.0,0.5,descriptive; no posthoc exclusion
1mer,group,0042,2,1,0.2488332229424905,0.0,1.0,descriptive; no posthoc exclusion
1mer,group,0105,6,1,0.03833696428287533,0.0,0.6666666666666666,descriptive; no posthoc exclusion
1mer,group,0123,21,1,0.2925740164113245,0.0,0.7619047619047619,descriptive; no posthoc exclusion
1mer,group,0132,19,1,0.36862419097783605,0.0,0.7368421052631579,descriptive; no posthoc exclusion
1mer,group,0141,26,1,0.22212696198250487,0.0,0.5384615384615384,descriptive; no posthoc exclusion
1mer,group,0204,7,1,0.3124572727255206,0.0,0.7142857142857143,descriptive; no posthoc exclusion
1mer,group,0213,2,1,0.1143018383433925,0.0,0.5,descriptive; no posthoc exclusion
1mer,group,0222,60,1,0.26510365793683255,0.0,0.6666666666666666,descriptive; no posthoc exclusion
1mer,group,0231,20,1,0.32884738763302945,0.0,0.7,descriptive; no posthoc exclusion
1mer,group,0303,15,1,0.2584184134572895,0.0,0.8666666666666667,descriptive; no posthoc exclusion
1mer,group,0312,32,1,0.2672672792330473,0.0,0.90625,descriptive; no posthoc exclusion
1mer,group,0321,14,1,0.23250882141125315,0.0,0.7142857142857143,descriptive; no posthoc exclusion
1mer,group,0330,10,1,0.17299557506408897,0.0,1.0,descriptive; no posthoc exclusion
1mer,group,0402,23,1,0.4104960933877039,0.0,0.782608695652174,descriptive; no posthoc exclusion
1mer,group,0420,22,1,0.23526518671402963,0.0,0.8181818181818182,descriptive; no posthoc exclusion
1mer,group,1014,34,1,0.22231284741338564,0.0,0.8235294117647058,descriptive; no posthoc exclusion
1mer,group,1023,14,1,0.3034834868673669,0.0,0.6428571428571429,descriptive; no posthoc exclusion
1mer,group,1032,4,1,0.13651013387795685,0.0,0.75,descriptive; no posthoc exclusion
1mer,group,1041,7,1,0.2389011004307028,0.0,1.0,descriptive; no posthoc exclusion
1mer,group,1104,23,1,0.26367316449007505,0.0,0.782608695652174,descriptive; no posthoc exclusion
1mer,group,1113,84,1,0.25726013566709655,0.0,0.7857142857142857,descriptive; no posthoc exclusion
1mer,group,1122,86,1,0.2816460882828228,0.0,0.8023255813953488,descriptive; no posthoc exclusion
1mer,group,1131,95,1,0.30515592096821814,0.0,0.7473684210526316,descriptive; no posthoc exclusion
1mer,group,1140,4,1,0.3131540986082807,0.0,1.0,descriptive; no posthoc exclusion
1mer,group,1203,25,1,0.20702964147778607,0.0,0.72,descriptive; no posthoc exclusion
1mer,group,1212,118,1,0.29797509480607964,0.0,0.7711864406779662,descriptive; no posthoc exclusion
1mer,group,1221,67,1,0.38958515793325726,0.0,0.7611940298507462,descriptive; no posthoc exclusion
1mer,group,1230,17,1,0.21031611387491403,0.0,0.8823529411764706,descriptive; no posthoc exclusion
1mer,group,1302,36,1,0.31770726431057433,0.0,0.6666666666666666,descriptive; no posthoc exclusion
1mer,group,1311,70,1,0.2992874390195286,0.0,0.8142857142857143,descriptive; no posthoc exclusion
1mer,group,1320,44,1,0.437822960866461,0.0,0.8636363636363636,descriptive; no posthoc exclusion
1mer,group,1401,8,1,0.2562088186623729,0.0,0.5,descriptive; no posthoc exclusion
1mer,group,1410,6,1,0.06482432261433735,0.0,1.0,descriptive; no posthoc exclusion
1mer,group,1500,6,1,0.3935393883529534,0.0,0.6666666666666666,descriptive; no posthoc exclusion
1mer,group,2004,8,1,0.289919437580131,0.0,1.0,descriptive; no posthoc exclusion
1mer,group,2013,17,1,0.17344452398705887,0.0,0.5294117647058824,descriptive; no posthoc exclusion
1mer,group,2022,40,1,0.3962093353418634,0.0,0.95,descriptive; no posthoc exclusion
1mer,group,2031,7,1,0.3072110970677634,0.0,0.7142857142857143,descriptive; no posthoc exclusion
1mer,group,2103,15,1,0.2744074932814964,0.0,1.0,descriptive; no posthoc exclusion
1mer,group,2112,95,1,0.3283241785110245,0.0,0.8947368421052632,descriptive; no posthoc exclusion
1mer,group,2121,58,1,0.38788657040766367,0.0,0.8103448275862069,descriptive; no posthoc exclusion
1mer,group,2130,24,1,0.2311139653462125,0.0,0.9166666666666666,descriptive; no posthoc exclusion
1mer,group,2202,80,1,0.33731753090756056,0.0,0.7875,descriptive; no posthoc exclusion
1mer,group,2211,78,1,0.402310289333894,0.0,0.7564102564102564,descriptive; no posthoc exclusion
1mer,group,2220,52,1,0.4168548162909801,0.0,0.8653846153846154,descriptive; no posthoc exclusion
1mer,group,2301,12,1,0.2387395931638521,0.0,0.25,descriptive; no posthoc exclusion
1mer,group,2310,42,1,0.22452521501300696,0.0,0.6904761904761905,descriptive; no posthoc exclusion
1mer,group,2400,4,1,0.32687842518951526,0.0,0.25,descriptive; no posthoc exclusion
1mer,group,3012,9,1,0.41110740306950233,0.0,0.3333333333333333,descriptive; no posthoc exclusion
1mer,group,3021,2,1,0.6267075923141925,0.0,1.0,descriptive; no posthoc exclusion
1mer,group,3030,9,1,0.6798322004231305,0.0,1.0,descriptive; no posthoc exclusion
1mer,group,3102,34,1,0.2857103498232056,0.0,0.6764705882352942,descriptive; no posthoc exclusion
1mer,group,3111,63,1,0.21750254123534268,0.0,0.7142857142857143,descriptive; no posthoc exclusion
1mer,group,3120,14,1,0.31131889485710806,0.0,0.8571428571428571,descriptive; no posthoc exclusion
1mer,group,3201,4,1,0.34626445781176796,0.0,1.0,descriptive; no posthoc exclusion
1mer,group,3210,7,1,0.3161901820061893,0.0,0.5714285714285714,descriptive; no posthoc exclusion
1mer,group,3300,22,1,0.16187332259257492,0.0,0.7272727272727273,descriptive; no posthoc exclusion
1mer,group,4101,11,1,0.2589445891431379,0.0,0.5454545454545454,descriptive; no posthoc exclusion
1mer,group,4110,8,1,0.16050297366869268,0.0,0.625,descriptive; no posthoc exclusion
2mer,group,0033,2,1,0.12735636819965968,0.5,0.5,descriptive; no posthoc exclusion
2mer,group,0042,2,1,0.24495659301968306,0.5,1.0,descriptive; no posthoc exclusion
2mer,group,0105,6,1,0.08533907156591296,0.6666666666666666,0.6666666666666666,descriptive; no posthoc exclusion
2mer,group,0123,21,1,0.23407528902639307,0.6190476190476191,0.7619047619047619,descriptive; no posthoc exclusion
2mer,group,0132,19,1,0.3425224444026793,0.7368421052631579,0.7368421052631579,descriptive; no posthoc exclusion
2mer,group,0141,26,1,0.2875881056975,0.15384615384615385,0.5384615384615384,descriptive; no posthoc exclusion
2mer,group,0204,7,1,0.36881012338513275,0.14285714285714285,0.7142857142857143,descriptive; no posthoc exclusion
2mer,group,0213,2,1,0.10523416906592009,0.5,0.5,descriptive; no posthoc exclusion
2mer,group,0222,60,1,0.20763109036852886,0.7166666666666667,0.6666666666666666,descriptive; no posthoc exclusion
2mer,group,0231,20,1,0.29696769991233596,0.65,0.7,descriptive; no posthoc exclusion
2mer,group,0303,15,1,0.2293181825364433,0.6,0.8666666666666667,descriptive; no posthoc exclusion
2mer,group,0312,32,1,0.2995707016781548,0.53125,0.90625,descriptive; no posthoc exclusion
2mer,group,0321,14,1,0.3192408873313997,0.21428571428571427,0.7142857142857143,descriptive; no posthoc exclusion
2mer,group,0330,10,1,0.17361014279009662,0.4,1.0,descriptive; no posthoc exclusion
2mer,group,0402,23,1,0.32732014020923156,0.6956521739130435,0.782608695652174,descriptive; no posthoc exclusion
2mer,group,0420,22,1,0.25116319929849645,0.36363636363636365,0.8181818181818182,descriptive; no posthoc exclusion
2mer,group,1014,34,1,0.21150734583493153,0.47058823529411764,0.8235294117647058,descriptive; no posthoc exclusion
2mer,group,1023,14,1,0.2878509377718868,0.5714285714285714,0.6428571428571429,descriptive; no posthoc exclusion
2mer,group,1032,4,1,0.08588234810943846,0.75,0.75,descriptive; no posthoc exclusion
2mer,group,1041,7,1,0.24734063735330356,0.0,1.0,descriptive; no posthoc exclusion
2mer,group,1104,23,1,0.23658541224906887,0.6956521739130435,0.782608695652174,descriptive; no posthoc exclusion
2mer,group,1113,84,1,0.2289121608184269,0.7023809523809523,0.7857142857142857,descriptive; no posthoc exclusion
2mer,group,1122,86,1,0.2578508506057003,0.5813953488372093,0.8023255813953488,descriptive; no posthoc exclusion
2mer,group,1131,95,1,0.29489874325377685,0.5578947368421052,0.7473684210526316,descriptive; no posthoc exclusion
2mer,group,1140,4,1,0.34714132058506614,0.75,1.0,descriptive; no posthoc exclusion
2mer,group,1203,25,1,0.19559729384407054,0.64,0.72,descriptive; no posthoc exclusion
2mer,group,1212,118,1,0.2962719508992087,0.6101694915254238,0.7711864406779662,descriptive; no posthoc exclusion
2mer,group,1221,67,1,0.34713620724059135,0.7014925373134329,0.7611940298507462,descriptive; no posthoc exclusion
2mer,group,1230,17,1,0.2164830079934813,0.4117647058823529,0.8823529411764706,descriptive; no posthoc exclusion
2mer,group,1302,36,1,0.29975630658874836,0.5,0.6666666666666666,descriptive; no posthoc exclusion
2mer,group,1311,70,1,0.270751746956423,0.6142857142857143,0.8142857142857143,descriptive; no posthoc exclusion
2mer,group,1320,44,1,0.33107088484761477,0.8409090909090909,0.8636363636363636,descriptive; no posthoc exclusion
2mer,group,1401,8,1,0.17809505776719492,0.75,0.5,descriptive; no posthoc exclusion
2mer,group,1410,6,1,0.06482432261433735,0.0,1.0,descriptive; no posthoc exclusion
2mer,group,1500,6,1,0.23871470074483278,0.6666666666666666,0.6666666666666666,descriptive; no posthoc exclusion
2mer,group,2004,8,1,0.21541646494801028,0.625,1.0,descriptive; no posthoc exclusion
2mer,group,2013,17,1,0.2215021371081263,0.35294117647058826,0.5294117647058824,descriptive; no posthoc exclusion
2mer,group,2022,40,1,0.4246895314471774,0.45,0.95,descriptive; no posthoc exclusion
2mer,group,2031,7,1,0.24070134428949916,0.7142857142857143,0.7142857142857143,descriptive; no posthoc exclusion
2mer,group,2103,15,1,0.20552257956556774,0.8,1.0,descriptive; no posthoc exclusion
2mer,group,2112,95,1,0.3534585010853172,0.5263157894736842,0.8947368421052632,descriptive; no posthoc exclusion
2mer,group,2121,58,1,0.38272530334425225,0.5344827586206896,0.8103448275862069,descriptive; no posthoc exclusion
2mer,group,2130,24,1,0.22950986549715877,0.4166666666666667,0.9166666666666666,descriptive; no posthoc exclusion
2mer,group,2202,80,1,0.2792334288120022,0.8,0.7875,descriptive; no posthoc exclusion
2mer,group,2211,78,1,0.4826857869786964,0.4230769230769231,0.7564102564102564,descriptive; no posthoc exclusion
2mer,group,2220,52,1,0.2849357833155428,0.75,0.8653846153846154,descriptive; no posthoc exclusion
2mer,group,2301,12,1,0.2529621553061983,0.25,0.25,descriptive; no posthoc exclusion
2mer,group,2310,42,1,0.21852781311078878,0.5476190476190477,0.6904761904761905,descriptive; no posthoc exclusion
2mer,group,2400,4,1,0.4370363652109249,0.0,0.25,descriptive; no posthoc exclusion
2mer,group,3012,9,1,0.40101386273996587,0.6666666666666666,0.3333333333333333,descriptive; no posthoc exclusion
2mer,group,3021,2,1,0.5503873021396279,1.0,1.0,descriptive; no posthoc exclusion
2mer,group,3030,9,1,0.6945476142369778,0.4444444444444444,1.0,descriptive; no posthoc exclusion
2mer,group,3102,34,1,0.20168391299347443,0.6470588235294118,0.6764705882352942,descriptive; no posthoc exclusion
2mer,group,3111,63,1,0.18585004497448904,0.7142857142857143,0.7142857142857143,descriptive; no posthoc exclusion
2mer,group,3120,14,1,0.25992276272203696,0.7142857142857143,0.8571428571428571,descriptive; no posthoc exclusion
2mer,group,3201,4,1,0.23437494117681837,1.0,1.0,descriptive; no posthoc exclusion
2mer,group,3210,7,1,0.26804041324541483,0.7142857142857143,0.5714285714285714,descriptive; no posthoc exclusion
2mer,group,3300,22,1,0.15948999100948363,0.36363636363636365,0.7272727272727273,descriptive; no posthoc exclusion
2mer,group,4101,11,1,0.3113400380212784,0.2727272727272727,0.5454545454545454,descriptive; no posthoc exclusion
2mer,group,4110,8,1,0.1816127280546634,0.625,0.625,descriptive; no posthoc exclusion
3mer,group,0033,2,1,0.12524886601200597,0.5,0.5,descriptive; no posthoc exclusion
3mer,group,0042,2,1,0.3327355222034938,0.5,1.0,descriptive; no posthoc exclusion
3mer,group,0105,6,1,0.11390003585775876,0.0,0.6666666666666666,descriptive; no posthoc exclusion
3mer,group,0123,21,1,0.3327577235225928,0.5238095238095238,0.7619047619047619,descriptive; no posthoc exclusion
3mer,group,0132,19,1,0.46534617769378844,0.7368421052631579,0.7368421052631579,descriptive; no posthoc exclusion
3mer,group,0141,26,1,0.32327375307671574,0.7692307692307693,0.5384615384615384,descriptive; no posthoc exclusion
3mer,group,0204,7,1,0.1875965219954745,1.0,0.7142857142857143,descriptive; no posthoc exclusion
3mer,group,0213,2,1,0.2767484907241673,0.5,0.5,descriptive; no posthoc exclusion
3mer,group,0222,60,1,0.22260717962792034,0.7666666666666667,0.6666666666666666,descriptive; no posthoc exclusion
3mer,group,0231,20,1,0.4600052173051927,0.4,0.7,descriptive; no posthoc exclusion
3mer,group,0303,15,1,0.2033104323857831,0.4666666666666667,0.8666666666666667,descriptive; no posthoc exclusion
3mer,group,0312,32,1,0.3617166293935597,0.5,0.90625,descriptive; no posthoc exclusion
3mer,group,0321,14,1,0.37460474998127113,0.42857142857142855,0.7142857142857143,descriptive; no posthoc exclusion
3mer,group,0330,10,1,0.11967325238520017,0.8,1.0,descriptive; no posthoc exclusion
3mer,group,0402,23,1,0.37335540649831417,0.6521739130434783,0.782608695652174,descriptive; no posthoc exclusion
3mer,group,0420,22,1,0.38854449193464846,0.09090909090909091,0.8181818181818182,descriptive; no posthoc exclusion
3mer,group,1014,34,1,0.19979837366010494,0.7058823529411765,0.8235294117647058,descriptive; no posthoc exclusion
3mer,group,1023,14,1,0.11982159621550481,1.0,0.6428571428571429,descriptive; no posthoc exclusion
3mer,group,1032,4,1,0.28332682578188434,1.0,0.75,descriptive; no posthoc exclusion
3mer,group,1041,7,1,0.21396428534380796,0.8571428571428571,1.0,descriptive; no posthoc exclusion
3mer,group,1104,23,1,0.163618852797868,0.8260869565217391,0.782608695652174,descriptive; no posthoc exclusion
3mer,group,1113,84,1,0.2960409775534134,0.5833333333333334,0.7857142857142857,descriptive; no posthoc exclusion
3mer,group,1122,86,1,0.39611489506103464,0.5813953488372093,0.8023255813953488,descriptive; no posthoc exclusion
3mer,group,1131,95,1,0.3291419318227527,0.5368421052631579,0.7473684210526316,descriptive; no posthoc exclusion
3mer,group,1140,4,1,0.19664827477370925,0.5,1.0,descriptive; no posthoc exclusion
3mer,group,1203,25,1,0.19804392002682117,0.76,0.72,descriptive; no posthoc exclusion
3mer,group,1212,118,1,0.3155827440404441,0.6694915254237288,0.7711864406779662,descriptive; no posthoc exclusion
3mer,group,1221,67,1,0.33752650825804315,0.6567164179104478,0.7611940298507462,descriptive; no posthoc exclusion
3mer,group,1230,17,1,0.2556403719826616,0.7647058823529411,0.8823529411764706,descriptive; no posthoc exclusion
3mer,group,1302,36,1,0.3520460374627783,0.5555555555555556,0.6666666666666666,descriptive; no posthoc exclusion
3mer,group,1311,70,1,0.26694489711448205,0.7,0.8142857142857143,descriptive; no posthoc exclusion
3mer,group,1320,44,1,0.4484336302863179,0.6136363636363636,0.8636363636363636,descriptive; no posthoc exclusion
3mer,group,1401,8,1,0.48953454973157196,0.0,0.5,descriptive; no posthoc exclusion
3mer,group,1410,6,1,0.13339277425476406,0.6666666666666666,1.0,descriptive; no posthoc exclusion
3mer,group,1500,6,1,0.2994021408170195,0.6666666666666666,0.6666666666666666,descriptive; no posthoc exclusion
3mer,group,2004,8,1,0.10833293206139336,1.0,1.0,descriptive; no posthoc exclusion
3mer,group,2013,17,1,0.19993674909733208,0.47058823529411764,0.5294117647058824,descriptive; no posthoc exclusion
3mer,group,2022,40,1,0.31627230404863393,0.75,0.95,descriptive; no posthoc exclusion
3mer,group,2031,7,1,0.310682988761532,0.5714285714285714,0.7142857142857143,descriptive; no posthoc exclusion
3mer,group,2103,15,1,0.3849371545293398,0.2,1.0,descriptive; no posthoc exclusion
3mer,group,2112,95,1,0.488190597265536,0.6210526315789474,0.8947368421052632,descriptive; no posthoc exclusion
3mer,group,2121,58,1,0.4294604501862816,0.5344827586206896,0.8103448275862069,descriptive; no posthoc exclusion
3mer,group,2130,24,1,0.3508145314591972,0.25,0.9166666666666666,descriptive; no posthoc exclusion
3mer,group,2202,80,1,0.3698353547038038,0.575,0.7875,descriptive; no posthoc exclusion
3mer,group,2211,78,1,0.5944923445052718,0.5641025641025641,0.7564102564102564,descriptive; no posthoc exclusion
3mer,group,2220,52,1,0.27394416517945214,0.7692307692307693,0.8653846153846154,descriptive; no posthoc exclusion
3mer,group,2301,12,1,0.662993267601524,0.08333333333333333,0.25,descriptive; no posthoc exclusion
3mer,group,2310,42,1,0.3125230816600727,0.5714285714285714,0.6904761904761905,descriptive; no posthoc exclusion
3mer,group,2400,4,1,0.44382825776610774,0.0,0.25,descriptive; no posthoc exclusion
3mer,group,3012,9,1,0.2554985137934165,0.8888888888888888,0.3333333333333333,descriptive; no posthoc exclusion
3mer,group,3021,2,1,0.4497041254864904,1.0,1.0,descriptive; no posthoc exclusion
3mer,group,3030,9,1,0.7377252143113092,0.2222222222222222,1.0,descriptive; no posthoc exclusion
3mer,group,3102,34,1,0.21126556621282194,0.7647058823529411,0.6764705882352942,descriptive; no posthoc exclusion
3mer,group,3111,63,1,0.21772981195987684,0.7619047619047619,0.7142857142857143,descriptive; no posthoc exclusion
3mer,group,3120,14,1,0.2761343644794486,0.5714285714285714,0.8571428571428571,descriptive; no posthoc exclusion
3mer,group,3201,4,1,0.18035493604220426,1.0,1.0,descriptive; no posthoc exclusion
3mer,group,3210,7,1,0.24002079401309273,0.8571428571428571,0.5714285714285714,descriptive; no posthoc exclusion
3mer,group,3300,22,1,0.21075242307944905,0.45454545454545453,0.7272727272727273,descriptive; no posthoc exclusion
3mer,group,4101,11,1,0.4621225494525104,0.45454545454545453,0.5454545454545454,descriptive; no posthoc exclusion
3mer,group,4110,8,1,0.10700160917258025,0.75,0.625,descriptive; no posthoc exclusion
composition,group,0033,2,1,0.12635589188650936,0.0,0.5,descriptive; no posthoc exclusion
composition,group,0042,2,1,0.2488332229424905,0.0,1.0,descriptive; no posthoc exclusion
composition,group,0105,6,1,0.03833696428287533,0.0,0.6666666666666666,descriptive; no posthoc exclusion
composition,group,0123,21,1,0.2925740164113245,0.0,0.7619047619047619,descriptive; no posthoc exclusion
composition,group,0132,19,1,0.36862419097783605,0.0,0.7368421052631579,descriptive; no posthoc exclusion
composition,group,0141,26,1,0.22212696198250487,0.0,0.5384615384615384,descriptive; no posthoc exclusion
composition,group,0204,7,1,0.3124572727255206,0.0,0.7142857142857143,descriptive; no posthoc exclusion
composition,group,0213,2,1,0.1143018383433925,0.0,0.5,descriptive; no posthoc exclusion
composition,group,0222,60,1,0.26510365793683255,0.0,0.6666666666666666,descriptive; no posthoc exclusion
composition,group,0231,20,1,0.32884738763302945,0.0,0.7,descriptive; no posthoc exclusion
composition,group,0303,15,1,0.2584184134572895,0.0,0.8666666666666667,descriptive; no posthoc exclusion
composition,group,0312,32,1,0.2672672792330473,0.0,0.90625,descriptive; no posthoc exclusion
composition,group,0321,14,1,0.23250882141125315,0.0,0.7142857142857143,descriptive; no posthoc exclusion
composition,group,0330,10,1,0.17299557506408897,0.0,1.0,descriptive; no posthoc exclusion
composition,group,0402,23,1,0.4104960933877039,0.0,0.782608695652174,descriptive; no posthoc exclusion
composition,group,0420,22,1,0.23526518671402963,0.0,0.8181818181818182,descriptive; no posthoc exclusion
composition,group,1014,34,1,0.22231284741338564,0.0,0.8235294117647058,descriptive; no posthoc exclusion
composition,group,1023,14,1,0.3034834868673669,0.0,0.6428571428571429,descriptive; no posthoc exclusion
composition,group,1032,4,1,0.13651013387795685,0.0,0.75,descriptive; no posthoc exclusion
composition,group,1041,7,1,0.2389011004307028,0.0,1.0,descriptive; no posthoc exclusion
composition,group,1104,23,1,0.26367316449007505,0.0,0.782608695652174,descriptive; no posthoc exclusion
composition,group,1113,84,1,0.25726013566709655,0.0,0.7857142857142857,descriptive; no posthoc exclusion
composition,group,1122,86,1,0.2816460882828228,0.0,0.8023255813953488,descriptive; no posthoc exclusion
composition,group,1131,95,1,0.30515592096821814,0.0,0.7473684210526316,descriptive; no posthoc exclusion
composition,group,1140,4,1,0.3131540986082807,0.0,1.0,descriptive; no posthoc exclusion
composition,group,1203,25,1,0.20702964147778607,0.0,0.72,descriptive; no posthoc exclusion
composition,group,1212,118,1,0.29797509480607964,0.0,0.7711864406779662,descriptive; no posthoc exclusion
composition,group,1221,67,1,0.38958515793325726,0.0,0.7611940298507462,descriptive; no posthoc exclusion
composition,group,1230,17,1,0.21031611387491403,0.0,0.8823529411764706,descriptive; no posthoc exclusion
composition,group,1302,36,1,0.31770726431057433,0.0,0.6666666666666666,descriptive; no posthoc exclusion
composition,group,1311,70,1,0.2992874390195286,0.0,0.8142857142857143,descriptive; no posthoc exclusion
composition,group,1320,44,1,0.437822960866461,0.0,0.8636363636363636,descriptive; no posthoc exclusion
composition,group,1401,8,1,0.2562088186623729,0.0,0.5,descriptive; no posthoc exclusion
composition,group,1410,6,1,0.06482432261433735,0.0,1.0,descriptive; no posthoc exclusion
composition,group,1500,6,1,0.3935393883529534,0.0,0.6666666666666666,descriptive; no posthoc exclusion
composition,group,2004,8,1,0.289919437580131,0.0,1.0,descriptive; no posthoc exclusion
composition,group,2013,17,1,0.17344452398705887,0.0,0.5294117647058824,descriptive; no posthoc exclusion
composition,group,2022,40,1,0.3962093353418634,0.0,0.95,descriptive; no posthoc exclusion
composition,group,2031,7,1,0.3072110970677634,0.0,0.7142857142857143,descriptive; no posthoc exclusion
composition,group,2103,15,1,0.2744074932814964,0.0,1.0,descriptive; no posthoc exclusion
composition,group,2112,95,1,0.3283241785110245,0.0,0.8947368421052632,descriptive; no posthoc exclusion
composition,group,2121,58,1,0.38788657040766367,0.0,0.8103448275862069,descriptive; no posthoc exclusion
composition,group,2130,24,1,0.2311139653462125,0.0,0.9166666666666666,descriptive; no posthoc exclusion
composition,group,2202,80,1,0.33731753090756056,0.0,0.7875,descriptive; no posthoc exclusion
composition,group,2211,78,1,0.402310289333894,0.0,0.7564102564102564,descriptive; no posthoc exclusion
composition,group,2220,52,1,0.4168548162909801,0.0,0.8653846153846154,descriptive; no posthoc exclusion
composition,group,2301,12,1,0.2387395931638521,0.0,0.25,descriptive; no posthoc exclusion
composition,group,2310,42,1,0.22452521501300696,0.0,0.6904761904761905,descriptive; no posthoc exclusion
composition,group,2400,4,1,0.32687842518951526,0.0,0.25,descriptive; no posthoc exclusion
composition,group,3012,9,1,0.41110740306950233,0.0,0.3333333333333333,descriptive; no posthoc exclusion
composition,group,3021,2,1,0.6267075923141925,0.0,1.0,descriptive; no posthoc exclusion
composition,group,3030,9,1,0.6798322004231305,0.0,1.0,descriptive; no posthoc exclusion
composition,group,3102,34,1,0.2857103498232056,0.0,0.6764705882352942,descriptive; no posthoc exclusion
composition,group,3111,63,1,0.21750254123534268,0.0,0.7142857142857143,descriptive; no posthoc exclusion
composition,group,3120,14,1,0.31131889485710806,0.0,0.8571428571428571,descriptive; no posthoc exclusion
composition,group,3201,4,1,0.34626445781176796,0.0,1.0,descriptive; no posthoc exclusion
composition,group,3210,7,1,0.3161901820061893,0.0,0.5714285714285714,descriptive; no posthoc exclusion
composition,group,3300,22,1,0.16187332259257492,0.0,0.7272727272727273,descriptive; no posthoc exclusion
composition,group,4101,11,1,0.2589445891431379,0.0,0.5454545454545454,descriptive; no posthoc exclusion
composition,group,4110,8,1,0.16050297366869268,0.0,0.625,descriptive; no posthoc exclusion
kmer123,group,0033,2,1,0.07777894469069323,0.5,0.5,descriptive; no posthoc exclusion
kmer123,group,0042,2,1,0.3482051925330542,0.5,1.0,descriptive; no posthoc exclusion
kmer123,group,0105,6,1,0.03749495005666984,0.6666666666666666,0.6666666666666666,descriptive; no posthoc exclusion
kmer123,group,0123,21,1,0.28093650410899434,0.5238095238095238,0.7619047619047619,descriptive; no posthoc exclusion
kmer123,group,0132,19,1,0.4900450164650928,0.7368421052631579,0.7368421052631579,descriptive; no posthoc exclusion
kmer123,group,0141,26,1,0.33075966611858615,0.7692307692307693,0.5384615384615384,descriptive; no posthoc exclusion
kmer123,group,0204,7,1,0.24970684611619967,1.0,0.7142857142857143,descriptive; no posthoc exclusion
kmer123,group,0213,2,1,0.3395732349263817,0.0,0.5,descriptive; no posthoc exclusion
kmer123,group,0222,60,1,0.19267817480947091,0.7833333333333333,0.6666666666666666,descriptive; no posthoc exclusion
kmer123,group,0231,20,1,0.4844442573070262,0.5,0.7,descriptive; no posthoc exclusion
kmer123,group,0303,15,1,0.15532323706721232,0.7333333333333333,0.8666666666666667,descriptive; no posthoc exclusion
kmer123,group,0312,32,1,0.35933770650362085,0.4375,0.90625,descriptive; no posthoc exclusion
kmer123,group,0321,14,1,0.35365586209885225,0.5,0.7142857142857143,descriptive; no posthoc exclusion
kmer123,group,0330,10,1,0.11176212019179413,0.8,1.0,descriptive; no posthoc exclusion
kmer123,group,0402,23,1,0.33305015199298327,0.8260869565217391,0.782608695652174,descriptive; no posthoc exclusion
kmer123,group,0420,22,1,0.36496939877169454,0.36363636363636365,0.8181818181818182,descriptive; no posthoc exclusion
kmer123,group,1014,34,1,0.2307581160288914,0.5882352941176471,0.8235294117647058,descriptive; no posthoc exclusion
kmer123,group,1023,14,1,0.11567214713114701,1.0,0.6428571428571429,descriptive; no posthoc exclusion
kmer123,group,1032,4,1,0.28109779691508846,1.0,0.75,descriptive; no posthoc exclusion
kmer123,group,1041,7,1,0.25411987234265127,0.8571428571428571,1.0,descriptive; no posthoc exclusion
kmer123,group,1104,23,1,0.22890679312700368,0.6956521739130435,0.782608695652174,descriptive; no posthoc exclusion
kmer123,group,1113,84,1,0.3303505312227736,0.4642857142857143,0.7857142857142857,descriptive; no posthoc exclusion
kmer123,group,1122,86,1,0.43528205075460275,0.5116279069767442,0.8023255813953488,descriptive; no posthoc exclusion
kmer123,group,1131,95,1,0.3415481025990214,0.5368421052631579,0.7473684210526316,descriptive; no posthoc exclusion
kmer123,group,1140,4,1,0.18366319942974063,1.0,1.0,descriptive; no posthoc exclusion
kmer123,group,1203,25,1,0.18321018467235706,0.8,0.72,descriptive; no posthoc exclusion
kmer123,group,1212,118,1,0.321327042288502,0.6949152542372882,0.7711864406779662,descriptive; no posthoc exclusion
kmer123,group,1221,67,1,0.3402729427585062,0.6716417910447762,0.7611940298507462,descriptive; no posthoc exclusion
kmer123,group,1230,17,1,0.2898232625066465,0.6470588235294118,0.8823529411764706,descriptive; no posthoc exclusion
kmer123,group,1302,36,1,0.264600138739241,0.7222222222222222,0.6666666666666666,descriptive; no posthoc exclusion
kmer123,group,1311,70,1,0.31916122785977635,0.6428571428571429,0.8142857142857143,descriptive; no posthoc exclusion
kmer123,group,1320,44,1,0.44555844125263633,0.5227272727272727,0.8636363636363636,descriptive; no posthoc exclusion
kmer123,group,1401,8,1,0.4913261956275632,0.0,0.5,descriptive; no posthoc exclusion
kmer123,group,1410,6,1,0.1767231965338384,0.6666666666666666,1.0,descriptive; no posthoc exclusion
kmer123,group,1500,6,1,0.22155464209640455,1.0,0.6666666666666666,descriptive; no posthoc exclusion
kmer123,group,2004,8,1,0.1265209869893159,0.75,1.0,descriptive; no posthoc exclusion
kmer123,group,2013,17,1,0.19214859510037627,0.5882352941176471,0.5294117647058824,descriptive; no posthoc exclusion
kmer123,group,2022,40,1,0.31284571869266536,0.75,0.95,descriptive; no posthoc exclusion
kmer123,group,2031,7,1,0.29793699782232214,0.5714285714285714,0.7142857142857143,descriptive; no posthoc exclusion
kmer123,group,2103,15,1,0.3420415079109357,0.4666666666666667,1.0,descriptive; no posthoc exclusion
kmer123,group,2112,95,1,0.5372033196053205,0.5052631578947369,0.8947368421052632,descriptive; no posthoc exclusion
kmer123,group,2121,58,1,0.4180704522366321,0.6724137931034483,0.8103448275862069,descriptive; no posthoc exclusion
kmer123,group,2130,24,1,0.30572072073713163,0.375,0.9166666666666666,descriptive; no posthoc exclusion
kmer123,group,2202,80,1,0.38869151344250746,0.575,0.7875,descriptive; no posthoc exclusion
kmer123,group,2211,78,1,0.5119847526536798,0.5641025641025641,0.7564102564102564,descriptive; no posthoc exclusion
kmer123,group,2220,52,1,0.27465839505349293,0.8461538461538461,0.8653846153846154,descriptive; no posthoc exclusion
kmer123,group,2301,12,1,0.6420024042471294,0.08333333333333333,0.25,descriptive; no posthoc exclusion
kmer123,group,2310,42,1,0.2962950563049431,0.6666666666666666,0.6904761904761905,descriptive; no posthoc exclusion
kmer123,group,2400,4,1,0.5619396702126308,0.0,0.25,descriptive; no posthoc exclusion
kmer123,group,3012,9,1,0.2770215742357737,0.8888888888888888,0.3333333333333333,descriptive; no posthoc exclusion
kmer123,group,3021,2,1,0.5196565163807895,1.0,1.0,descriptive; no posthoc exclusion
kmer123,group,3030,9,1,0.7116064182278772,0.2222222222222222,1.0,descriptive; no posthoc exclusion
kmer123,group,3102,34,1,0.19603481468225745,0.7647058823529411,0.6764705882352942,descriptive; no posthoc exclusion
kmer123,group,3111,63,1,0.22947818329231506,0.7777777777777778,0.7142857142857143,descriptive; no posthoc exclusion
kmer123,group,3120,14,1,0.24708653625630742,0.7142857142857143,0.8571428571428571,descriptive; no posthoc exclusion
kmer123,group,3201,4,1,0.15171830395902944,0.75,1.0,descriptive; no posthoc exclusion
kmer123,group,3210,7,1,0.2884188819031633,0.7142857142857143,0.5714285714285714,descriptive; no posthoc exclusion
kmer123,group,3300,22,1,0.22268606023469803,0.45454545454545453,0.7272727272727273,descriptive; no posthoc exclusion
kmer123,group,4101,11,1,0.5264784090494475,0.45454545454545453,0.5454545454545454,descriptive; no posthoc exclusion
kmer123,group,4110,8,1,0.12797973761916487,0.75,0.625,descriptive; no posthoc exclusion
position_additive,group,0033,2,1,0.12015927648052131,0.5,0.5,descriptive; no posthoc exclusion
position_additive,group,0042,2,1,0.25526918848417635,0.5,1.0,descriptive; no posthoc exclusion
position_additive,group,0105,6,1,0.05192914080981825,0.0,0.6666666666666666,descriptive; no posthoc exclusion
position_additive,group,0123,21,1,0.24377812708716237,0.7142857142857143,0.7619047619047619,descriptive; no posthoc exclusion
position_additive,group,0132,19,1,0.3838879599919219,0.5263157894736842,0.7368421052631579,descriptive; no posthoc exclusion
position_additive,group,0141,26,1,0.26855429630358185,0.15384615384615385,0.5384615384615384,descriptive; no posthoc exclusion
position_additive,group,0204,7,1,0.28230849787860485,0.7142857142857143,0.7142857142857143,descriptive; no posthoc exclusion
position_additive,group,0213,2,1,0.22302696464715263,0.5,0.5,descriptive; no posthoc exclusion
position_additive,group,0222,60,1,0.2515358706933844,0.55,0.6666666666666666,descriptive; no posthoc exclusion
position_additive,group,0231,20,1,0.35298370479837626,0.5,0.7,descriptive; no posthoc exclusion
position_additive,group,0303,15,1,0.2178398306160469,0.8666666666666667,0.8666666666666667,descriptive; no posthoc exclusion
position_additive,group,0312,32,1,0.26383284928898076,0.5625,0.90625,descriptive; no posthoc exclusion
position_additive,group,0321,14,1,0.2443888744544766,0.42857142857142855,0.7142857142857143,descriptive; no posthoc exclusion
position_additive,group,0330,10,1,0.08211971493432428,1.0,1.0,descriptive; no posthoc exclusion
position_additive,group,0402,23,1,0.3228684335519554,0.9130434782608695,0.782608695652174,descriptive; no posthoc exclusion
position_additive,group,0420,22,1,0.296759071542845,0.2727272727272727,0.8181818181818182,descriptive; no posthoc exclusion
position_additive,group,1014,34,1,0.231086109520982,0.47058823529411764,0.8235294117647058,descriptive; no posthoc exclusion
position_additive,group,1023,14,1,0.2778636801447083,0.5,0.6428571428571429,descriptive; no posthoc exclusion
position_additive,group,1032,4,1,0.12491566219293754,0.5,0.75,descriptive; no posthoc exclusion
position_additive,group,1041,7,1,0.22049261702342202,0.5714285714285714,1.0,descriptive; no posthoc exclusion
position_additive,group,1104,23,1,0.27408435638345113,0.4782608695652174,0.782608695652174,descriptive; no posthoc exclusion
position_additive,group,1113,84,1,0.27820121417116617,0.5476190476190477,0.7857142857142857,descriptive; no posthoc exclusion
position_additive,group,1122,86,1,0.2696996735046978,0.5813953488372093,0.8023255813953488,descriptive; no posthoc exclusion
position_additive,group,1131,95,1,0.358765002337447,0.4,0.7473684210526316,descriptive; no posthoc exclusion
position_additive,group,1140,4,1,0.3244480885347869,0.75,1.0,descriptive; no posthoc exclusion
position_additive,group,1203,25,1,0.19325565226545727,0.76,0.72,descriptive; no posthoc exclusion
position_additive,group,1212,118,1,0.28575264071430034,0.5932203389830508,0.7711864406779662,descriptive; no posthoc exclusion
position_additive,group,1221,67,1,0.4274790926928099,0.4925373134328358,0.7611940298507462,descriptive; no posthoc exclusion
position_additive,group,1230,17,1,0.22882994877411722,0.5294117647058824,0.8823529411764706,descriptive; no posthoc exclusion
position_additive,group,1302,36,1,0.3224119599236251,0.4444444444444444,0.6666666666666666,descriptive; no posthoc exclusion
position_additive,group,1311,70,1,0.3195124020864742,0.4,0.8142857142857143,descriptive; no posthoc exclusion
position_additive,group,1320,44,1,0.4641721416492587,0.5454545454545454,0.8636363636363636,descriptive; no posthoc exclusion
position_additive,group,1401,8,1,0.3496692370730128,0.25,0.5,descriptive; no posthoc exclusion
position_additive,group,1410,6,1,0.1362560926260182,0.6666666666666666,1.0,descriptive; no posthoc exclusion
position_additive,group,1500,6,1,0.3396168025942308,0.6666666666666666,0.6666666666666666,descriptive; no posthoc exclusion
position_additive,group,2004,8,1,0.22151444019098304,1.0,1.0,descriptive; no posthoc exclusion
position_additive,group,2013,17,1,0.16108211159627256,0.7647058823529411,0.5294117647058824,descriptive; no posthoc exclusion
position_additive,group,2022,40,1,0.41651750302334933,0.5,0.95,descriptive; no posthoc exclusion
position_additive,group,2031,7,1,0.37551575069870025,0.5714285714285714,0.7142857142857143,descriptive; no posthoc exclusion
position_additive,group,2103,15,1,0.3006867787494947,0.5333333333333333,1.0,descriptive; no posthoc exclusion
position_additive,group,2112,95,1,0.33168322778974996,0.5052631578947369,0.8947368421052632,descriptive; no posthoc exclusion
position_additive,group,2121,58,1,0.4098643222880381,0.5344827586206896,0.8103448275862069,descriptive; no posthoc exclusion
position_additive,group,2130,24,1,0.26365413878509475,0.4583333333333333,0.9166666666666666,descriptive; no posthoc exclusion
position_additive,group,2202,80,1,0.3358088994853037,0.575,0.7875,descriptive; no posthoc exclusion
position_additive,group,2211,78,1,0.40102788581328613,0.5256410256410257,0.7564102564102564,descriptive; no posthoc exclusion
position_additive,group,2220,52,1,0.3804688740465858,0.7307692307692307,0.8653846153846154,descriptive; no posthoc exclusion
position_additive,group,2301,12,1,0.217602078277362,0.75,0.25,descriptive; no posthoc exclusion
position_additive,group,2310,42,1,0.20477356198653174,0.5714285714285714,0.6904761904761905,descriptive; no posthoc exclusion
position_additive,group,2400,4,1,0.3702065356193095,0.0,0.25,descriptive; no posthoc exclusion
position_additive,group,3012,9,1,0.4669750981677713,0.2222222222222222,0.3333333333333333,descriptive; no posthoc exclusion
position_additive,group,3021,2,1,0.6015768688039115,1.0,1.0,descriptive; no posthoc exclusion
position_additive,group,3030,9,1,0.7942783974649352,0.0,1.0,descriptive; no posthoc exclusion
position_additive,group,3102,34,1,0.2498910569608465,0.6764705882352942,0.6764705882352942,descriptive; no posthoc exclusion
position_additive,group,3111,63,1,0.2155798012632972,0.7142857142857143,0.7142857142857143,descriptive; no posthoc exclusion
position_additive,group,3120,14,1,0.2429517805588451,0.7142857142857143,0.8571428571428571,descriptive; no posthoc exclusion
position_additive,group,3201,4,1,0.32404216015195164,0.5,1.0,descriptive; no posthoc exclusion
position_additive,group,3210,7,1,0.352984167463544,0.2857142857142857,0.5714285714285714,descriptive; no posthoc exclusion
position_additive,group,3300,22,1,0.14199681585735877,0.7272727272727273,0.7272727272727273,descriptive; no posthoc exclusion
position_additive,group,4101,11,1,0.2705620096440131,0.45454545454545453,0.5454545454545454,descriptive; no posthoc exclusion
position_additive,group,4110,8,1,0.13867933157284335,0.625,0.625,descriptive; no posthoc exclusion
position_pair,group,0033,2,1,0.1478073034088047,1.0,0.5,descriptive; no posthoc exclusion
position_pair,group,0042,2,1,0.21402893887085722,0.5,1.0,descriptive; no posthoc exclusion
position_pair,group,0105,6,1,0.04904150982808567,1.0,0.6666666666666666,descriptive; no posthoc exclusion
position_pair,group,0123,21,1,0.24781669710595147,0.5714285714285714,0.7619047619047619,descriptive; no posthoc exclusion
position_pair,group,0132,19,1,0.3718782799257592,0.631578947368421,0.7368421052631579,descriptive; no posthoc exclusion
position_pair,group,0141,26,1,0.2455346159489493,0.5384615384615384,0.5384615384615384,descriptive; no posthoc exclusion
position_pair,group,0204,7,1,0.36096644355163143,0.14285714285714285,0.7142857142857143,descriptive; no posthoc exclusion
position_pair,group,0213,2,1,0.16112036611580696,0.0,0.5,descriptive; no posthoc exclusion
position_pair,group,0222,60,1,0.3469644877706642,0.5166666666666667,0.6666666666666666,descriptive; no posthoc exclusion
position_pair,group,0231,20,1,0.3089474707173784,0.85,0.7,descriptive; no posthoc exclusion
position_pair,group,0303,15,1,0.33435044642607925,0.2,0.8666666666666667,descriptive; no posthoc exclusion
position_pair,group,0312,32,1,0.33290007773629227,0.625,0.90625,descriptive; no posthoc exclusion
position_pair,group,0321,14,1,0.2013704192250397,0.5714285714285714,0.7142857142857143,descriptive; no posthoc exclusion
position_pair,group,0330,10,1,0.3647559611901199,0.6,1.0,descriptive; no posthoc exclusion
position_pair,group,0402,23,1,0.38740190791604084,0.6086956521739131,0.782608695652174,descriptive; no posthoc exclusion
position_pair,group,0420,22,1,0.23495523767684662,0.7272727272727273,0.8181818181818182,descriptive; no posthoc exclusion
position_pair,group,1014,34,1,0.16468942439329728,0.7647058823529411,0.8235294117647058,descriptive; no posthoc exclusion
position_pair,group,1023,14,1,0.35597437213750915,0.5714285714285714,0.6428571428571429,descriptive; no posthoc exclusion
position_pair,group,1032,4,1,0.30079393387663106,0.5,0.75,descriptive; no posthoc exclusion
position_pair,group,1041,7,1,0.34924814347655503,0.2857142857142857,1.0,descriptive; no posthoc exclusion
position_pair,group,1104,23,1,0.3472909354133216,0.2608695652173913,0.782608695652174,descriptive; no posthoc exclusion
position_pair,group,1113,84,1,0.3671565149183443,0.5952380952380952,0.7857142857142857,descriptive; no posthoc exclusion
position_pair,group,1122,86,1,0.45541993652339147,0.5116279069767442,0.8023255813953488,descriptive; no posthoc exclusion
position_pair,group,1131,95,1,0.44927179027272646,0.5789473684210527,0.7473684210526316,descriptive; no posthoc exclusion
position_pair,group,1140,4,1,0.4080628802451163,0.5,1.0,descriptive; no posthoc exclusion
position_pair,group,1203,25,1,0.21443243272534596,0.76,0.72,descriptive; no posthoc exclusion
position_pair,group,1212,118,1,0.44016368857462085,0.6949152542372882,0.7711864406779662,descriptive; no posthoc exclusion
position_pair,group,1221,67,1,0.4948642062107256,0.5671641791044776,0.7611940298507462,descriptive; no posthoc exclusion
position_pair,group,1230,17,1,0.40231540322259085,0.6470588235294118,0.8823529411764706,descriptive; no posthoc exclusion
position_pair,group,1302,36,1,0.39638509446033116,0.4444444444444444,0.6666666666666666,descriptive; no posthoc exclusion
position_pair,group,1311,70,1,0.36212349728922977,0.6714285714285714,0.8142857142857143,descriptive; no posthoc exclusion
position_pair,group,1320,44,1,0.40296887128073916,0.5,0.8636363636363636,descriptive; no posthoc exclusion
position_pair,group,1401,8,1,0.18324699510235248,0.75,0.5,descriptive; no posthoc exclusion
position_pair,group,1410,6,1,0.34690465565562684,0.3333333333333333,1.0,descriptive; no posthoc exclusion
position_pair,group,1500,6,1,0.34787501500216456,0.6666666666666666,0.6666666666666666,descriptive; no posthoc exclusion
position_pair,group,2004,8,1,0.05543515949793131,1.0,1.0,descriptive; no posthoc exclusion
position_pair,group,2013,17,1,0.23108121212744082,0.47058823529411764,0.5294117647058824,descriptive; no posthoc exclusion
position_pair,group,2022,40,1,0.5377328753560515,0.425,0.95,descriptive; no posthoc exclusion
position_pair,group,2031,7,1,0.20965712279494406,1.0,0.7142857142857143,descriptive; no posthoc exclusion
position_pair,group,2103,15,1,0.255990757786176,0.6666666666666666,1.0,descriptive; no posthoc exclusion
position_pair,group,2112,95,1,0.5939536630596022,0.5052631578947369,0.8947368421052632,descriptive; no posthoc exclusion
position_pair,group,2121,58,1,0.4839512139304078,0.4482758620689655,0.8103448275862069,descriptive; no posthoc exclusion
position_pair,group,2130,24,1,0.27720234459613974,0.5833333333333334,0.9166666666666666,descriptive; no posthoc exclusion
position_pair,group,2202,80,1,0.29445308589761787,0.6375,0.7875,descriptive; no posthoc exclusion
position_pair,group,2211,78,1,0.5834084812225989,0.38461538461538464,0.7564102564102564,descriptive; no posthoc exclusion
position_pair,group,2220,52,1,0.2956097242568179,0.7115384615384616,0.8653846153846154,descriptive; no posthoc exclusion
position_pair,group,2301,12,1,0.2165757684817796,0.75,0.25,descriptive; no posthoc exclusion
position_pair,group,2310,42,1,0.3038015433061255,0.5952380952380952,0.6904761904761905,descriptive; no posthoc exclusion
position_pair,group,2400,4,1,0.5460157282357699,0.25,0.25,descriptive; no posthoc exclusion
position_pair,group,3012,9,1,0.4852752028120556,0.3333333333333333,0.3333333333333333,descriptive; no posthoc exclusion
position_pair,group,3021,2,1,0.5473175335590468,1.0,1.0,descriptive; no posthoc exclusion
position_pair,group,3030,9,1,0.6058623039809117,0.6666666666666666,1.0,descriptive; no posthoc exclusion
position_pair,group,3102,34,1,0.2544164802069807,0.6176470588235294,0.6764705882352942,descriptive; no posthoc exclusion
position_pair,group,3111,63,1,0.33657636040644917,0.6507936507936508,0.7142857142857143,descriptive; no posthoc exclusion
position_pair,group,3120,14,1,0.263740656863504,0.6428571428571429,0.8571428571428571,descriptive; no posthoc exclusion
position_pair,group,3201,4,1,0.2539350125730504,0.75,1.0,descriptive; no posthoc exclusion
position_pair,group,3210,7,1,0.22573756782528154,0.7142857142857143,0.5714285714285714,descriptive; no posthoc exclusion
position_pair,group,3300,22,1,0.285401762496458,0.2727272727272727,0.7272727272727273,descriptive; no posthoc exclusion
position_pair,group,4101,11,1,0.3390398047573321,0.5454545454545454,0.5454545454545454,descriptive; no posthoc exclusion
position_pair,group,4110,8,1,0.27823139838371436,0.75,0.625,descriptive; no posthoc exclusion
1mer,maximum_out_of_range_2mer_features,0,1069,51,0.2970758785624185,0.0,0.7820392890551918,descriptive; no posthoc exclusion
1mer,maximum_out_of_range_2mer_features,1,534,47,0.3113778985993763,0.0,0.7696629213483146,descriptive; no posthoc exclusion
1mer,maximum_out_of_range_2mer_features,2,141,23,0.32635058216511703,0.0,0.7304964539007093,descriptive; no posthoc exclusion
2mer,maximum_out_of_range_2mer_features,0,1069,51,0.29286264695313535,0.5659494855004678,0.7820392890551918,descriptive; no posthoc exclusion
2mer,maximum_out_of_range_2mer_features,1,534,47,0.27778702074905937,0.6142322097378277,0.7696629213483146,descriptive; no posthoc exclusion
2mer,maximum_out_of_range_2mer_features,2,141,23,0.2679145237769921,0.6382978723404256,0.7304964539007093,descriptive; no posthoc exclusion
3mer,maximum_out_of_range_2mer_features,0,1069,51,0.3274117637683767,0.6211412535079514,0.7820392890551918,descriptive; no posthoc exclusion
3mer,maximum_out_of_range_2mer_features,1,534,47,0.36002254515648796,0.6086142322097379,0.7696629213483146,descriptive; no posthoc exclusion
3mer,maximum_out_of_range_2mer_features,2,141,23,0.3122212574996969,0.574468085106383,0.7304964539007093,descriptive; no posthoc exclusion
composition,maximum_out_of_range_2mer_features,0,1069,51,0.2970758785624185,0.0,0.7820392890551918,descriptive; no posthoc exclusion
composition,maximum_out_of_range_2mer_features,1,534,47,0.3113778985993763,0.0,0.7696629213483146,descriptive; no posthoc exclusion
composition,maximum_out_of_range_2mer_features,2,141,23,0.32635058216511703,0.0,0.7304964539007093,descriptive; no posthoc exclusion
kmer123,maximum_out_of_range_2mer_features,0,1069,51,0.33785036351596487,0.6071094480823199,0.7820392890551918,descriptive; no posthoc exclusion
kmer123,maximum_out_of_range_2mer_features,1,534,47,0.3543264225391159,0.6292134831460674,0.7696629213483146,descriptive; no posthoc exclusion
kmer123,maximum_out_of_range_2mer_features,2,141,23,0.29068419335892437,0.7021276595744681,0.7304964539007093,descriptive; no posthoc exclusion
position_additive,maximum_out_of_range_2mer_features,0,1069,51,0.3090563347123496,0.5191768007483629,0.7820392890551918,descriptive; no posthoc exclusion
position_additive,maximum_out_of_range_2mer_features,1,534,47,0.3070961569016497,0.5786516853932584,0.7696629213483146,descriptive; no posthoc exclusion
position_additive,maximum_out_of_range_2mer_features,2,141,23,0.30701300612033755,0.6312056737588653,0.7304964539007093,descriptive; no posthoc exclusion
position_pair,maximum_out_of_range_2mer_features,0,1069,51,0.4003557881401748,0.5696913002806361,0.7820392890551918,descriptive; no posthoc exclusion
position_pair,maximum_out_of_range_2mer_features,1,534,47,0.3615857722642624,0.5861423220973783,0.7696629213483146,descriptive; no posthoc exclusion
position_pair,maximum_out_of_range_2mer_features,2,141,23,0.3197664323853334,0.5815602836879432,0.7304964539007093,descriptive; no posthoc exclusion
