model,task,regret,wrong_direction,avoidable_wrong,pairwise_accuracy
simple,CAD_to_N2A,0.49895470306625805,0.4959154513198285,0.18575143893928583,0.5010289072724905
simple,N2A_to_CAD,0.48749572046496287,0.48837709904659915,0.1830207792018435,0.5119019191767723
base,CAD_to_N2A,0.5023600667063861,0.5015374428635417,0.19140564490217316,0.49612977725354623
base,N2A_to_CAD,0.5219481718734141,0.4871224519949124,0.1812844243155077,0.47914850239433737
raw,CAD_to_N2A,0.5128321172914462,0.5086342916942117,0.19853470815201704,0.4868212250988312
raw,N2A_to_CAD,0.5219849647231176,0.4869941810090503,0.18115615332964563,0.47951645472637394
structure,CAD_to_N2A,0.49294905584708776,0.5008688770955629,0.19076929355336836,0.5026332285972519
structure,N2A_to_CAD,0.4971989158897296,0.4842460588197622,0.17840803114035753,0.5031228162810766
lookup,CAD_to_N2A,0.5105950956107099,0.5037497326233324,0.19361793466196378,0.48877661616846496
lookup,N2A_to_CAD,0.5235024836273887,0.49055922063254537,0.18472119295314082,0.4779028644322021
bert,CAD_to_N2A,0.522407078788875,0.5172025346396963,0.20617947108117982,0.47970909811415013
bert,N2A_to_CAD,0.505761473843671,0.49784761957656665,0.19274325565091185,0.4956730446168738
combined,CAD_to_N2A,0.5115868805500655,0.5112850471236183,0.2004402366845313,0.4893869476695865
combined,N2A_to_CAD,0.48960012711484996,0.49497670877661964,0.18983973757302045,0.5093040410891952
