model,dataset,requested_direction,biological_units,decision_sets,directional_rank_percentile,normalized_regret,selected_normalized_utility,selected_experimental_utility,good_selection_at_1,good_selection_at_3,good_selection_at_5,oracle_recovered,spearman
R0_geometry,mikl_gse173098,decrease,189,378,0.4901945370556933,0.531648861390125,0.46835113860987493,0.10747171521089581,0.06878306878306878,0.164021164021164,0.2857142857142857,0.04497354497354497,-0.007910537163866036
R0_geometry,mikl_gse173098,increase,189,378,0.49167901038711465,0.49232336989895714,0.5076766301010429,-0.18481499784616204,0.07407407407407407,0.21957671957671956,0.328042328042328,0.03439153439153439,-0.007910537163866036
R0_geometry,moffatt_gse334718,decrease,8,51,0.7169832958362051,0.23624838984479718,0.7637516101552029,0.4737203620473975,0.1871031746031746,0.29345238095238096,0.4025793650793651,0.0,0.32147650680202416
R0_geometry,moffatt_gse334718,increase,8,51,0.5573870447073075,0.5328439513832466,0.4671560486167534,0.7364044104287697,0.013888888888888888,0.02638888888888889,0.04027777777777777,0.0,0.32147650680202416
R0_geometry,tdp43_gse288185,decrease,16,16,0.6875216521588625,0.5167070713122023,0.4832929286877978,0.41974466646339764,0.0625,0.125,0.125,0.0625,0.29631085371672583
R0_geometry,tdp43_gse288185,increase,16,16,0.5544333337060553,0.35802486987588833,0.6419751301241117,-0.03779355812348542,0.1875,0.1875,0.3125,0.0,0.29631085371672583
R1_3utrbert,mikl_gse173098,decrease,189,378,0.5140175599421449,0.5152858463237423,0.4847141536762577,0.2220864182633334,0.07936507936507936,0.20634920634920634,0.31746031746031744,0.05555555555555555,0.052252552896081064
R1_3utrbert,mikl_gse173098,increase,189,378,0.540837512486001,0.45008735547651524,0.5499126445234848,-0.09255154776681292,0.09259259259259259,0.24338624338624337,0.37566137566137564,0.06349206349206349,0.052252552896081064
R1_3utrbert,moffatt_gse334718,decrease,8,51,0.7918902517332199,0.20879533391006763,0.7912046660899323,0.5419465232555916,0.22738095238095238,0.3212301587301587,0.3833333333333333,0.013888888888888888,0.32480870112806964
R1_3utrbert,moffatt_gse334718,increase,8,51,0.59071311223779,0.5172427376482759,0.48275726235172406,0.8549346110818637,0.04424603174603174,0.04424603174603174,0.04424603174603174,0.0,0.32480870112806964
R1_3utrbert,tdp43_gse288185,decrease,16,16,0.7231219801061606,0.4365141677146992,0.5634858322853008,0.8091331882634444,0.0,0.1875,0.25,0.0,0.23989781458131193
R1_3utrbert,tdp43_gse288185,increase,16,16,0.5366065520864206,0.3530280125391251,0.6469719874608749,-0.013672364962805545,0.1875,0.25,0.3125,0.0,0.23989781458131193
R2_rbpnet_output,mikl_gse173098,decrease,189,378,0.5053261950659721,0.5186821432787522,0.48131785672124777,0.1938678749658545,0.06613756613756613,0.21428571428571427,0.3253968253968254,0.042328042328042326,0.028036484350824082
R2_rbpnet_output,mikl_gse173098,increase,189,378,0.5104304001439317,0.4778882007286737,0.5221117992713262,-0.14589817152777462,0.07936507936507936,0.24603174603174602,0.35185185185185186,0.04497354497354497,0.028036484350824082
R2_rbpnet_output,moffatt_gse334718,decrease,8,51,0.7475044612699265,0.2064219569051124,0.7935780430948877,0.5781185554394492,0.22857142857142856,0.3323412698412698,0.3958333333333333,0.017857142857142856,0.3652960847131805
R2_rbpnet_output,moffatt_gse334718,increase,8,51,0.6869151762485615,0.49924036901946967,0.5007596309805303,0.8425574972267202,0.0,0.05277777777777778,0.05277777777777778,0.0,0.3652960847131805
R2_rbpnet_output,tdp43_gse288185,decrease,16,16,0.7056449743912727,0.47154985959604584,0.5284501404039542,0.6945475635778934,0.1875,0.25,0.25,0.0,0.32073735986205887
R2_rbpnet_output,tdp43_gse288185,increase,16,16,0.6051305057373116,0.34317359467945663,0.6568264053205434,-0.038918472480425306,0.1875,0.3125,0.3125,0.0,0.32073735986205887
