outer_held,inner_held,configuration,regret,training_rows,validation_rows,training_ids_sha256
astrocyte_gse330741,mikl_gse173098,candidate_005,0.505069598041045,7812,13781,6f767280110a8f2566460e603a67f6c7443d215a323ffe532211cb1028675abf
astrocyte_gse330741,moffatt_gse334718,candidate_005,0.47986711418074846,15283,6749,77bbc4dbd723801ec111dc99b08018a949c734ceba55fe8b6ca1fd2f3d3e9c94
astrocyte_gse330741,srle,candidate_005,0.5686593049069805,20530,1744,8c504508d54d0fb0fc5f25a82bfd0e0a3d38613596922262c0ed87855dee9c4c
astrocyte_gse330741,mikl_gse173098,candidate_05,0.5174890408508985,7812,13781,6f767280110a8f2566460e603a67f6c7443d215a323ffe532211cb1028675abf
astrocyte_gse330741,moffatt_gse334718,candidate_05,0.48837926705713053,15283,6749,77bbc4dbd723801ec111dc99b08018a949c734ceba55fe8b6ca1fd2f3d3e9c94
astrocyte_gse330741,srle,candidate_05,0.5877871733301713,20530,1744,8c504508d54d0fb0fc5f25a82bfd0e0a3d38613596922262c0ed87855dee9c4c
astrocyte_gse330741,mikl_gse173098,candidate_5,0.5267174106318754,7812,13781,6f767280110a8f2566460e603a67f6c7443d215a323ffe532211cb1028675abf
astrocyte_gse330741,moffatt_gse334718,candidate_5,0.4930632146060916,15283,6749,77bbc4dbd723801ec111dc99b08018a949c734ceba55fe8b6ca1fd2f3d3e9c94
astrocyte_gse330741,srle,candidate_5,0.5933970831372618,20530,1744,8c504508d54d0fb0fc5f25a82bfd0e0a3d38613596922262c0ed87855dee9c4c
astrocyte_gse330741,mikl_gse173098,pair_005,0.5075619644340047,7812,13781,6f767280110a8f2566460e603a67f6c7443d215a323ffe532211cb1028675abf
astrocyte_gse330741,moffatt_gse334718,pair_005,0.4860320634300968,15283,6749,77bbc4dbd723801ec111dc99b08018a949c734ceba55fe8b6ca1fd2f3d3e9c94
astrocyte_gse330741,srle,pair_005,0.5846891084203505,20530,1744,8c504508d54d0fb0fc5f25a82bfd0e0a3d38613596922262c0ed87855dee9c4c
astrocyte_gse330741,mikl_gse173098,pair_05,0.5130585315258049,7812,13781,6f767280110a8f2566460e603a67f6c7443d215a323ffe532211cb1028675abf
astrocyte_gse330741,moffatt_gse334718,pair_05,0.5019324414724987,15283,6749,77bbc4dbd723801ec111dc99b08018a949c734ceba55fe8b6ca1fd2f3d3e9c94
astrocyte_gse330741,srle,pair_05,0.58281624083545,20530,1744,8c504508d54d0fb0fc5f25a82bfd0e0a3d38613596922262c0ed87855dee9c4c
astrocyte_gse330741,mikl_gse173098,pair_5,0.5265167136753193,7812,13781,6f767280110a8f2566460e603a67f6c7443d215a323ffe532211cb1028675abf
astrocyte_gse330741,moffatt_gse334718,pair_5,0.47806389124660376,15283,6749,77bbc4dbd723801ec111dc99b08018a949c734ceba55fe8b6ca1fd2f3d3e9c94
astrocyte_gse330741,srle,pair_5,0.5920311642044754,20530,1744,8c504508d54d0fb0fc5f25a82bfd0e0a3d38613596922262c0ed87855dee9c4c
mikl_gse173098,astrocyte_gse330741,candidate_005,0.5085634721683339,7812,3984,6f767280110a8f2566460e603a67f6c7443d215a323ffe532211cb1028675abf
mikl_gse173098,moffatt_gse334718,candidate_005,0.5164289335813959,5728,6068,3e129b4666f2ba68ec2ea1b0a525c10f48e6d9fd43367b0d0c7f300031dd0053
mikl_gse173098,srle,candidate_005,0.4536983675862341,10052,1744,5cf0e528d459fcd30f0d9fdad211dd9ff36b6bc3626b5cd8388e8e49a09c6eb3
mikl_gse173098,astrocyte_gse330741,candidate_05,0.5156627172282973,7812,3984,6f767280110a8f2566460e603a67f6c7443d215a323ffe532211cb1028675abf
mikl_gse173098,moffatt_gse334718,candidate_05,0.45653457635382233,5728,6068,3e129b4666f2ba68ec2ea1b0a525c10f48e6d9fd43367b0d0c7f300031dd0053
mikl_gse173098,srle,candidate_05,0.474993976379639,10052,1744,5cf0e528d459fcd30f0d9fdad211dd9ff36b6bc3626b5cd8388e8e49a09c6eb3
mikl_gse173098,astrocyte_gse330741,candidate_5,0.5378601431876366,7812,3984,6f767280110a8f2566460e603a67f6c7443d215a323ffe532211cb1028675abf
mikl_gse173098,moffatt_gse334718,candidate_5,0.4413400210205086,5728,6068,3e129b4666f2ba68ec2ea1b0a525c10f48e6d9fd43367b0d0c7f300031dd0053
mikl_gse173098,srle,candidate_5,0.477510940360625,10052,1744,5cf0e528d459fcd30f0d9fdad211dd9ff36b6bc3626b5cd8388e8e49a09c6eb3
mikl_gse173098,astrocyte_gse330741,pair_005,0.5229845500827387,7812,3984,6f767280110a8f2566460e603a67f6c7443d215a323ffe532211cb1028675abf
mikl_gse173098,moffatt_gse334718,pair_005,0.5098209358322882,5728,6068,3e129b4666f2ba68ec2ea1b0a525c10f48e6d9fd43367b0d0c7f300031dd0053
mikl_gse173098,srle,pair_005,0.4598281474832141,10052,1744,5cf0e528d459fcd30f0d9fdad211dd9ff36b6bc3626b5cd8388e8e49a09c6eb3
mikl_gse173098,astrocyte_gse330741,pair_05,0.5156627172282973,7812,3984,6f767280110a8f2566460e603a67f6c7443d215a323ffe532211cb1028675abf
mikl_gse173098,moffatt_gse334718,pair_05,0.45563259871165707,5728,6068,3e129b4666f2ba68ec2ea1b0a525c10f48e6d9fd43367b0d0c7f300031dd0053
mikl_gse173098,srle,pair_05,0.4814743127352524,10052,1744,5cf0e528d459fcd30f0d9fdad211dd9ff36b6bc3626b5cd8388e8e49a09c6eb3
mikl_gse173098,astrocyte_gse330741,pair_5,0.5432211764388798,7812,3984,6f767280110a8f2566460e603a67f6c7443d215a323ffe532211cb1028675abf
mikl_gse173098,moffatt_gse334718,pair_5,0.4505743821031887,5728,6068,3e129b4666f2ba68ec2ea1b0a525c10f48e6d9fd43367b0d0c7f300031dd0053
mikl_gse173098,srle,pair_5,0.47531480395565745,10052,1744,5cf0e528d459fcd30f0d9fdad211dd9ff36b6bc3626b5cd8388e8e49a09c6eb3
moffatt_gse334718,astrocyte_gse330741,candidate_005,0.5001693080064142,15283,3984,77bbc4dbd723801ec111dc99b08018a949c734ceba55fe8b6ca1fd2f3d3e9c94
moffatt_gse334718,mikl_gse173098,candidate_005,0.5085608346925026,5728,13539,3e129b4666f2ba68ec2ea1b0a525c10f48e6d9fd43367b0d0c7f300031dd0053
moffatt_gse334718,srle,candidate_005,0.5181125240904155,17523,1744,450cd86e4e017756aeda3e2a3b8febd9ca3e22032bac51a6efe4f7a86ded4147
moffatt_gse334718,astrocyte_gse330741,candidate_05,0.4874235958800812,15283,3984,77bbc4dbd723801ec111dc99b08018a949c734ceba55fe8b6ca1fd2f3d3e9c94
moffatt_gse334718,mikl_gse173098,candidate_05,0.5218281019256941,5728,13539,3e129b4666f2ba68ec2ea1b0a525c10f48e6d9fd43367b0d0c7f300031dd0053
moffatt_gse334718,srle,candidate_05,0.5136472607593484,17523,1744,450cd86e4e017756aeda3e2a3b8febd9ca3e22032bac51a6efe4f7a86ded4147
moffatt_gse334718,astrocyte_gse330741,candidate_5,0.4976985998006033,15283,3984,77bbc4dbd723801ec111dc99b08018a949c734ceba55fe8b6ca1fd2f3d3e9c94
moffatt_gse334718,mikl_gse173098,candidate_5,0.5221635962727198,5728,13539,3e129b4666f2ba68ec2ea1b0a525c10f48e6d9fd43367b0d0c7f300031dd0053
moffatt_gse334718,srle,candidate_5,0.5215082553900202,17523,1744,450cd86e4e017756aeda3e2a3b8febd9ca3e22032bac51a6efe4f7a86ded4147
moffatt_gse334718,astrocyte_gse330741,pair_005,0.5212591165931288,15283,3984,77bbc4dbd723801ec111dc99b08018a949c734ceba55fe8b6ca1fd2f3d3e9c94
moffatt_gse334718,mikl_gse173098,pair_005,0.5123195363079371,5728,13539,3e129b4666f2ba68ec2ea1b0a525c10f48e6d9fd43367b0d0c7f300031dd0053
moffatt_gse334718,srle,pair_005,0.5119334925197595,17523,1744,450cd86e4e017756aeda3e2a3b8febd9ca3e22032bac51a6efe4f7a86ded4147
moffatt_gse334718,astrocyte_gse330741,pair_05,0.5023847786331892,15283,3984,77bbc4dbd723801ec111dc99b08018a949c734ceba55fe8b6ca1fd2f3d3e9c94
moffatt_gse334718,mikl_gse173098,pair_05,0.5199458453474696,5728,13539,3e129b4666f2ba68ec2ea1b0a525c10f48e6d9fd43367b0d0c7f300031dd0053
moffatt_gse334718,srle,pair_05,0.5110136313586883,17523,1744,450cd86e4e017756aeda3e2a3b8febd9ca3e22032bac51a6efe4f7a86ded4147
moffatt_gse334718,astrocyte_gse330741,pair_5,0.4976985998006033,15283,3984,77bbc4dbd723801ec111dc99b08018a949c734ceba55fe8b6ca1fd2f3d3e9c94
moffatt_gse334718,mikl_gse173098,pair_5,0.524441167755181,5728,13539,3e129b4666f2ba68ec2ea1b0a525c10f48e6d9fd43367b0d0c7f300031dd0053
moffatt_gse334718,srle,pair_5,0.5133556210845054,17523,1744,450cd86e4e017756aeda3e2a3b8febd9ca3e22032bac51a6efe4f7a86ded4147
srle,astrocyte_gse330741,candidate_005,0.48895443703665886,20530,3984,8c504508d54d0fb0fc5f25a82bfd0e0a3d38613596922262c0ed87855dee9c4c
srle,mikl_gse173098,candidate_005,0.4925770414526636,10052,13781,5cf0e528d459fcd30f0d9fdad211dd9ff36b6bc3626b5cd8388e8e49a09c6eb3
srle,moffatt_gse334718,candidate_005,0.4729209043187333,17523,6749,450cd86e4e017756aeda3e2a3b8febd9ca3e22032bac51a6efe4f7a86ded4147
srle,astrocyte_gse330741,candidate_05,0.5185839921614939,20530,3984,8c504508d54d0fb0fc5f25a82bfd0e0a3d38613596922262c0ed87855dee9c4c
srle,mikl_gse173098,candidate_05,0.4988231795605207,10052,13781,5cf0e528d459fcd30f0d9fdad211dd9ff36b6bc3626b5cd8388e8e49a09c6eb3
srle,moffatt_gse334718,candidate_05,0.47877066323122325,17523,6749,450cd86e4e017756aeda3e2a3b8febd9ca3e22032bac51a6efe4f7a86ded4147
srle,astrocyte_gse330741,candidate_5,0.5203660367011146,20530,3984,8c504508d54d0fb0fc5f25a82bfd0e0a3d38613596922262c0ed87855dee9c4c
srle,mikl_gse173098,candidate_5,0.507225429792542,10052,13781,5cf0e528d459fcd30f0d9fdad211dd9ff36b6bc3626b5cd8388e8e49a09c6eb3
srle,moffatt_gse334718,candidate_5,0.4559725981673974,17523,6749,450cd86e4e017756aeda3e2a3b8febd9ca3e22032bac51a6efe4f7a86ded4147
srle,astrocyte_gse330741,pair_005,0.48895443703665886,20530,3984,8c504508d54d0fb0fc5f25a82bfd0e0a3d38613596922262c0ed87855dee9c4c
srle,mikl_gse173098,pair_005,0.49112426266222314,10052,13781,5cf0e528d459fcd30f0d9fdad211dd9ff36b6bc3626b5cd8388e8e49a09c6eb3
srle,moffatt_gse334718,pair_005,0.4729209043187333,17523,6749,450cd86e4e017756aeda3e2a3b8febd9ca3e22032bac51a6efe4f7a86ded4147
srle,astrocyte_gse330741,pair_05,0.5185839921614939,20530,3984,8c504508d54d0fb0fc5f25a82bfd0e0a3d38613596922262c0ed87855dee9c4c
srle,mikl_gse173098,pair_05,0.49833516465895233,10052,13781,5cf0e528d459fcd30f0d9fdad211dd9ff36b6bc3626b5cd8388e8e49a09c6eb3
srle,moffatt_gse334718,pair_05,0.45141702186404425,17523,6749,450cd86e4e017756aeda3e2a3b8febd9ca3e22032bac51a6efe4f7a86ded4147
srle,astrocyte_gse330741,pair_5,0.5203660367011146,20530,3984,8c504508d54d0fb0fc5f25a82bfd0e0a3d38613596922262c0ed87855dee9c4c
srle,mikl_gse173098,pair_5,0.5057542740089005,10052,13781,5cf0e528d459fcd30f0d9fdad211dd9ff36b6bc3626b5cd8388e8e49a09c6eb3
srle,moffatt_gse334718,pair_5,0.4531504025465454,17523,6749,450cd86e4e017756aeda3e2a3b8febd9ca3e22032bac51a6efe4f7a86ded4147
