kind,scheme,target,model,comparator,relative_mse_reduction,ci_low,ci_high,statistical_groups,biological_contexts
score,composition_holdout,published,1mer,composition,0.0,0.0,0.0,70,1
score,composition_holdout,published,1mer,2mer,-0.20307467711762883,-0.30114674247125434,-0.12691744553095288,70,1
score,composition_holdout,published,1mer,3mer,-0.2899830112578865,-0.39746239392736554,-0.19830080994427451,70,1
score,composition_holdout,published,1mer,kmer123,-0.37492142518307725,-0.5047115612691842,-0.2707585932815122,70,1
score,composition_holdout,published,1mer,position_additive,-0.07752695436577905,-0.12122900627031849,-0.04259706322056561,70,1
score,composition_holdout,published,1mer,position_pair,-0.3373567008193912,-0.48981460526774756,-0.22810167416246988,70,1
score,composition_holdout,published,2mer,composition,0.16879640223511538,0.11262355198556263,0.23144717565641307,70,1
score,composition_holdout,published,2mer,1mer,0.16879640223511538,0.11262355198556263,0.23144717565641307,70,1
score,composition_holdout,published,2mer,3mer,-0.07223852001313502,-0.14378302697993686,-0.011328938396677457,70,1
score,composition_holdout,published,2mer,kmer123,-0.14283963525619647,-0.2131970760933178,-0.08432872159779362,70,1
score,composition_holdout,published,2mer,position_additive,0.1043557188425257,0.04633054718577968,0.1658246454566834,70,1
score,composition_holdout,published,2mer,position_pair,-0.11161570121605435,-0.1799268959449381,-0.055691829767517985,70,1
score,composition_holdout,published,3mer,composition,0.22479599244886084,0.1654850000376173,0.2844172367967561,70,1
score,composition_holdout,published,3mer,1mer,0.22479599244886084,0.1654850000376173,0.2844172367967561,70,1
score,composition_holdout,published,3mer,2mer,0.06737168891512135,0.011202031274217063,0.12570830559852145,70,1
score,composition_holdout,published,3mer,kmer123,-0.06584459886984528,-0.10799007159277314,-0.02916460168938947,70,1
score,composition_holdout,published,3mer,position_additive,0.16469678673127452,0.1051578444827597,0.22889103471344155,70,1
score,composition_holdout,published,3mer,position_pair,-0.036724274000561996,-0.10179024293877663,0.025218219852409293,70,1
score,composition_holdout,published,composition,1mer,0.0,0.0,0.0,70,1
score,composition_holdout,published,composition,2mer,-0.20307467711762883,-0.30114674247125434,-0.12691744553095288,70,1
score,composition_holdout,published,composition,3mer,-0.2899830112578865,-0.39746239392736554,-0.19830080994427451,70,1
score,composition_holdout,published,composition,kmer123,-0.37492142518307725,-0.5047115612691842,-0.2707585932815122,70,1
score,composition_holdout,published,composition,position_additive,-0.07752695436577905,-0.12122900627031849,-0.04259706322056561,70,1
score,composition_holdout,published,composition,position_pair,-0.3373567008193912,-0.48981460526774756,-0.22810167416246988,70,1
score,composition_holdout,published,kmer123,composition,0.2726857101184198,0.21306847311823138,0.33542079897976834,70,1
score,composition_holdout,published,kmer123,1mer,0.2726857101184198,0.21306847311823138,0.33542079897976834,70,1
score,composition_holdout,published,kmer123,2mer,0.12498659553768043,0.07777040869720678,0.1757316100316366,70,1
score,composition_holdout,published,kmer123,3mer,0.06177692220766784,0.028338130381621543,0.09746483686550923,70,1
score,composition_holdout,published,kmer123,position_additive,0.2162992483571915,0.16293120608388695,0.27260530198953853,70,1
score,composition_holdout,published,kmer123,position_pair,0.02732136082517167,-0.025598665258213478,0.07886612234990845,70,1
score,composition_holdout,published,position_additive,composition,0.07194896986257826,0.040856688003887656,0.10812153869673714,70,1
score,composition_holdout,published,position_additive,1mer,0.07194896986257826,0.040856688003887656,0.10812153869673714,70,1
score,composition_holdout,published,position_additive,2mer,-0.11651469343126153,-0.19878873051366067,-0.0485813620140528,70,1
score,composition_holdout,published,position_additive,3mer,-0.1971700624576549,-0.2968335822131538,-0.11751552364429937,70,1
score,composition_holdout,published,position_additive,kmer123,-0.275997244999167,-0.37476945366221465,-0.1946449420223736,70,1
score,composition_holdout,published,position_additive,position_pair,-0.24113526385661976,-0.3690637565646718,-0.14625506177199438,70,1
score,composition_holdout,published,position_pair,composition,0.25225633566025774,0.185735159493209,0.32877553798362136,70,1
score,composition_holdout,published,position_pair,1mer,0.25225633566025774,0.185735159493209,0.32877553798362136,70,1
score,composition_holdout,published,position_pair,2mer,0.10040853245771186,0.05275386969003902,0.15248986655347535,70,1
score,composition_holdout,published,position_pair,3mer,0.03542337622601277,-0.025870654533633995,0.09238622647709709,70,1
score,composition_holdout,published,position_pair,kmer123,-0.02808878464561504,-0.08561852424729208,0.02495972942097992,70,1
score,composition_holdout,published,position_pair,position_additive,0.19428604671769,0.1275938196423113,0.26957382407635416,70,1
score,composition_holdout,rep1,1mer,composition,0.0,0.0,0.0,70,1
score,composition_holdout,rep1,1mer,2mer,-0.31777918886185885,-0.4030540079288217,-0.23812044331934187,70,1
score,composition_holdout,rep1,1mer,3mer,-0.4970753575837079,-0.6260914165179622,-0.3866610140316113,70,1
score,composition_holdout,rep1,1mer,kmer123,-0.6441880098422306,-0.8182257548320631,-0.5144505781747074,70,1
score,composition_holdout,rep1,1mer,position_additive,-0.1515378869106203,-0.20657376906460503,-0.10381976856048321,70,1
score,composition_holdout,rep1,1mer,position_pair,-0.56178780647877,-0.7305632164997597,-0.4311432614515747,70,1
score,composition_holdout,rep1,2mer,composition,0.24114752421937913,0.19232412822184927,0.28726905989468154,70,1
score,composition_holdout,rep1,2mer,1mer,0.24114752421937913,0.19232412822184927,0.28726905989468154,70,1
score,composition_holdout,rep1,2mer,3mer,-0.13605934153255506,-0.23229787071067334,-0.05316012354481932,70,1
score,composition_holdout,rep1,2mer,kmer123,-0.24769614191758849,-0.36281959641152756,-0.16007076443795773,70,1
score,composition_holdout,rep1,2mer,position_additive,0.1261526235626912,0.06588379540256474,0.18076207221609464,70,1
score,composition_holdout,rep1,2mer,position_pair,-0.18516654359039975,-0.287251129362533,-0.11116039665567012,70,1
score,composition_holdout,rep1,3mer,composition,0.3320309529281089,0.2788432141085303,0.3850284226866416,70,1
score,composition_holdout,rep1,3mer,1mer,0.3320309529281089,0.2788432141085303,0.3850284226866416,70,1
score,composition_holdout,rep1,3mer,2mer,0.11976429096477448,0.0504767716179316,0.18850788889818437,70,1
score,composition_holdout,rep1,3mer,kmer123,-0.09826669814134403,-0.1594128736922638,-0.049901869329455804,70,1
score,composition_holdout,rep1,3mer,position_additive,0.2308083350131338,0.15684814035528152,0.30380574276918537,70,1
score,composition_holdout,rep1,3mer,position_pair,-0.04322591282212307,-0.12667008445194256,0.037980998148388366,70,1
score,composition_holdout,rep1,composition,1mer,0.0,0.0,0.0,70,1
score,composition_holdout,rep1,composition,2mer,-0.31777918886185885,-0.4030540079288217,-0.23812044331934187,70,1
score,composition_holdout,rep1,composition,3mer,-0.4970753575837079,-0.6260914165179622,-0.3866610140316113,70,1
score,composition_holdout,rep1,composition,kmer123,-0.6441880098422306,-0.8182257548320631,-0.5144505781747074,70,1
score,composition_holdout,rep1,composition,position_additive,-0.1515378869106203,-0.20657376906460503,-0.10381976856048321,70,1
score,composition_holdout,rep1,composition,position_pair,-0.56178780647877,-0.7305632164997597,-0.4311432614515747,70,1
score,composition_holdout,rep1,kmer123,composition,0.39179704874751164,0.33969452415248613,0.45001328835122856,70,1
score,composition_holdout,rep1,kmer123,1mer,0.39179704874751164,0.33969452415248613,0.45001328835122856,70,1
score,composition_holdout,rep1,kmer123,2mer,0.19852280823510726,0.1379836199098679,0.26622716397987645,70,1
score,composition_holdout,rep1,kmer123,3mer,0.08947434927021458,0.04753003187745789,0.13749448249258864,70,1
score,composition_holdout,rep1,kmer123,position_additive,0.29963125870190654,0.23557227955867285,0.3589062263137622,70,1
score,composition_holdout,rep1,kmer123,position_pair,0.05011604686946203,-0.010550194700401838,0.1155574223796828,70,1
score,composition_holdout,rep1,position_additive,composition,0.13159609304490238,0.09405499962175579,0.17120691169581426,70,1
score,composition_holdout,rep1,position_additive,1mer,0.13159609304490238,0.09405499962175579,0.17120691169581426,70,1
score,composition_holdout,rep1,position_additive,2mer,-0.14436459611175767,-0.22064661085038703,-0.07053062416833426,70,1
score,composition_holdout,rep1,position_additive,3mer,-0.3000660895318916,-0.4363807117705917,-0.18602596776044453,70,1
score,composition_holdout,rep1,position_additive,kmer123,-0.4278192915157195,-0.5598342099871737,-0.3081681565324726,70,1
score,composition_holdout,rep1,position_additive,position_pair,-0.3562626329809957,-0.4910545638749259,-0.2488319024491073,70,1
score,composition_holdout,rep1,position_pair,composition,0.35970815250849286,0.3012579331666581,0.42215344073879063,70,1
score,composition_holdout,rep1,position_pair,1mer,0.35970815250849286,0.3012579331666581,0.42215344073879063,70,1
score,composition_holdout,rep1,position_pair,2mer,0.1562367285777807,0.10003990141708341,0.22315080307439744,70,1
score,composition_holdout,rep1,position_pair,3mer,0.04143485345871911,-0.03948050754149311,0.11242869186403137,70,1
score,composition_holdout,rep1,position_pair,kmer123,-0.05276017844526604,-0.1306556542897332,0.010440049869340284,70,1
score,composition_holdout,rep1,position_pair,position_additive,0.2626796789335327,0.19925171810711154,0.32933371450078036,70,1
score,composition_holdout,rep2,1mer,composition,0.0,0.0,0.0,70,1
score,composition_holdout,rep2,1mer,2mer,-0.2982780963766416,-0.41272487512484235,-0.20786676863218892,70,1
score,composition_holdout,rep2,1mer,3mer,-0.4595089810408328,-0.602907954726168,-0.3405488452567426,70,1
score,composition_holdout,rep2,1mer,kmer123,-0.6322696805940102,-0.8183001695417217,-0.4825709354108788,70,1
score,composition_holdout,rep2,1mer,position_additive,-0.1242807303600666,-0.17735620979205527,-0.0762213841899535,70,1
score,composition_holdout,rep2,1mer,position_pair,-0.5606912218538913,-0.7689415350364803,-0.3931485133503707,70,1
score,composition_holdout,rep2,2mer,composition,0.22974900154990263,0.1720941199965804,0.2921480851687857,70,1
score,composition_holdout,rep2,2mer,1mer,0.22974900154990263,0.1720941199965804,0.2921480851687857,70,1
score,composition_holdout,rep2,2mer,3mer,-0.12418824989358579,-0.2080373602713551,-0.04901850633187003,70,1
score,composition_holdout,rep2,2mer,kmer123,-0.25725735121735793,-0.3408051820038489,-0.18393299889109152,70,1
score,composition_holdout,rep2,2mer,position_additive,0.1340216449019539,0.07678888584181778,0.1968748463673015,70,1
score,composition_holdout,rep2,2mer,position_pair,-0.20212397190526232,-0.29258213632461705,-0.12469801434524488,70,1
score,composition_holdout,rep2,3mer,composition,0.3148380633554848,0.2540368756972868,0.37613385155250484,70,1
score,composition_holdout,rep2,3mer,1mer,0.3148380633554848,0.2540368756972868,0.37613385155250484,70,1
score,composition_holdout,rep2,3mer,2mer,0.1104692651834257,0.04672795453638865,0.17221102583748743,70,1
score,composition_holdout,rep2,3mer,kmer123,-0.11836905548191634,-0.17854177287908965,-0.06842940131381497,70,1
score,composition_holdout,rep2,3mer,position_additive,0.22968563745438675,0.1612834664148473,0.30005117470653014,70,1
score,composition_holdout,rep2,3mer,position_pair,-0.06932622006950684,-0.1619423090534616,0.0066811688879204155,70,1
score,composition_holdout,rep2,composition,1mer,0.0,0.0,0.0,70,1
score,composition_holdout,rep2,composition,2mer,-0.2982780963766416,-0.41272487512484235,-0.20786676863218892,70,1
score,composition_holdout,rep2,composition,3mer,-0.4595089810408328,-0.602907954726168,-0.3405488452567426,70,1
score,composition_holdout,rep2,composition,kmer123,-0.6322696805940102,-0.8183001695417217,-0.4825709354108788,70,1
score,composition_holdout,rep2,composition,position_additive,-0.1242807303600666,-0.17735620979205527,-0.0762213841899535,70,1
score,composition_holdout,rep2,composition,position_pair,-0.5606912218538913,-0.7689415350364803,-0.3931485133503707,70,1
score,composition_holdout,rep2,kmer123,composition,0.3873561385787162,0.3254960140865418,0.4500357980719852,70,1
score,composition_holdout,rep2,kmer123,1mer,0.3873561385787162,0.3254960140865418,0.4500357980719852,70,1
score,composition_holdout,rep2,kmer123,2mer,0.20461789383714069,0.1553576069669627,0.2541794892837796,70,1
score,composition_holdout,rep2,kmer123,3mer,0.10584078207610093,0.06404672226945445,0.15149380105159985,70,1
score,composition_holdout,rep2,kmer123,position_additive,0.3112163120306676,0.2536779300537273,0.3715571625889646,70,1
score,composition_holdout,rep2,kmer123,position_pair,0.04385210335713052,-0.015500094097059552,0.09967453226547993,70,1
score,composition_holdout,rep2,position_additive,composition,0.11054243571377764,0.07082314582438264,0.15063938012378217,70,1
score,composition_holdout,rep2,position_additive,1mer,0.11054243571377764,0.07082314582438264,0.15063938012378217,70,1
score,composition_holdout,rep2,position_additive,2mer,-0.15476327336932116,-0.24513595007878441,-0.08317586837738747,70,1
score,composition_holdout,rep2,position_additive,3mer,-0.2981713033304454,-0.4286758747046724,-0.19229794762946176,70,1
score,composition_holdout,rep2,position_additive,kmer123,-0.45183461435939853,-0.5912346264890803,-0.33990410092651197,70,1
score,composition_holdout,rep2,position_additive,position_pair,-0.38816861279305037,-0.5550760700778755,-0.26013275036888805,70,1
score,composition_holdout,rep2,position_pair,composition,0.35925826582651343,0.28220143055227526,0.4346901908803455,70,1
score,composition_holdout,rep2,position_pair,1mer,0.35925826582651343,0.28220143055227526,0.4346901908803455,70,1
score,composition_holdout,rep2,position_pair,2mer,0.16813904108817768,0.11087244098419957,0.22635477147994704,70,1
score,composition_holdout,rep2,position_pair,3mer,0.06483168444611842,-0.006726114815095634,0.13937207283389655,70,1
score,composition_holdout,rep2,position_pair,kmer123,-0.04586330578260922,-0.11070944447940678,0.015263507065054919,70,1
score,composition_holdout,rep2,position_pair,position_additive,0.27962641513125686,0.2064327949856842,0.35694461619525264,70,1
score,purged_composition_holdout,published,1mer,composition,0.0,0.0,0.0,70,1
score,purged_composition_holdout,published,1mer,2mer,-0.14398900975643847,-0.278384118738978,-0.02800236163071103,70,1
score,purged_composition_holdout,published,1mer,3mer,0.13379050989979646,-0.02013899036916029,0.2638563280346182,70,1
score,purged_composition_holdout,published,1mer,kmer123,0.1039600894088859,-0.054443284478937856,0.24115434561172344,70,1
score,purged_composition_holdout,published,1mer,position_additive,0.015450911678968837,-0.025432473993466043,0.0571010340009623,70,1
score,purged_composition_holdout,published,1mer,position_pair,0.319939654488141,0.1815825341539288,0.4335970397918962,70,1
score,purged_composition_holdout,published,2mer,composition,0.12586572819182462,0.027239588052487617,0.21776248837224937,70,1
score,purged_composition_holdout,published,2mer,1mer,0.12586572819182462,0.027239588052487617,0.21776248837224937,70,1
score,purged_composition_holdout,published,2mer,3mer,0.24281659813792766,0.14459687514700312,0.33258698932733777,70,1
score,purged_composition_holdout,published,2mer,kmer123,0.2167408052443739,0.10017707845716413,0.3145553739040055,70,1
score,purged_composition_holdout,published,2mer,position_additive,0.13937189962109253,0.03744894604039979,0.2362326721771945,70,1
score,purged_composition_holdout,published,2mer,position_pair,0.40553594509037494,0.3001698233657591,0.4835860348134846,70,1
score,purged_composition_holdout,published,3mer,composition,-0.15445514212078137,-0.35843047774932424,0.01974141272529281,70,1
score,purged_composition_holdout,published,3mer,1mer,-0.15445514212078137,-0.35843047774932424,0.01974141272529281,70,1
score,purged_composition_holdout,published,3mer,2mer,-0.32068399484298116,-0.4983226382382609,-0.16903946445899032,70,1
score,purged_composition_holdout,published,3mer,kmer123,-0.034437882327356784,-0.09722825052209201,0.02261279448416751,70,1
score,purged_composition_holdout,published,3mer,position_additive,-0.13661775768254159,-0.334741124450957,0.03909829900806592,70,1
score,purged_composition_holdout,published,3mer,position_pair,0.21490083717139907,0.061894056148340475,0.33260094677881097,70,1
score,purged_composition_holdout,published,composition,1mer,0.0,0.0,0.0,70,1
score,purged_composition_holdout,published,composition,2mer,-0.14398900975643847,-0.278384118738978,-0.02800236163071103,70,1
score,purged_composition_holdout,published,composition,3mer,0.13379050989979646,-0.02013899036916029,0.2638563280346182,70,1
score,purged_composition_holdout,published,composition,kmer123,0.1039600894088859,-0.054443284478937856,0.24115434561172344,70,1
score,purged_composition_holdout,published,composition,position_additive,0.015450911678968837,-0.025432473993466043,0.0571010340009623,70,1
score,purged_composition_holdout,published,composition,position_pair,0.319939654488141,0.1815825341539288,0.4335970397918962,70,1
score,purged_composition_holdout,published,kmer123,composition,-0.11602171753745183,-0.31779103885877513,0.051632253116635864,70,1
score,purged_composition_holdout,published,kmer123,1mer,-0.11602171753745183,-0.31779103885877513,0.051632253116635864,70,1
score,purged_composition_holdout,published,kmer123,2mer,-0.2767165795123492,-0.4589070720882242,-0.11132994228386237,70,1
score,purged_composition_holdout,published,kmer123,3mer,0.033291397111130494,-0.023135972195476272,0.08861259210413068,70,1
score,purged_composition_holdout,published,kmer123,position_additive,-0.0987781645479695,-0.2966198891080776,0.07588087290728704,70,1
score,purged_composition_holdout,published,kmer123,position_pair,0.24103788517274216,0.0907878886251567,0.3515427187164217,70,1
score,purged_composition_holdout,published,position_additive,composition,-0.015693388843940337,-0.06055901776331538,0.0248017045101743,70,1
score,purged_composition_holdout,published,position_additive,1mer,-0.015693388843940337,-0.06055901776331538,0.0248017045101743,70,1
score,purged_composition_holdout,published,position_additive,2mer,-0.1619420741197406,-0.3092992926930633,-0.038905932339760176,70,1
score,purged_composition_holdout,published,position_additive,3mer,0.12019674755134269,-0.04068922390279893,0.2507909973769195,70,1
score,purged_composition_holdout,published,position_additive,kmer123,0.08989818667228999,-0.08211157056396964,0.22876394261182767,70,1
score,purged_composition_holdout,published,position_additive,position_pair,0.30926720304867894,0.16398833589530754,0.43008420604670194,70,1
score,purged_composition_holdout,published,position_pair,composition,-0.4704577418748521,-0.7655276369244101,-0.2218703071578005,70,1
score,purged_composition_holdout,published,position_pair,1mer,-0.4704577418748521,-0.7655276369244101,-0.2218703071578005,70,1
score,purged_composition_holdout,published,position_pair,2mer,-0.6821874960161007,-0.93643097876835,-0.42891809638505474,70,1
score,purged_composition_holdout,published,position_pair,3mer,-0.2737244508033123,-0.4983539564944386,-0.06597768280905822,70,1
score,purged_composition_holdout,published,position_pair,kmer123,-0.31758882355755413,-0.5421218759901385,-0.09985340926797462,70,1
score,purged_composition_holdout,published,position_pair,position_additive,-0.44773782917748783,-0.7546451937070088,-0.19615555992053707,70,1
score,purged_composition_holdout,rep1,1mer,composition,0.0,0.0,0.0,70,1
score,purged_composition_holdout,rep1,1mer,2mer,-0.234396155098181,-0.35899750335705877,-0.11540577171042136,70,1
score,purged_composition_holdout,rep1,1mer,3mer,0.21294288821330587,0.051729259550522336,0.33063562377784633,70,1
score,purged_composition_holdout,rep1,1mer,kmer123,0.16095756874679157,-0.00895176533980164,0.2826548000971764,70,1
score,purged_composition_holdout,rep1,1mer,position_additive,-0.011775390248413009,-0.06183370773471219,0.03545369237557515,70,1
score,purged_composition_holdout,rep1,1mer,position_pair,0.3674619667648862,0.2023573138562327,0.4968906024249791,70,1
score,purged_composition_holdout,rep1,2mer,composition,0.189887301681961,0.10346527961353526,0.2641634664995519,70,1
score,purged_composition_holdout,rep1,2mer,1mer,0.189887301681961,0.10346527961353526,0.2641634664995519,70,1
score,purged_composition_holdout,rep1,2mer,3mer,0.3623950394400788,0.2624186598132603,0.4437476429012284,70,1
score,purged_composition_holdout,rep1,2mer,kmer123,0.3202810720141356,0.20617420408219195,0.4093939284980428,70,1
score,purged_composition_holdout,rep1,2mer,position_additive,0.18034790851407112,0.08237171229315357,0.2616824960244762,70,1
score,purged_composition_holdout,rep1,2mer,position_pair,0.48757290710711654,0.36944327748775435,0.5737504259728864,70,1
score,purged_composition_holdout,rep1,3mer,composition,-0.27055582755602736,-0.49395477192944065,-0.05455121663720198,70,1
score,purged_composition_holdout,rep1,3mer,1mer,-0.27055582755602736,-0.49395477192944065,-0.05455121663720198,70,1
score,purged_composition_holdout,rep1,3mer,2mer,-0.5683692283727477,-0.7977451952793525,-0.35578267520846973,70,1
score,purged_composition_holdout,rep1,3mer,kmer123,-0.06605025059554137,-0.13961269430750334,0.008543664319840204,70,1
score,purged_composition_holdout,rep1,3mer,position_additive,-0.28551711825789505,-0.5403418344968173,-0.0621974879563182,70,1
score,purged_composition_holdout,rep1,3mer,position_pair,0.19632511572229805,-0.021734323840710192,0.3680316898968866,70,1
score,purged_composition_holdout,rep1,composition,1mer,0.0,0.0,0.0,70,1
score,purged_composition_holdout,rep1,composition,2mer,-0.234396155098181,-0.35899750335705877,-0.11540577171042136,70,1
score,purged_composition_holdout,rep1,composition,3mer,0.21294288821330587,0.051729259550522336,0.33063562377784633,70,1
score,purged_composition_holdout,rep1,composition,kmer123,0.16095756874679157,-0.00895176533980164,0.2826548000971764,70,1
score,purged_composition_holdout,rep1,composition,position_additive,-0.011775390248413009,-0.06183370773471219,0.03545369237557515,70,1
score,purged_composition_holdout,rep1,composition,position_pair,0.3674619667648862,0.2023573138562327,0.4968906024249791,70,1
score,purged_composition_holdout,rep1,kmer123,composition,-0.19183483784769084,-0.3940290252688772,0.008872292924734498,70,1
score,purged_composition_holdout,rep1,kmer123,1mer,-0.19183483784769084,-0.3940290252688772,0.008872292924734498,70,1
score,purged_composition_holdout,rep1,kmer123,2mer,-0.47119634135125366,-0.69317597490715,-0.25972222971819525,70,1
score,purged_composition_holdout,rep1,kmer123,3mer,0.061957914796833435,-0.00861728753360742,0.1225088902537157,70,1
score,purged_composition_holdout,rep1,kmer123,position_additive,-0.20586915817500162,-0.43470773531581564,0.005137775086575423,70,1
score,purged_composition_holdout,rep1,kmer123,position_pair,0.24611913572673083,0.045075289691047425,0.3917113375684755,70,1
score,purged_composition_holdout,rep1,position_additive,composition,0.011638344203570683,-0.0367568604761017,0.0582329486096021,70,1
score,purged_composition_holdout,rep1,position_additive,1mer,0.011638344203570683,-0.0367568604761017,0.0582329486096021,70,1
score,purged_composition_holdout,rep1,position_additive,2mer,-0.2200298277615842,-0.35443084726408347,-0.08976588366558753,70,1
score,purged_composition_holdout,rep1,position_additive,3mer,0.2221029297881476,0.05855548376004313,0.35079344945065005,70,1
score,purged_composition_holdout,rep1,position_additive,kmer123,0.17072263336311722,-0.005164313002268,0.30299391808793136,70,1
score,purged_composition_holdout,rep1,position_additive,position_pair,0.37482366211752605,0.2086235160521979,0.5073576121661414,70,1
score,purged_composition_holdout,rep1,position_pair,composition,-0.5809326039819347,-0.9876392837251912,-0.2536941883645852,70,1
score,purged_composition_holdout,rep1,position_pair,1mer,-0.5809326039819347,-0.9876392837251912,-0.2536941883645852,70,1
score,purged_composition_holdout,rep1,position_pair,2mer,-0.9514971278246556,-1.3460434404657708,-0.5859001487354004,70,1
score,purged_composition_holdout,rep1,position_pair,3mer,-0.24428424921943903,-0.5823578309002571,0.02127187119622456,70,1
score,purged_composition_holdout,rep1,position_pair,kmer123,-0.3264695356924683,-0.643956361848868,-0.04720302921711373,70,1
score,purged_composition_holdout,rep1,position_pair,position_additive,-0.5995487023502619,-1.0298701792268299,-0.2636210849998912,70,1
score,purged_composition_holdout,rep2,1mer,composition,0.0,0.0,0.0,70,1
score,purged_composition_holdout,rep2,1mer,2mer,-0.20231714420530889,-0.3485742330477883,-0.09108660455638316,70,1
score,purged_composition_holdout,rep2,1mer,3mer,0.1770604727304077,0.044879285003822315,0.28403050393619583,70,1
score,purged_composition_holdout,rep2,1mer,kmer123,0.12877313013132086,-0.02797836866658087,0.2458857326870498,70,1
score,purged_composition_holdout,rep2,1mer,position_additive,0.008055759278265295,-0.03593292574877666,0.05139723198241359,70,1
score,purged_composition_holdout,rep2,1mer,position_pair,0.2963900120783137,0.16013895877235426,0.40632626264667193,70,1
score,purged_composition_holdout,rep2,2mer,composition,0.16827269342402473,0.08348246980654922,0.2584761183344752,70,1
score,purged_composition_holdout,rep2,2mer,1mer,0.16827269342402473,0.08348246980654922,0.2584761183344752,70,1
score,purged_composition_holdout,rep2,2mer,3mer,0.31553872350915557,0.2366496113530803,0.3904566615452814,70,1
score,purged_composition_holdout,rep2,2mer,kmer123,0.2753768221075057,0.17994591260892134,0.3637275573963695,70,1
score,purged_composition_holdout,rep2,2mer,position_additive,0.1749728883909607,0.07948199460664988,0.26736804775254674,70,1
score,purged_composition_holdout,rep2,2mer,position_pair,0.4147883598659414,0.31561378616820024,0.49605574126824686,70,1
score,purged_composition_holdout,rep2,3mer,composition,-0.2151561164134035,-0.39670755293811333,-0.04698812369922596,70,1
score,purged_composition_holdout,rep2,3mer,1mer,-0.2151561164134035,-0.39670755293811333,-0.04698812369922596,70,1
score,purged_composition_holdout,rep2,3mer,2mer,-0.4610030316497771,-0.6405724432016441,-0.3100144162500213,70,1
score,purged_composition_holdout,rep2,3mer,kmer123,-0.05867665970462976,-0.146997594171247,0.01451386921714399,70,1
score,purged_composition_holdout,rep2,3mer,position_additive,-0.20536711125406537,-0.40506119179213124,-0.028435126084679473,70,1
score,purged_composition_holdout,rep2,3mer,position_pair,0.14500401960740206,-0.03814924239640756,0.28768587023127934,70,1
score,purged_composition_holdout,rep2,composition,1mer,0.0,0.0,0.0,70,1
score,purged_composition_holdout,rep2,composition,2mer,-0.20231714420530889,-0.3485742330477883,-0.09108660455638316,70,1
score,purged_composition_holdout,rep2,composition,3mer,0.1770604727304077,0.044879285003822315,0.28403050393619583,70,1
score,purged_composition_holdout,rep2,composition,kmer123,0.12877313013132086,-0.02797836866658087,0.2458857326870498,70,1
score,purged_composition_holdout,rep2,composition,position_additive,0.008055759278265295,-0.03593292574877666,0.05139723198241359,70,1
score,purged_composition_holdout,rep2,composition,position_pair,0.2963900120783137,0.16013895877235426,0.40632626264667193,70,1
score,purged_composition_holdout,rep2,kmer123,composition,-0.14780665586075292,-0.3260590145149773,0.027216882685860803,70,1
score,purged_composition_holdout,rep2,kmer123,1mer,-0.14780665586075292,-0.3260590145149773,0.027216882685860803,70,1
score,purged_composition_holdout,rep2,kmer123,2mer,-0.380027620574346,-0.571653797226419,-0.219431767486243,70,1
score,purged_composition_holdout,rep2,kmer123,3mer,0.05542453322906027,-0.01472762945955846,0.12815858225583512,70,1
score,purged_composition_holdout,rep2,kmer123,position_additive,-0.13856020174314798,-0.32837567194794415,0.03662607564346812,70,1
score,purged_composition_holdout,rep2,kmer123,position_pair,0.1923917727333846,0.02305774753612608,0.31962249068091114,70,1
score,purged_composition_holdout,rep2,position_additive,composition,-0.008121181561983715,-0.054182038823804124,0.03468653641019037,70,1
score,purged_composition_holdout,rep2,position_additive,1mer,-0.008121181561983715,-0.054182038823804124,0.03468653641019037,70,1
score,purged_composition_holdout,rep2,position_additive,2mer,-0.21208138002848576,-0.3649418751256813,-0.086344857543142,70,1
score,purged_composition_holdout,rep2,position_additive,3mer,0.17037723141491823,0.027648925283779435,0.28828721758319603,70,1
score,purged_composition_holdout,rep2,position_additive,kmer123,0.12169773853943855,-0.038018555643101345,0.247200878048118,70,1
score,purged_composition_holdout,rep2,position_additive,position_pair,0.2906758676175766,0.14646702702068032,0.41000231903852535,70,1
score,purged_composition_holdout,rep2,position_pair,composition,-0.4212419055530843,-0.6844268828022406,-0.19067317250557952,70,1
score,purged_composition_holdout,rep2,position_pair,1mer,-0.4212419055530843,-0.6844268828022406,-0.19067317250557952,70,1
score,purged_composition_holdout,rep2,position_pair,2mer,-0.7087835091094956,-0.9843464564404448,-0.4611632802888056,70,1
score,purged_composition_holdout,rep2,position_pair,3mer,-0.1695961418915899,-0.4038750424782248,0.036747354901645594,70,1
score,purged_composition_holdout,rep2,position_pair,kmer123,-0.23822413670121056,-0.469772287421237,-0.023601956317625048,70,1
score,purged_composition_holdout,rep2,position_pair,position_additive,-0.4097927228857656,-0.6949219265091942,-0.17160090397728975,70,1
score,sequence_holdout,published,1mer,composition,0.0,0.0,0.0,70,1
score,sequence_holdout,published,1mer,2mer,-0.19394951307732966,-0.28560626693099517,-0.11911740740697332,70,1
score,sequence_holdout,published,1mer,3mer,-0.2815692122508655,-0.38027291267341284,-0.1959090281999671,70,1
score,sequence_holdout,published,1mer,kmer123,-0.3767712195679922,-0.5008958086526396,-0.2722659513057084,70,1
score,sequence_holdout,published,1mer,position_additive,-0.0824584937163253,-0.12651614239881226,-0.04850949773989407,70,1
score,sequence_holdout,published,1mer,position_pair,-0.37066796334331875,-0.5232896464510332,-0.2575760383417547,70,1
score,sequence_holdout,published,2mer,composition,0.16244364686529922,0.10643870451995238,0.22215684980025469,70,1
score,sequence_holdout,published,2mer,1mer,0.16244364686529922,0.10643870451995238,0.22215684980025469,70,1
score,sequence_holdout,published,2mer,3mer,-0.07338643570254622,-0.13948979215917148,-0.013961824514452603,70,1
score,sequence_holdout,published,2mer,kmer123,-0.15312348176218205,-0.21871876913957486,-0.0958580559465252,70,1
score,sequence_holdout,published,2mer,position_additive,0.09338001158327303,0.033587457149682906,0.15435691180359778,70,1
score,sequence_holdout,published,2mer,position_pair,-0.1480116607363977,-0.21873959137054347,-0.09084813292405004,70,1
score,sequence_holdout,published,3mer,composition,0.2197065984101908,0.16381599561408317,0.2755055937857224,70,1
score,sequence_holdout,published,3mer,1mer,0.2197065984101908,0.16381599561408317,0.2755055937857224,70,1
score,sequence_holdout,published,3mer,2mer,0.068369073114394,0.013769574749635156,0.12241425317099441,70,1
score,sequence_holdout,published,3mer,kmer123,-0.07428549812765861,-0.11661951009934023,-0.035843024994878535,70,1
score,sequence_holdout,published,3mer,position_additive,0.15536477985830732,0.09668076528954221,0.21612048148502713,70,1
score,sequence_holdout,published,3mer,position_pair,-0.06952316756733423,-0.13719085024559124,-0.009782538798223073,70,1
score,sequence_holdout,published,composition,1mer,0.0,0.0,0.0,70,1
score,sequence_holdout,published,composition,2mer,-0.19394951307732966,-0.28560626693099517,-0.11911740740697332,70,1
score,sequence_holdout,published,composition,3mer,-0.2815692122508655,-0.38027291267341284,-0.1959090281999671,70,1
score,sequence_holdout,published,composition,kmer123,-0.3767712195679922,-0.5008958086526396,-0.2722659513057084,70,1
score,sequence_holdout,published,composition,position_additive,-0.0824584937163253,-0.12651614239881226,-0.04850949773989407,70,1
score,sequence_holdout,published,composition,position_pair,-0.37066796334331875,-0.5232896464510332,-0.2575760383417547,70,1
score,sequence_holdout,published,kmer123,composition,0.2736629108837826,0.21400081515913982,0.33373123278124844,70,1
score,sequence_holdout,published,kmer123,1mer,0.2736629108837826,0.21400081515913982,0.33373123278124844,70,1
score,sequence_holdout,published,kmer123,2mer,0.1327901861196873,0.08747305859763732,0.17946614741393746,70,1
score,sequence_holdout,published,kmer123,3mer,0.0691487488727427,0.034602756976747674,0.10443979250073042,70,1
score,sequence_holdout,published,kmer123,position_additive,0.21377024858495897,0.16042579701195608,0.2666324654919299,70,1
score,sequence_holdout,published,kmer123,position_pair,0.0044330213603597235,-0.05430993179840187,0.0568567308331195,70,1
score,sequence_holdout,published,position_additive,composition,0.07617704900002831,0.04626519529077415,0.11230743850054126,70,1
score,sequence_holdout,published,position_additive,1mer,0.07617704900002831,0.04626519529077415,0.11230743850054126,70,1
score,sequence_holdout,published,position_additive,2mer,-0.10299796251607796,-0.18253209453859506,-0.034754782177753046,70,1
score,sequence_holdout,published,position_additive,3mer,-0.1839430515723035,-0.2757062527272308,-0.10702834791230267,70,1
score,sequence_holdout,published,position_additive,kmer123,-0.2718928509131324,-0.3635727755114612,-0.19107995198070482,70,1
score,sequence_holdout,published,position_additive,position_pair,-0.2662545227369457,-0.3932898034215808,-0.16931143669186222,70,1
score,sequence_holdout,published,position_pair,composition,0.270428705752478,0.2048194531846342,0.3435260310747273,70,1
score,sequence_holdout,published,position_pair,1mer,0.270428705752478,0.2048194531846342,0.3435260310747273,70,1
score,sequence_holdout,published,position_pair,2mer,0.128928708477974,0.08328210882571402,0.17948017135356728,70,1
score,sequence_holdout,published,position_pair,3mer,0.06500389115035898,0.009687767201265175,0.12064012733416901,70,1
score,sequence_holdout,published,position_pair,kmer123,-0.004452760542959178,-0.060284303287517896,0.051512302127456916,70,1
score,sequence_holdout,published,position_pair,position_additive,0.21026935577015737,0.14479584274820406,0.282274227772146,70,1
score,sequence_holdout,rep1,1mer,composition,0.0,0.0,0.0,70,1
score,sequence_holdout,rep1,1mer,2mer,-0.29707616125913927,-0.38050033390262866,-0.21708544210440953,70,1
score,sequence_holdout,rep1,1mer,3mer,-0.4682232311570058,-0.5887381259358062,-0.36066698753695636,70,1
score,sequence_holdout,rep1,1mer,kmer123,-0.6267096845626359,-0.7854945917385372,-0.49336716328601293,70,1
score,sequence_holdout,rep1,1mer,position_additive,-0.15527723597117804,-0.2124871460687881,-0.1076752563452915,70,1
score,sequence_holdout,rep1,1mer,position_pair,-0.5926198626264607,-0.7596967479459795,-0.45568307431859423,70,1
score,sequence_holdout,rep1,2mer,composition,0.22903524876345893,0.1783649976140631,0.2756249480027454,70,1
score,sequence_holdout,rep1,2mer,1mer,0.22903524876345893,0.1783649976140631,0.2756249480027454,70,1
score,sequence_holdout,rep1,2mer,3mer,-0.13194835816867156,-0.22049141043469192,-0.05426023564602249,70,1
score,sequence_holdout,rep1,2mer,kmer123,-0.25413582729290485,-0.36417425236303175,-0.16728250131977565,70,1
score,sequence_holdout,rep1,2mer,position_additive,0.10932197316024195,0.04701114913358814,0.16378077284916248,70,1
score,sequence_holdout,rep1,2mer,position_pair,-0.22785377620418346,-0.32489932795120857,-0.15326044224199195,70,1
score,sequence_holdout,rep1,3mer,composition,0.3189046605590291,0.26506631196437325,0.370569638815085,70,1
score,sequence_holdout,rep1,3mer,1mer,0.3189046605590291,0.26506631196437325,0.370569638815085,70,1
score,sequence_holdout,rep1,3mer,2mer,0.11656747166641501,0.05146759184696814,0.18065787634914604,70,1
score,sequence_holdout,rep1,3mer,kmer123,-0.10794438477910329,-0.16734324484191399,-0.05983614946936774,70,1
score,sequence_holdout,rep1,3mer,position_additive,0.2131460588177838,0.13952359754271876,0.2841499144000272,70,1
score,sequence_holdout,rep1,3mer,position_pair,-0.08472596593600157,-0.1688042126233351,-0.007894647622474386,70,1
score,sequence_holdout,rep1,composition,1mer,0.0,0.0,0.0,70,1
score,sequence_holdout,rep1,composition,2mer,-0.29707616125913927,-0.38050033390262866,-0.21708544210440953,70,1
score,sequence_holdout,rep1,composition,3mer,-0.4682232311570058,-0.5887381259358062,-0.36066698753695636,70,1
score,sequence_holdout,rep1,composition,kmer123,-0.6267096845626359,-0.7854945917385372,-0.49336716328601293,70,1
score,sequence_holdout,rep1,composition,position_additive,-0.15527723597117804,-0.2124871460687881,-0.1076752563452915,70,1
score,sequence_holdout,rep1,composition,position_pair,-0.5926198626264607,-0.7596967479459795,-0.45568307431859423,70,1
score,sequence_holdout,rep1,kmer123,composition,0.38526215864457447,0.3303723124039605,0.4399310904611944,70,1
score,sequence_holdout,rep1,kmer123,1mer,0.38526215864457447,0.3303723124039605,0.4399310904611944,70,1
score,sequence_holdout,rep1,kmer123,2mer,0.20263820055397486,0.1433093540545055,0.26695581671009777,70,1
score,sequence_holdout,rep1,kmer123,3mer,0.09742762025065421,0.056457923362444234,0.14335393259596196,70,1
score,sequence_holdout,rep1,kmer123,position_additive,0.2898073657920154,0.22507169929611948,0.34909181331899686,70,1
score,sequence_holdout,rep1,kmer123,position_pair,0.020956303549235167,-0.03898297851821186,0.08235290735430037,70,1
score,sequence_holdout,rep1,position_additive,composition,0.13440690350021922,0.09720832497356327,0.17524898862297383,70,1
score,sequence_holdout,rep1,position_additive,1mer,0.13440690350021922,0.09720832497356327,0.17524898862297383,70,1
score,sequence_holdout,rep1,position_additive,2mer,-0.1227401708203475,-0.19585865468399957,-0.04933021957412407,70,1
score,sequence_holdout,rep1,position_additive,3mer,-0.2708838930101063,-0.3969405394885628,-0.16214693562298957,70,1
score,sequence_holdout,rep1,position_additive,kmer123,-0.40806867296675375,-0.5363149833768348,-0.2904419669749038,70,1
score,sequence_holdout,rep1,position_additive,position_pair,-0.3785607584378936,-0.5125205877002242,-0.27046943970921383,70,1
score,sequence_holdout,rep1,position_pair,composition,0.372103774750834,0.3130372805754373,0.4317202653036957,70,1
score,sequence_holdout,rep1,position_pair,1mer,0.372103774750834,0.3130372805754373,0.4317202653036957,70,1
score,sequence_holdout,rep1,position_pair,2mer,0.18557077448470782,0.13289317182126464,0.24522567111982688,70,1
score,sequence_holdout,rep1,position_pair,3mer,0.07810817533338221,0.007832810255812048,0.1444247084615135,70,1
score,sequence_holdout,rep1,position_pair,kmer123,-0.02140487051314066,-0.08974354980201243,0.037520317988568946,70,1
score,sequence_holdout,rep1,position_pair,position_additive,0.27460578441740724,0.21288936848806306,0.33885197012257284,70,1
score,sequence_holdout,rep2,1mer,composition,0.0,0.0,0.0,70,1
score,sequence_holdout,rep2,1mer,2mer,-0.28402101112163813,-0.39068676924106965,-0.19314166555971424,70,1
score,sequence_holdout,rep2,1mer,3mer,-0.4421582405867812,-0.5776845170644367,-0.32769548600674414,70,1
score,sequence_holdout,rep2,1mer,kmer123,-0.6279587108565019,-0.8072962750225618,-0.4773183043407424,70,1
score,sequence_holdout,rep2,1mer,position_additive,-0.1309708688283151,-0.18732367203289782,-0.08396186528198961,70,1
score,sequence_holdout,rep2,1mer,position_pair,-0.6067679172712008,-0.8188275785556571,-0.43445617961342287,70,1
score,sequence_holdout,rep2,2mer,composition,0.22119654480851192,0.16187655111291457,0.2809307349519292,70,1
score,sequence_holdout,rep2,2mer,1mer,0.22119654480851192,0.16187655111291457,0.2809307349519292,70,1
score,sequence_holdout,rep2,2mer,3mer,-0.12315782070186265,-0.2015249875017576,-0.04803480305129566,70,1
score,sequence_holdout,rep2,2mer,kmer123,-0.2678598689241245,-0.34701063903340224,-0.1946605375660422,70,1
score,sequence_holdout,rep2,2mer,position_additive,0.11919597963558892,0.05792588106727688,0.1817586720315279,70,1
score,sequence_holdout,rep2,2mer,position_pair,-0.2513564056616424,-0.34618476653295815,-0.17264666971164108,70,1
score,sequence_holdout,rep2,3mer,composition,0.3065948161187063,0.24681524299499819,0.3661597171696783,70,1
score,sequence_holdout,rep2,3mer,1mer,0.3065948161187063,0.24681524299499819,0.3661597171696783,70,1
score,sequence_holdout,rep2,3mer,2mer,0.10965317467575586,0.04583321353176402,0.16772433334984324,70,1
score,sequence_holdout,rep2,3mer,kmer123,-0.1288350092526065,-0.1895355306653744,-0.07818944393963687,70,1
score,sequence_holdout,rep2,3mer,position_additive,0.2157789367357157,0.14742650280657357,0.28546604821664984,70,1
score,sequence_holdout,rep2,3mer,position_pair,-0.1141412031300002,-0.21570497475358927,-0.03383634315399422,70,1
score,sequence_holdout,rep2,composition,1mer,0.0,0.0,0.0,70,1
score,sequence_holdout,rep2,composition,2mer,-0.28402101112163813,-0.39068676924106965,-0.19314166555971424,70,1
score,sequence_holdout,rep2,composition,3mer,-0.4421582405867812,-0.5776845170644367,-0.32769548600674414,70,1
score,sequence_holdout,rep2,composition,kmer123,-0.6279587108565019,-0.8072962750225618,-0.4773183043407424,70,1
score,sequence_holdout,rep2,composition,position_additive,-0.1309708688283151,-0.18732367203289782,-0.08396186528198961,70,1
score,sequence_holdout,rep2,composition,position_pair,-0.6067679172712008,-0.8188275785556571,-0.43445617961342287,70,1
score,sequence_holdout,rep2,kmer123,composition,0.38573380680282743,0.323097803167452,0.44668727831982713,70,1
score,sequence_holdout,rep2,kmer123,1mer,0.38573380680282743,0.323097803167452,0.44668727831982713,70,1
score,sequence_holdout,rep2,kmer123,2mer,0.21126930151312695,0.16294213369423335,0.25761536557104076,70,1
score,sequence_holdout,rep2,kmer123,3mer,0.11413094756682585,0.07251920719173567,0.15933574517051438,70,1
score,sequence_holdout,rep2,kmer123,position_additive,0.3052828297879321,0.24683534572675964,0.36443907282347043,70,1
score,sequence_holdout,rep2,kmer123,position_pair,0.01301678810647,-0.05544953108289658,0.07110425372330136,70,1
score,sequence_holdout,rep2,position_additive,composition,0.11580392779170412,0.07745831781414597,0.1577696762062193,70,1
score,sequence_holdout,rep2,position_additive,1mer,0.11580392779170412,0.07745831781414597,0.1577696762062193,70,1
score,sequence_holdout,rep2,position_additive,2mer,-0.1353263346666771,-0.22213333135705687,-0.061487608288840305,70,1
score,sequence_holdout,rep2,position_additive,3mer,-0.2751506518296585,-0.3995136255169895,-0.1729194112476957,70,1
score,sequence_holdout,rep2,position_additive,kmer123,-0.4394346978565997,-0.5734132759113483,-0.3277309212514926,70,1
score,sequence_holdout,rep2,position_additive,position_pair,-0.4206978814014999,-0.5840185014433343,-0.2898060498901855,70,1
score,sequence_holdout,rep2,position_pair,composition,0.37763258199832883,0.302871698508891,0.4501952730776377,70,1
score,sequence_holdout,rep2,position_pair,1mer,0.37763258199832883,0.302871698508891,0.4501952730776377,70,1
score,sequence_holdout,rep2,position_pair,2mer,0.20086715864833093,0.14722820922509838,0.25715991931947596,70,1
score,sequence_holdout,rep2,position_pair,3mer,0.10244769945617216,0.03272891625796379,0.17743200757468316,70,1
score,sequence_holdout,rep2,position_pair,kmer123,-0.01318845948909031,-0.07654707776949674,0.052536411203258596,70,1
score,sequence_holdout,rep2,position_pair,position_additive,0.2961205805322148,0.2246896140685705,0.36869423908414684,70,1
edit_delta,composition_holdout,published,1mer,composition,0.0,0.0,0.0,60,1
edit_delta,composition_holdout,published,1mer,2mer,-0.21312441474787147,-0.34001781689545757,-0.11739944101967201,60,1
edit_delta,composition_holdout,published,1mer,3mer,-0.2131849354585924,-0.346622138055564,-0.10293296549549714,60,1
edit_delta,composition_holdout,published,1mer,kmer123,-0.24127462158465574,-0.4034758535908989,-0.11339892645404287,60,1
edit_delta,composition_holdout,published,1mer,position_additive,-0.03670168564629184,-0.0831268300702323,0.005265941512290941,60,1
edit_delta,composition_holdout,published,1mer,position_pair,-0.29530766675080833,-0.4907059356626221,-0.1494433636619684,60,1
edit_delta,composition_holdout,published,2mer,composition,0.17568224013706457,0.1050648823129014,0.2537412532646522,60,1
edit_delta,composition_holdout,published,2mer,1mer,0.17568224013706457,0.1050648823129014,0.2537412532646522,60,1
edit_delta,composition_holdout,published,2mer,3mer,-4.9888296686839695e-05,-0.07592909146909713,0.06518237215114168,60,1
edit_delta,composition_holdout,published,2mer,kmer123,-0.02320471543937641,-0.09929504769369485,0.05184661033455454,60,1
edit_delta,composition_holdout,published,2mer,position_additive,0.14542838884191955,0.06826188713151803,0.23327404623098796,60,1
edit_delta,composition_holdout,published,2mer,position_pair,-0.06774511418931217,-0.14305791817267174,0.0016424207634370264,60,1
edit_delta,composition_holdout,published,3mer,composition,0.1757233618945384,0.0933265807896349,0.2574011879103269,60,1
edit_delta,composition_holdout,published,3mer,1mer,0.1757233618945384,0.0933265807896349,0.2574011879103269,60,1
edit_delta,composition_holdout,published,3mer,2mer,4.988580796883024e-05,-0.06972736805884924,0.07057072057092105,60,1
edit_delta,composition_holdout,published,3mer,kmer123,-0.023153672045429063,-0.07384719120205763,0.02925568600467826,60,1
edit_delta,composition_holdout,published,3mer,position_additive,0.14547101983720934,0.05460267102920095,0.23707550768886748,60,1
edit_delta,composition_holdout,published,3mer,position_pair,-0.06769184886158586,-0.15496988790386226,0.007824977523441612,60,1
edit_delta,composition_holdout,published,composition,1mer,0.0,0.0,0.0,60,1
edit_delta,composition_holdout,published,composition,2mer,-0.21312441474787147,-0.34001781689545757,-0.11739944101967201,60,1
edit_delta,composition_holdout,published,composition,3mer,-0.2131849354585924,-0.346622138055564,-0.10293296549549714,60,1
edit_delta,composition_holdout,published,composition,kmer123,-0.24127462158465574,-0.4034758535908989,-0.11339892645404287,60,1
edit_delta,composition_holdout,published,composition,position_additive,-0.03670168564629184,-0.0831268300702323,0.005265941512290941,60,1
edit_delta,composition_holdout,published,composition,position_pair,-0.29530766675080833,-0.4907059356626221,-0.1494433636619684,60,1
edit_delta,composition_holdout,published,kmer123,composition,0.19437650411045704,0.1018493218756706,0.2874832884006656,60,1
edit_delta,composition_holdout,published,kmer123,1mer,0.19437650411045704,0.1018493218756706,0.2874832884006656,60,1
edit_delta,composition_holdout,published,kmer123,2mer,0.02267846804186391,-0.054681682745105605,0.09032611182690023,60,1
edit_delta,composition_holdout,published,kmer123,3mer,0.022629711135319197,-0.030137380202839365,0.06876880543217731,60,1
edit_delta,composition_holdout,published,kmer123,position_additive,0.16480876381505227,0.07070454321711363,0.2582311561293191,60,1
edit_delta,composition_holdout,published,kmer123,position_pair,-0.04353029074031345,-0.10831847484751694,0.01362787225275423,60,1
edit_delta,composition_holdout,published,position_additive,composition,0.035402359381147996,-0.005293823086281884,0.07674707924976827,60,1
edit_delta,composition_holdout,published,position_additive,1mer,0.035402359381147996,-0.005293823086281884,0.07674707924976827,60,1
edit_delta,composition_holdout,published,position_additive,2mer,-0.1701769482429225,-0.3042469825778952,-0.07326297505241493,60,1
edit_delta,composition_holdout,published,position_additive,3mer,-0.17023532637769256,-0.3107457037644302,-0.057756320391940646,60,1
edit_delta,composition_holdout,published,position_additive,kmer123,-0.19733057134061727,-0.34812889307649164,-0.0760840318126544,60,1
edit_delta,composition_holdout,published,position_additive,position_pair,-0.24945071922333995,-0.43373654621067204,-0.11619508300099309,60,1
edit_delta,composition_holdout,published,position_pair,composition,0.2279826440706305,0.1300136816738146,0.32917688243851484,60,1
edit_delta,composition_holdout,published,position_pair,1mer,0.2279826440706305,0.1300136816738146,0.32917688243851484,60,1
edit_delta,composition_holdout,published,position_pair,2mer,0.06344689691298444,-0.001645127831227044,0.12515367683667664,60,1
edit_delta,composition_holdout,published,position_pair,3mer,0.06340017387391461,-0.00788669099404874,0.1341765604488317,60,1
edit_delta,composition_holdout,published,position_pair,kmer123,0.04171444866198526,-0.013816157982439242,0.0977322642730517,60,1
edit_delta,composition_holdout,published,position_pair,position_additive,0.19964830575982928,0.1040992598428649,0.30252175820153204,60,1
edit_delta,composition_holdout,rep1,1mer,composition,0.0,0.0,0.0,60,1
edit_delta,composition_holdout,rep1,1mer,2mer,-0.3154577198696249,-0.410930345540003,-0.22886475923875815,60,1
edit_delta,composition_holdout,rep1,1mer,3mer,-0.4814442562844894,-0.6077858559776608,-0.35699717980946843,60,1
edit_delta,composition_holdout,rep1,1mer,kmer123,-0.5735798190179731,-0.7105557414410812,-0.4547062800321439,60,1
edit_delta,composition_holdout,rep1,1mer,position_additive,-0.08792188921288546,-0.1454268158405457,-0.035231189132099966,60,1
edit_delta,composition_holdout,rep1,1mer,position_pair,-0.5067742049716695,-0.6569437606852603,-0.37426489781265104,60,1
edit_delta,composition_holdout,rep1,2mer,composition,0.23980833067055163,0.18624080201730156,0.2912477866427745,60,1
edit_delta,composition_holdout,rep1,2mer,1mer,0.23980833067055163,0.18624080201730156,0.2912477866427745,60,1
edit_delta,composition_holdout,rep1,2mer,3mer,-0.12618158220342912,-0.20739714871913648,-0.04151591102868408,60,1
edit_delta,composition_holdout,rep1,2mer,kmer123,-0.19622226944240428,-0.28061980073298165,-0.1142660541335953,60,1
edit_delta,composition_holdout,rep1,2mer,position_additive,0.17297084293920928,0.1054935430346744,0.2370879584263456,60,1
edit_delta,composition_holdout,rep1,2mer,position_pair,-0.1454371981799658,-0.2166985723540225,-0.08454061446099376,60,1
edit_delta,composition_holdout,rep1,3mer,composition,0.3249830388434374,0.2630787919736222,0.3780266219439238,60,1
edit_delta,composition_holdout,rep1,3mer,1mer,0.3249830388434374,0.2630787919736222,0.3780266219439238,60,1
edit_delta,composition_holdout,rep1,3mer,2mer,0.11204372740366497,0.03986104343453985,0.17177210253317124,60,1
edit_delta,composition_holdout,rep1,3mer,kmer123,-0.062193067570806004,-0.12440946651582419,-0.005618749542274229,60,1
edit_delta,composition_holdout,rep1,3mer,position_additive,0.26563427236781134,0.1905057071024305,0.3290801015330591,60,1
edit_delta,composition_holdout,rep1,3mer,position_pair,-0.01709814498907214,-0.1137617604059908,0.06271168790351803,60,1
edit_delta,composition_holdout,rep1,composition,1mer,0.0,0.0,0.0,60,1
edit_delta,composition_holdout,rep1,composition,2mer,-0.3154577198696249,-0.410930345540003,-0.22886475923875815,60,1
edit_delta,composition_holdout,rep1,composition,3mer,-0.4814442562844894,-0.6077858559776608,-0.35699717980946843,60,1
edit_delta,composition_holdout,rep1,composition,kmer123,-0.5735798190179731,-0.7105557414410812,-0.4547062800321439,60,1
edit_delta,composition_holdout,rep1,composition,position_additive,-0.08792188921288546,-0.1454268158405457,-0.035231189132099966,60,1
edit_delta,composition_holdout,rep1,composition,position_pair,-0.5067742049716695,-0.6569437606852603,-0.37426489781265104,60,1
edit_delta,composition_holdout,rep1,kmer123,composition,0.3645063390403215,0.31257600013596415,0.41539467150496634,60,1
edit_delta,composition_holdout,rep1,kmer123,1mer,0.3645063390403215,0.31257600013596415,0.41539467150496634,60,1
edit_delta,composition_holdout,rep1,kmer123,2mer,0.16403495776238097,0.10254826746753622,0.2191281125282373,60,1
edit_delta,composition_holdout,rep1,kmer123,3mer,0.058551566066081695,0.005587352746134544,0.11064426916113596,60,1
edit_delta,composition_holdout,rep1,kmer123,position_additive,0.30863253578593364,0.25691859674261197,0.35605188260757703,60,1
edit_delta,composition_holdout,rep1,kmer123,position_pair,0.042454544242944814,-0.03725851778683783,0.11526592925902357,60,1
edit_delta,composition_holdout,rep1,position_additive,composition,0.08081636198762143,0.034032189206572826,0.1269629921598904,60,1
edit_delta,composition_holdout,rep1,position_additive,1mer,0.08081636198762143,0.034032189206572826,0.1269629921598904,60,1
edit_delta,composition_holdout,rep1,position_additive,2mer,-0.20914721260123015,-0.31076709437881195,-0.11793493137156166,60,1
edit_delta,composition_holdout,rep1,position_additive,3mer,-0.3617193210041194,-0.49049089645127764,-0.2353392437388676,60,1
edit_delta,composition_holdout,rep1,position_additive,kmer123,-0.4464088227478007,-0.5529201470748826,-0.3457475859044451,60,1
edit_delta,composition_holdout,rep1,position_additive,position_pair,-0.38500219538906855,-0.527705281215395,-0.26043619917252736,60,1
edit_delta,composition_holdout,rep1,position_pair,composition,0.3363305552348488,0.27233824559032416,0.3964792131907677,60,1
edit_delta,composition_holdout,rep1,position_pair,1mer,0.3363305552348488,0.27233824559032416,0.3964792131907677,60,1
edit_delta,composition_holdout,rep1,position_pair,2mer,0.12697090544209433,0.07795062103418139,0.1781037330937866,60,1
edit_delta,composition_holdout,rep1,position_pair,3mer,0.016810712981150666,-0.06690757568543569,0.1021419152043306,60,1
edit_delta,composition_holdout,rep1,position_pair,kmer123,-0.044336844781305285,-0.13028313635419123,0.03592018251085993,60,1
edit_delta,composition_holdout,rep1,position_pair,position_additive,0.2779794838382299,0.20662386049594558,0.34542348427887526,60,1
edit_delta,composition_holdout,rep2,1mer,composition,0.0,0.0,0.0,60,1
edit_delta,composition_holdout,rep2,1mer,2mer,-0.3174942001871468,-0.48554605816637675,-0.18943588617788348,60,1
edit_delta,composition_holdout,rep2,1mer,3mer,-0.44251854175570804,-0.6265963472853189,-0.3017448014378353,60,1
edit_delta,composition_holdout,rep2,1mer,kmer123,-0.531282625669687,-0.7448789963084019,-0.3707662886300444,60,1
edit_delta,composition_holdout,rep2,1mer,position_additive,-0.07015444449680519,-0.11915699838297027,-0.02489738244277255,60,1
edit_delta,composition_holdout,rep2,1mer,position_pair,-0.5049560785903839,-0.7995623039225874,-0.28473694080043926,60,1
edit_delta,composition_holdout,rep2,2mer,composition,0.2409833759739114,0.15926531842921582,0.326846855297668,60,1
edit_delta,composition_holdout,rep2,2mer,1mer,0.2409833759739114,0.15926531842921582,0.326846855297668,60,1
edit_delta,composition_holdout,rep2,2mer,3mer,-0.09489555365845392,-0.1844121334317944,-0.014015507148861994,60,1
edit_delta,composition_holdout,rep2,2mer,kmer123,-0.1622689689656105,-0.23085040331530274,-0.09735729872536046,60,1
edit_delta,composition_holdout,rep2,2mer,position_additive,0.18773498635152064,0.10785147403776385,0.2728846425465968,60,1
edit_delta,composition_holdout,rep2,2mer,position_pair,-0.14228668207921413,-0.24269973797266764,-0.06444161207618507,60,1
edit_delta,composition_holdout,rep2,3mer,composition,0.3067680095238936,0.23180027245341925,0.3852193220120841,60,1
edit_delta,composition_holdout,rep2,3mer,1mer,0.3067680095238936,0.23180027245341925,0.3852193220120841,60,1
edit_delta,composition_holdout,rep2,3mer,2mer,0.08667087316353839,0.013821783275022342,0.15569929391871432,60,1
edit_delta,composition_holdout,rep2,3mer,kmer123,-0.06153410257447578,-0.12316819528531509,0.0021971469857593436,60,1
edit_delta,composition_holdout,rep2,3mer,position_additive,0.2581347043246278,0.17661292479865467,0.3443785801249834,60,1
edit_delta,composition_holdout,rep2,3mer,position_pair,-0.04328369794032749,-0.16709313096191472,0.056301641309545285,60,1
edit_delta,composition_holdout,rep2,composition,1mer,0.0,0.0,0.0,60,1
edit_delta,composition_holdout,rep2,composition,2mer,-0.3174942001871468,-0.48554605816637675,-0.18943588617788348,60,1
edit_delta,composition_holdout,rep2,composition,3mer,-0.44251854175570804,-0.6265963472853189,-0.3017448014378353,60,1
edit_delta,composition_holdout,rep2,composition,kmer123,-0.531282625669687,-0.7448789963084019,-0.3707662886300444,60,1
edit_delta,composition_holdout,rep2,composition,position_additive,-0.07015444449680519,-0.11915699838297027,-0.02489738244277255,60,1
edit_delta,composition_holdout,rep2,composition,position_pair,-0.5049560785903839,-0.7995623039225874,-0.28473694080043926,60,1
edit_delta,composition_holdout,rep2,kmer123,composition,0.3469526897017703,0.2704810282275474,0.42689435345682786,60,1
edit_delta,composition_holdout,rep2,kmer123,1mer,0.3469526897017703,0.2704810282275474,0.42689435345682786,60,1
edit_delta,composition_holdout,rep2,kmer123,2mer,0.1396139562342663,0.08871977589978337,0.187553583011851,60,1
edit_delta,composition_holdout,rep2,kmer123,3mer,0.05796714625111021,-0.0022019851107733354,0.10966139226383918,60,1
edit_delta,composition_holdout,rep2,kmer123,position_additive,0.30113851841766515,0.22700361590401882,0.37781951968026933,60,1
edit_delta,composition_holdout,rep2,kmer123,position_pair,0.017192480759578577,-0.07960650826245458,0.09098210171019036,60,1
edit_delta,composition_holdout,rep2,position_additive,composition,0.06555543908411499,0.024292561164019552,0.1064703151566474,60,1
edit_delta,composition_holdout,rep2,position_additive,1mer,0.06555543908411499,0.024292561164019552,0.1064703151566474,60,1
edit_delta,composition_holdout,rep2,position_additive,2mer,-0.2311252894031035,-0.3752975958206077,-0.12088960295970466,60,1
edit_delta,composition_holdout,rep2,position_additive,3mer,-0.3479536053639354,-0.5252704834235432,-0.21449562681067103,60,1
edit_delta,composition_holdout,rep2,position_additive,kmer123,-0.43089872078203406,-0.6072506832377927,-0.29366712058813343,60,1
edit_delta,composition_holdout,rep2,position_additive,position_pair,-0.40629802205608345,-0.6585220981428349,-0.21495420439069016,60,1
edit_delta,composition_holdout,rep2,position_pair,composition,0.33552878105476047,0.221630538018363,0.44430932018371727,60,1
edit_delta,composition_holdout,rep2,position_pair,1mer,0.33552878105476047,0.221630538018363,0.44430932018371727,60,1
edit_delta,composition_holdout,rep2,position_pair,2mer,0.12456302284836318,0.06054029764732272,0.19530038181769904,60,1
edit_delta,composition_holdout,rep2,position_pair,3mer,0.04148794620847529,-0.05966063610903874,0.14317034907189144,60,1
edit_delta,composition_holdout,rep2,position_pair,kmer123,-0.01749323282840365,-0.10008835206491958,0.07373655138259746,60,1
edit_delta,composition_holdout,rep2,position_pair,position_additive,0.2889131718055422,0.17692370879571995,0.39705353004551264,60,1
edit_delta,purged_composition_holdout,published,1mer,composition,0.0,0.0,0.0,60,1
edit_delta,purged_composition_holdout,published,1mer,2mer,-0.11349774457729178,-0.24989980656205402,-0.010112533153504874,60,1
edit_delta,purged_composition_holdout,published,1mer,3mer,0.17507497660455584,0.010360107925716533,0.2977838776925776,60,1
edit_delta,purged_composition_holdout,published,1mer,kmer123,0.1949976856426121,0.034707200707636825,0.314473588532354,60,1
edit_delta,purged_composition_holdout,published,1mer,position_additive,0.02681944728258434,-0.01777646391863335,0.0725945874979037,60,1
edit_delta,purged_composition_holdout,published,1mer,position_pair,0.3735280872221537,0.23031039296211825,0.46928268001458046,60,1
edit_delta,purged_composition_holdout,published,2mer,composition,0.101929029609645,0.010011286575468657,0.1999358547320189,60,1
edit_delta,purged_composition_holdout,published,2mer,1mer,0.101929029609645,0.010011286575468657,0.1999358547320189,60,1
edit_delta,purged_composition_holdout,published,2mer,3mer,0.25915878373996715,0.16944715075308134,0.33179920428146026,60,1
edit_delta,purged_composition_holdout,published,2mer,kmer123,0.27705079037857905,0.17697869842586572,0.3624714878915939,60,1
edit_delta,purged_composition_holdout,published,2mer,position_additive,0.12601479665604853,0.03380609413312637,0.22561676575747658,60,1
edit_delta,purged_composition_holdout,published,2mer,position_pair,0.4373837613692977,0.3493167776100041,0.5069333050205355,60,1
edit_delta,purged_composition_holdout,published,3mer,composition,-0.21223138059739788,-0.4240630041704077,-0.01046865946391023,60,1
edit_delta,purged_composition_holdout,published,3mer,1mer,-0.21223138059739788,-0.4240630041704077,-0.01046865946391023,60,1
edit_delta,purged_composition_holdout,published,3mer,2mer,-0.34981690820101896,-0.4965561349916048,-0.20401730521622227,60,1
edit_delta,purged_composition_holdout,published,3mer,kmer123,0.024150933082443204,-0.054797035635858374,0.09217228316154319,60,1
edit_delta,purged_composition_holdout,published,3mer,position_additive,-0.17972000499117158,-0.392798083691226,0.0183500869501858,60,1
edit_delta,purged_composition_holdout,published,3mer,position_pair,0.2405710882678187,0.09246372976111099,0.3497033942254974,60,1
edit_delta,purged_composition_holdout,published,composition,1mer,0.0,0.0,0.0,60,1
edit_delta,purged_composition_holdout,published,composition,2mer,-0.11349774457729178,-0.24989980656205402,-0.010112533153504874,60,1
edit_delta,purged_composition_holdout,published,composition,3mer,0.17507497660455584,0.010360107925716533,0.2977838776925776,60,1
edit_delta,purged_composition_holdout,published,composition,kmer123,0.1949976856426121,0.034707200707636825,0.314473588532354,60,1
edit_delta,purged_composition_holdout,published,composition,position_additive,0.02681944728258434,-0.01777646391863335,0.0725945874979037,60,1
edit_delta,purged_composition_holdout,published,composition,position_pair,0.3735280872221537,0.23031039296211825,0.46928268001458046,60,1
edit_delta,purged_composition_holdout,published,kmer123,composition,-0.2422324534535949,-0.4587330048007092,-0.035955101948203255,60,1
edit_delta,purged_composition_holdout,published,kmer123,1mer,-0.2422324534535949,-0.4587330048007092,-0.035955101948203255,60,1
edit_delta,purged_composition_holdout,published,kmer123,2mer,-0.3832230351612933,-0.5685573869848752,-0.21503543856080287,60,1
edit_delta,purged_composition_holdout,published,kmer123,3mer,-0.024748635727786628,-0.10153059262222523,0.05195030915241172,60,1
edit_delta,purged_composition_holdout,published,kmer123,position_additive,-0.20891646565548072,-0.42886091183304414,-0.003041323327971125,60,1
edit_delta,purged_composition_holdout,published,kmer123,position_pair,0.22177625877020957,0.0949640875366377,0.3184518318390331,60,1
edit_delta,purged_composition_holdout,published,position_additive,composition,-0.027558552426573124,-0.0782770799655084,0.0174659804870187,60,1
edit_delta,purged_composition_holdout,published,position_additive,1mer,-0.027558552426573124,-0.0782770799655084,0.0174659804870187,60,1
edit_delta,purged_composition_holdout,published,position_additive,2mer,-0.14418413054809598,-0.2913503894091417,-0.03498894929334784,60,1
edit_delta,purged_composition_holdout,published,position_additive,3mer,0.15234123709932035,-0.018693177794817516,0.2820208378753632,60,1
edit_delta,purged_composition_holdout,published,position_additive,kmer123,0.17281298715888127,0.0030320762497569502,0.30014178147210463,60,1
edit_delta,purged_composition_holdout,published,position_additive,position_pair,0.3562634281700898,0.2096794138676008,0.4568198780306079,60,1
edit_delta,purged_composition_holdout,published,position_pair,composition,-0.5962407565343009,-0.8842422554791979,-0.2992250266469454,60,1
edit_delta,purged_composition_holdout,published,position_pair,1mer,-0.5962407565343009,-0.8842422554791979,-0.2992250266469454,60,1
edit_delta,purged_composition_holdout,published,position_pair,2mer,-0.7774104822032939,-1.0281231967956825,-0.5368461540473561,60,1
edit_delta,purged_composition_holdout,published,position_pair,3mer,-0.31677894342881974,-0.5377598337999893,-0.1018843389189141,60,1
edit_delta,purged_composition_holdout,published,position_pair,kmer123,-0.28497750328170013,-0.4672477391833881,-0.10492852968569405,60,1
edit_delta,purged_composition_holdout,published,position_pair,position_additive,-0.5534304617141166,-0.8410099497934376,-0.2653093161239927,60,1
edit_delta,purged_composition_holdout,rep1,1mer,composition,0.0,0.0,0.0,60,1
edit_delta,purged_composition_holdout,rep1,1mer,2mer,-0.1620773377613165,-0.25822918199921513,-0.07041698371605495,60,1
edit_delta,purged_composition_holdout,rep1,1mer,3mer,0.16848057897700586,-0.01667210646014672,0.31496361437148873,60,1
edit_delta,purged_composition_holdout,rep1,1mer,kmer123,0.17662424542169886,-0.0043665968766293745,0.317557580646386,60,1
edit_delta,purged_composition_holdout,rep1,1mer,position_additive,0.003186195805653713,-0.05245703455989851,0.05383003228919349,60,1
edit_delta,purged_composition_holdout,rep1,1mer,position_pair,0.41484734188393224,0.25779545859475184,0.5276938294677059,60,1
edit_delta,purged_composition_holdout,rep1,2mer,composition,0.13947207513189297,0.0657846280925528,0.2052322308572078,60,1
edit_delta,purged_composition_holdout,rep1,2mer,1mer,0.13947207513189297,0.0657846280925528,0.2052322308572078,60,1
edit_delta,purged_composition_holdout,rep1,2mer,3mer,0.28445431813955313,0.14047991611628183,0.39806923023953633,60,1
edit_delta,purged_composition_holdout,rep1,2mer,kmer123,0.29146217052602275,0.14247728861410847,0.39588880148323047,60,1
edit_delta,purged_composition_holdout,rep1,2mer,position_additive,0.14221388559675574,0.05586884012474726,0.22031089287593122,60,1
edit_delta,purged_composition_holdout,rep1,2mer,position_pair,0.4964597973803234,0.3769555217117473,0.5843853296911842,60,1
edit_delta,purged_composition_holdout,rep1,3mer,composition,-0.2026177317298603,-0.45977654572183496,0.016398705493592656,60,1
edit_delta,purged_composition_holdout,rep1,3mer,1mer,-0.2026177317298603,-0.45977654572183496,0.016398705493592656,60,1
edit_delta,purged_composition_holdout,rep1,3mer,2mer,-0.3975348120331894,-0.6613206215375717,-0.16343997299041368,60,1
edit_delta,purged_composition_holdout,rep1,3mer,kmer123,0.009793717667681223,-0.09808883422888008,0.10551188107262748,60,1
edit_delta,purged_composition_holdout,rep1,3mer,position_additive,-0.19878595615721784,-0.4713376138075057,0.02120930959922413,60,1
edit_delta,purged_composition_holdout,rep1,3mer,position_pair,0.2962850375807562,0.08680870911200159,0.4380881011294792,60,1
edit_delta,purged_composition_holdout,rep1,composition,1mer,0.0,0.0,0.0,60,1
edit_delta,purged_composition_holdout,rep1,composition,2mer,-0.1620773377613165,-0.25822918199921513,-0.07041698371605495,60,1
edit_delta,purged_composition_holdout,rep1,composition,3mer,0.16848057897700586,-0.01667210646014672,0.31496361437148873,60,1
edit_delta,purged_composition_holdout,rep1,composition,kmer123,0.17662424542169886,-0.0043665968766293745,0.317557580646386,60,1
edit_delta,purged_composition_holdout,rep1,composition,position_additive,0.003186195805653713,-0.05245703455989851,0.05383003228919349,60,1
edit_delta,purged_composition_holdout,rep1,composition,position_pair,0.41484734188393224,0.25779545859475184,0.5276938294677059,60,1
edit_delta,purged_composition_holdout,rep1,kmer123,composition,-0.2145123225205463,-0.46532510833947893,0.004347602829959251,60,1
edit_delta,purged_composition_holdout,rep1,kmer123,1mer,-0.2145123225205463,-0.46532510833947893,0.004347602829959251,60,1
edit_delta,purged_composition_holdout,rep1,kmer123,2mer,-0.41135724643299,-0.6553244539310851,-0.1661498738286643,60,1
edit_delta,purged_composition_holdout,rep1,kmer123,3mer,-0.009890583247576634,-0.11795785002267195,0.08932684554514857,60,1
edit_delta,purged_composition_holdout,rep1,kmer123,position_additive,-0.2106426484526167,-0.4830047628952051,0.01696844859514088,60,1
edit_delta,purged_composition_holdout,rep1,kmer123,position_pair,0.2893248861623833,0.1253664947468649,0.3916876884838298,60,1
edit_delta,purged_composition_holdout,rep1,position_additive,composition,-0.00319638009851686,-0.05689256118377586,0.049842447565056014,60,1
edit_delta,purged_composition_holdout,rep1,position_additive,1mer,-0.00319638009851686,-0.05689256118377586,0.049842447565056014,60,1
edit_delta,purged_composition_holdout,rep1,position_additive,2mer,-0.16579177863667427,-0.28256248960275565,-0.05917487164113033,60,1
edit_delta,purged_composition_holdout,rep1,position_additive,3mer,0.16582272684811772,-0.02166889337246743,0.32034632567597565,60,1
edit_delta,purged_composition_holdout,rep1,position_additive,kmer123,0.1739924235461634,-0.017261382130545677,0.32569333187531657,60,1
edit_delta,purged_composition_holdout,rep1,position_additive,position_pair,0.4129769715729358,0.246510227941277,0.5337996288386003,60,1
edit_delta,purged_composition_holdout,rep1,position_pair,composition,-0.7089557504866455,-1.1172706787979823,-0.34733756096683305,60,1
edit_delta,purged_composition_holdout,rep1,position_pair,1mer,-0.7089557504866455,-1.1172706787979823,-0.34733756096683305,60,1
edit_delta,purged_composition_holdout,rep1,position_pair,2mer,-0.9859387488774136,-1.4060748369602711,-0.6050218481942156,60,1
edit_delta,purged_composition_holdout,rep1,position_pair,3mer,-0.4210298961985719,-0.7796384173686007,-0.09506085166699285,60,1
edit_delta,purged_composition_holdout,rep1,position_pair,kmer123,-0.4071127305978688,-0.6438924409488658,-0.14333606059811504,60,1
edit_delta,purged_composition_holdout,rep1,position_pair,position_additive,-0.7035106828423972,-1.1450004625609904,-0.32715805307351103,60,1
edit_delta,purged_composition_holdout,rep2,1mer,composition,0.0,0.0,0.0,60,1
edit_delta,purged_composition_holdout,rep2,1mer,2mer,-0.18039538749417883,-0.3297379474795367,-0.07531506862333547,60,1
edit_delta,purged_composition_holdout,rep2,1mer,3mer,0.15172767009685117,-0.00642655352273646,0.27722160012477,60,1
edit_delta,purged_composition_holdout,rep2,1mer,kmer123,0.16117525892336326,0.0011187640329142453,0.2760495193496362,60,1
edit_delta,purged_composition_holdout,rep2,1mer,position_additive,0.0163071061042821,-0.026658117539139776,0.05865208007349544,60,1
edit_delta,purged_composition_holdout,rep2,1mer,position_pair,0.3519117111008738,0.2221897311360938,0.4526532701554082,60,1
edit_delta,purged_composition_holdout,rep2,2mer,composition,0.15282623890723102,0.07004000111495899,0.24797210509673515,60,1
edit_delta,purged_composition_holdout,rep2,2mer,1mer,0.15282623890723102,0.07004000111495899,0.24797210509673515,60,1
edit_delta,purged_composition_holdout,rep2,2mer,3mer,0.2813659398450232,0.16249912158729762,0.3862273453189887,60,1
edit_delta,purged_composition_holdout,rep2,2mer,kmer123,0.2893696892044375,0.16526362141226325,0.38621559364366503,60,1
edit_delta,purged_composition_holdout,rep2,2mer,position_additive,0.1666411913181346,0.0863433453452385,0.2555759811776653,60,1
edit_delta,purged_composition_holdout,rep2,2mer,position_pair,0.4509566067731502,0.35654268191637994,0.5353068929269711,60,1
edit_delta,purged_composition_holdout,rep2,3mer,composition,-0.1788666973425559,-0.3835499438257134,0.006385495569603204,60,1
edit_delta,purged_composition_holdout,rep2,3mer,1mer,-0.1788666973425559,-0.3835499438257134,0.006385495569603204,60,1
edit_delta,purged_composition_holdout,rep2,3mer,2mer,-0.3915288120136491,-0.6292677651763271,-0.19402861569067562,60,1
edit_delta,purged_composition_holdout,rep2,3mer,kmer123,0.011137447837760717,-0.10174568521119846,0.09412860476327525,60,1
edit_delta,purged_composition_holdout,rep2,3mer,position_additive,-0.15964279302618611,-0.37533392923971404,0.02193584777848157,60,1
edit_delta,purged_composition_holdout,rep2,3mer,position_pair,0.23599029927909898,0.06150265793257446,0.3622590848410011,60,1
edit_delta,purged_composition_holdout,rep2,composition,1mer,0.0,0.0,0.0,60,1
edit_delta,purged_composition_holdout,rep2,composition,2mer,-0.18039538749417883,-0.3297379474795367,-0.07531506862333547,60,1
edit_delta,purged_composition_holdout,rep2,composition,3mer,0.15172767009685117,-0.00642655352273646,0.27722160012477,60,1
edit_delta,purged_composition_holdout,rep2,composition,kmer123,0.16117525892336326,0.0011187640329142453,0.2760495193496362,60,1
edit_delta,purged_composition_holdout,rep2,composition,position_additive,0.0163071061042821,-0.026658117539139776,0.05865208007349544,60,1
edit_delta,purged_composition_holdout,rep2,composition,position_pair,0.3519117111008738,0.2221897311360938,0.4526532701554082,60,1
edit_delta,purged_composition_holdout,rep2,kmer123,composition,-0.19214414052271978,-0.38130996158640657,-0.0011200550927210795,60,1
edit_delta,purged_composition_holdout,rep2,kmer123,1mer,-0.19214414052271978,-0.38130996158640657,-0.0011200550927210795,60,1
edit_delta,purged_composition_holdout,rep2,kmer123,2mer,-0.40720144470123065,-0.629236568540557,-0.19798301392775156,60,1
edit_delta,purged_composition_holdout,rep2,kmer123,3mer,-0.011262887661594334,-0.10390947449836088,0.09234950555604576,60,1
edit_delta,purged_composition_holdout,rep2,kmer123,position_additive,-0.17270371953161745,-0.37451968782471695,0.021233975020683284,60,1
edit_delta,purged_composition_holdout,rep2,kmer123,position_pair,0.2273853438475112,0.09388420467054846,0.339839145832625,60,1
edit_delta,purged_composition_holdout,rep2,position_additive,composition,-0.016577436113929034,-0.06230648569854194,0.02596591460255689,60,1
edit_delta,purged_composition_holdout,rep2,position_additive,1mer,-0.016577436113929034,-0.06230648569854194,0.02596591460255689,60,1
edit_delta,purged_composition_holdout,rep2,position_additive,2mer,-0.19996331661954003,-0.34332043943853574,-0.09450305590733546,60,1
edit_delta,purged_composition_holdout,rep2,position_additive,3mer,0.13766548974066806,-0.02242782892841504,0.2729038426479438,60,1
edit_delta,purged_composition_holdout,rep2,position_additive,kmer123,0.14726969536738233,-0.021694662704395233,0.2724730927415503,60,1
edit_delta,purged_composition_holdout,rep2,position_additive,position_pair,0.34116806889546303,0.21334913778520317,0.4458146730288707,60,1
edit_delta,purged_composition_holdout,rep2,position_pair,composition,-0.5429996454628858,-0.8269955833216144,-0.2856606778771442,60,1
edit_delta,purged_composition_holdout,rep2,position_pair,1mer,-0.5429996454628858,-0.8269955833216144,-0.2856606778771442,60,1
edit_delta,purged_composition_holdout,rep2,position_pair,2mer,-0.8213496644095437,-1.151958048882033,-0.554104637549479,60,1
edit_delta,purged_composition_holdout,rep2,position_pair,3mer,-0.3088839042965348,-0.568034881057194,-0.06553313997755093,60,1
edit_delta,purged_composition_holdout,rep2,position_pair,kmer123,-0.29430627808674736,-0.5147823389887383,-0.10361171892014923,60,1
edit_delta,purged_composition_holdout,rep2,position_pair,position_additive,-0.5178377865254526,-0.8044505184521638,-0.27121226696518635,60,1
edit_delta,sequence_holdout,published,1mer,composition,0.0,0.0,0.0,60,1
edit_delta,sequence_holdout,published,1mer,2mer,-0.2207648094557313,-0.347318514552961,-0.12626533394863546,60,1
edit_delta,sequence_holdout,published,1mer,3mer,-0.22445726888305795,-0.35214751966586516,-0.11980391629656942,60,1
edit_delta,sequence_holdout,published,1mer,kmer123,-0.25789666317976545,-0.4133200767065897,-0.13451866883428468,60,1
edit_delta,sequence_holdout,published,1mer,position_additive,-0.0377602767663876,-0.08469538414704444,0.0044848079203710966,60,1
edit_delta,sequence_holdout,published,1mer,position_pair,-0.31424223935889484,-0.508335536084939,-0.16732047480935996,60,1
edit_delta,sequence_holdout,published,2mer,composition,0.1808413936458061,0.11210975744232256,0.25778500441527796,60,1
edit_delta,sequence_holdout,published,2mer,1mer,0.1808413936458061,0.11210975744232256,0.25778500441527796,60,1
edit_delta,sequence_holdout,published,2mer,3mer,-0.0030247099185083393,-0.0790305673061793,0.06198854321540901,60,1
edit_delta,sequence_holdout,published,2mer,kmer123,-0.030416877547927657,-0.10653760355217268,0.045983037136740366,60,1
edit_delta,sequence_holdout,published,2mer,position_additive,0.1499097379543033,0.07339390513732233,0.2358897490191774,60,1
edit_delta,sequence_holdout,published,2mer,position_pair,-0.07657284120504726,-0.15421579526793008,-0.005045105222776179,60,1
edit_delta,sequence_holdout,published,3mer,composition,0.18331163903155756,0.10698651295498046,0.26043571975452656,60,1
edit_delta,sequence_holdout,published,3mer,1mer,0.18331163903155756,0.10698651295498046,0.26043571975452656,60,1
edit_delta,sequence_holdout,published,3mer,2mer,0.0030155886376458385,-0.06608505992864835,0.07324219382201116,60,1
edit_delta,sequence_holdout,published,3mer,kmer123,-0.027309564119955443,-0.07903199367844797,0.026471220382497086,60,1
edit_delta,sequence_holdout,published,3mer,position_additive,0.15247326048950172,0.06518980735889934,0.24028971533335952,60,1
edit_delta,sequence_holdout,published,3mer,position_pair,-0.07332634037751129,-0.16233006892352508,0.0031476218035687165,60,1
edit_delta,sequence_holdout,published,composition,1mer,0.0,0.0,0.0,60,1
edit_delta,sequence_holdout,published,composition,2mer,-0.2207648094557313,-0.347318514552961,-0.12626533394863546,60,1
edit_delta,sequence_holdout,published,composition,3mer,-0.22445726888305795,-0.35214751966586516,-0.11980391629656942,60,1
edit_delta,sequence_holdout,published,composition,kmer123,-0.25789666317976545,-0.4133200767065897,-0.13451866883428468,60,1
edit_delta,sequence_holdout,published,composition,position_additive,-0.0377602767663876,-0.08469538414704444,0.0044848079203710966,60,1
edit_delta,sequence_holdout,published,composition,position_pair,-0.31424223935889484,-0.508335536084939,-0.16732047480935996,60,1
edit_delta,sequence_holdout,published,kmer123,composition,0.20502213792971136,0.11856893040867422,0.29244619351820605,60,1
edit_delta,sequence_holdout,published,kmer123,1mer,0.20502213792971136,0.11856893040867422,0.29244619351820605,60,1
edit_delta,sequence_holdout,published,kmer123,2mer,0.029519001688239288,-0.04819939303748017,0.09628014658276347,60,1
edit_delta,sequence_holdout,published,kmer123,3mer,0.02658357818692192,-0.02719099985704217,0.07324341187363718,60,1
edit_delta,sequence_holdout,published,kmer123,position_additive,0.17500355383478605,0.08433113324212137,0.2649618630827928,60,1
edit_delta,sequence_holdout,published,kmer123,position_pair,-0.04479348568800301,-0.11037858798255226,0.010398326135300406,60,1
edit_delta,sequence_holdout,published,position_additive,composition,0.03638631927986957,-0.004505012153565274,0.0780821831680231,60,1
edit_delta,sequence_holdout,published,position_additive,1mer,0.03638631927986957,-0.004505012153565274,0.0780821831680231,60,1
edit_delta,sequence_holdout,published,position_additive,2mer,-0.17634567133324586,-0.3087116681414378,-0.079207233347241,60,1
edit_delta,sequence_holdout,published,position_additive,3mer,-0.17990377575292182,-0.31629124993906993,-0.06973587696803615,60,1
edit_delta,sequence_holdout,published,position_additive,kmer123,-0.21212643357222394,-0.3604736643404023,-0.092097869057636,60,1
edit_delta,sequence_holdout,published,position_additive,position_pair,-0.26642180162649143,-0.4527636208124985,-0.132570005964179,60,1
edit_delta,sequence_holdout,published,position_pair,composition,0.23910526533691878,0.1433372151231193,0.33701753916992644,60,1
edit_delta,sequence_holdout,published,position_pair,1mer,0.23910526533691878,0.1433372151231193,0.33701753916992644,60,1
edit_delta,sequence_holdout,published,position_pair,2mer,0.07112648422315448,0.005019776954955291,0.1336108732291626,60,1
edit_delta,sequence_holdout,published,position_pair,3mer,0.0683169112869445,-0.0031575610163561306,0.139659183889389,60,1
edit_delta,sequence_holdout,published,position_pair,kmer123,0.04287305223625715,-0.010507587475569385,0.09940623896449381,60,1
edit_delta,sequence_holdout,published,position_pair,position_additive,0.21037366956595382,0.11705236703304552,0.3116567657876638,60,1
edit_delta,sequence_holdout,rep1,1mer,composition,0.0,0.0,0.0,60,1
edit_delta,sequence_holdout,rep1,1mer,2mer,-0.3227905628049972,-0.41887926996010605,-0.23449201284622828,60,1
edit_delta,sequence_holdout,rep1,1mer,3mer,-0.4904060070306753,-0.610057922581425,-0.3679700039469336,60,1
edit_delta,sequence_holdout,rep1,1mer,kmer123,-0.5897442249545739,-0.7207487439333513,-0.4734762704771158,60,1
edit_delta,sequence_holdout,rep1,1mer,position_additive,-0.09036680080401704,-0.14813843715834174,-0.0370222808401641,60,1
edit_delta,sequence_holdout,rep1,1mer,position_pair,-0.5263563346104394,-0.6787439566638566,-0.38970490416985865,60,1
edit_delta,sequence_holdout,rep1,2mer,composition,0.24402242643802585,0.1899502058966738,0.29521840146865486,60,1
edit_delta,sequence_holdout,rep1,2mer,1mer,0.24402242643802585,0.1899502058966738,0.29521840146865486,60,1
edit_delta,sequence_holdout,rep1,2mer,3mer,-0.1267135168172404,-0.20298613439229457,-0.04613714387246993,60,1
edit_delta,sequence_holdout,rep1,2mer,kmer123,-0.20181098176531997,-0.2829118609184726,-0.12579893315140664,60,1
edit_delta,sequence_holdout,rep1,2mer,position_additive,0.17570715163564665,0.10660081065784927,0.24077471151106009,60,1
edit_delta,sequence_holdout,rep1,2mer,position_pair,-0.15389115822974864,-0.22431176892623964,-0.09346119089478773,60,1
edit_delta,sequence_holdout,rep1,3mer,composition,0.3290418883963756,0.2689898157312852,0.3789043186287027,60,1
edit_delta,sequence_holdout,rep1,3mer,1mer,0.3290418883963756,0.2689898157312852,0.3789043186287027,60,1
edit_delta,sequence_holdout,rep1,3mer,2mer,0.11246294193326356,0.044102385172385516,0.1687352202923303,60,1
edit_delta,sequence_holdout,rep1,3mer,kmer123,-0.06665178310828845,-0.1297184937929228,-0.00960258738555788,60,1
edit_delta,sequence_holdout,rep1,3mer,position_additive,0.26840955037725134,0.1928555892736109,0.3320719719134256,60,1
edit_delta,sequence_holdout,rep1,3mer,position_pair,-0.024121163904450293,-0.11576860648757276,0.056111362113841295,60,1
edit_delta,sequence_holdout,rep1,composition,1mer,0.0,0.0,0.0,60,1
edit_delta,sequence_holdout,rep1,composition,2mer,-0.3227905628049972,-0.41887926996010605,-0.23449201284622828,60,1
edit_delta,sequence_holdout,rep1,composition,3mer,-0.4904060070306753,-0.610057922581425,-0.3679700039469336,60,1
edit_delta,sequence_holdout,rep1,composition,kmer123,-0.5897442249545739,-0.7207487439333513,-0.4734762704771158,60,1
edit_delta,sequence_holdout,rep1,composition,position_additive,-0.09036680080401704,-0.14813843715834174,-0.0370222808401641,60,1
edit_delta,sequence_holdout,rep1,composition,position_pair,-0.5263563346104394,-0.6787439566638566,-0.38970490416985865,60,1
edit_delta,sequence_holdout,rep1,kmer123,composition,0.3709679932766704,0.321332804610766,0.4188576286725971,60,1
edit_delta,sequence_holdout,rep1,kmer123,1mer,0.3709679932766704,0.321332804610766,0.4188576286725971,60,1
edit_delta,sequence_holdout,rep1,kmer123,2mer,0.16792239780409002,0.11174191879791442,0.22052322310403766,60,1
edit_delta,sequence_holdout,rep1,kmer123,3mer,0.062486918564989447,0.009511254712453083,0.11482373098116228,60,1
edit_delta,sequence_holdout,rep1,kmer123,position_additive,0.3141243832257521,0.2636404421072321,0.36049932110767513,60,1
edit_delta,sequence_holdout,rep1,kmer123,position_pair,0.03987301186512937,-0.03581856489765858,0.10786813308332219,60,1
edit_delta,sequence_holdout,rep1,position_additive,composition,0.08287743238090362,0.03570056372264736,0.12902488959760397,60,1
edit_delta,sequence_holdout,rep1,position_additive,1mer,0.08287743238090362,0.03570056372264736,0.12902488959760397,60,1
edit_delta,sequence_holdout,rep1,position_additive,2mer,-0.2131610773820285,-0.31713210243290796,-0.11932047383222069,60,1
edit_delta,sequence_holdout,rep1,position_additive,3mer,-0.3668849839628978,-0.49716736975633097,-0.2389356904568376,60,1
edit_delta,sequence_holdout,rep1,position_additive,kmer123,-0.45799030544796926,-0.5637200031540665,-0.3580322174667758,60,1
edit_delta,sequence_holdout,rep1,position_additive,position_pair,-0.3998558406995989,-0.5470226107673857,-0.2709498099683286,60,1
edit_delta,sequence_holdout,rep1,position_pair,composition,0.3448449897806972,0.2804227712990537,0.40431654362064423,60,1
edit_delta,sequence_holdout,rep1,position_pair,1mer,0.3448449897806972,0.2804227712990537,0.40431654362064423,60,1
edit_delta,sequence_holdout,rep1,position_pair,2mer,0.13336713530749478,0.08547280031731057,0.18321458190956438,60,1
edit_delta,sequence_holdout,rep1,position_pair,3mer,0.023553037232907692,-0.059447015549152445,0.1037568092694578,60,1
edit_delta,sequence_holdout,rep1,position_pair,kmer123,-0.041528893946191525,-0.12091053214803714,0.034579960181166075,60,1
edit_delta,sequence_holdout,rep1,position_pair,position_additive,0.28564072747645564,0.213186868394319,0.35359703648178287,60,1
edit_delta,sequence_holdout,rep2,1mer,composition,0.0,0.0,0.0,60,1
edit_delta,sequence_holdout,rep2,1mer,2mer,-0.3248627712575416,-0.4923437063197211,-0.19866150600132454,60,1
edit_delta,sequence_holdout,rep2,1mer,3mer,-0.4533091476062121,-0.6312460488680063,-0.31844155320443635,60,1
edit_delta,sequence_holdout,rep2,1mer,kmer123,-0.5496597313198788,-0.76052191098991,-0.39256782124430767,60,1
edit_delta,sequence_holdout,rep2,1mer,position_additive,-0.07284896370732286,-0.1220421890086302,-0.026923732290937925,60,1
edit_delta,sequence_holdout,rep2,1mer,position_pair,-0.5252526910561155,-0.8135517204662928,-0.3087815305015953,60,1
edit_delta,sequence_holdout,rep2,2mer,composition,0.24520484559256372,0.1657361163431006,0.32991307824129684,60,1
edit_delta,sequence_holdout,rep2,2mer,1mer,0.24520484559256372,0.1657361163431006,0.32991307824129684,60,1
edit_delta,sequence_holdout,rep2,2mer,3mer,-0.09695070246917048,-0.18400224847356939,-0.018024685529470074,60,1
edit_delta,sequence_holdout,rep2,2mer,kmer123,-0.16967565618057412,-0.2347113741142556,-0.10638703726320581,60,1
edit_delta,sequence_holdout,rep2,2mer,position_additive,0.1902188007826734,0.11016673893946968,0.27439488112182453,60,1
edit_delta,sequence_holdout,rep2,2mer,position_pair,-0.15125334045605832,-0.25264070492703666,-0.07196691399621921,60,1
edit_delta,sequence_holdout,rep2,3mer,composition,0.3119151547025427,0.24152875417939831,0.3869716951166969,60,1
edit_delta,sequence_holdout,rep2,3mer,1mer,0.3119151547025427,0.24152875417939831,0.3869716951166969,60,1
edit_delta,sequence_holdout,rep2,3mer,2mer,0.08838200499889393,0.017705509051734413,0.15540700655244447,60,1
edit_delta,sequence_holdout,rep2,3mer,kmer123,-0.06629737648893808,-0.1291400779431148,-0.002570294172484696,60,1
edit_delta,sequence_holdout,rep2,3mer,position_additive,0.2617888867799094,0.18226538196563785,0.34533228478025757,60,1
edit_delta,sequence_holdout,rep2,3mer,position_pair,-0.04950326196487764,-0.17070702887018396,0.0468536864065749,60,1
edit_delta,sequence_holdout,rep2,composition,1mer,0.0,0.0,0.0,60,1
edit_delta,sequence_holdout,rep2,composition,2mer,-0.3248627712575416,-0.4923437063197211,-0.19866150600132454,60,1
edit_delta,sequence_holdout,rep2,composition,3mer,-0.4533091476062121,-0.6312460488680063,-0.31844155320443635,60,1
edit_delta,sequence_holdout,rep2,composition,kmer123,-0.5496597313198788,-0.76052191098991,-0.39256782124430767,60,1
edit_delta,sequence_holdout,rep2,composition,position_additive,-0.07284896370732286,-0.1220421890086302,-0.026923732290937925,60,1
edit_delta,sequence_holdout,rep2,composition,position_pair,-0.5252526910561155,-0.8135517204662928,-0.3087815305015953,60,1
edit_delta,sequence_holdout,rep2,kmer123,composition,0.35469704749424036,0.28190211970700746,0.43198662069519367,60,1
edit_delta,sequence_holdout,rep2,kmer123,1mer,0.35469704749424036,0.28190211970700746,0.43198662069519367,60,1
edit_delta,sequence_holdout,rep2,kmer123,2mer,0.14506214204254553,0.0961571616854641,0.19009412131686634,60,1
edit_delta,sequence_holdout,rep2,kmer123,3mer,0.062175316146082404,0.0025636827131417642,0.11437028980323803,60,1
edit_delta,sequence_holdout,rep2,kmer123,position_additive,0.30768739612692,0.23549183433794296,0.3831426333678943,60,1
edit_delta,sequence_holdout,rep2,kmer123,position_pair,0.015749935144133365,-0.07621290933838909,0.08465579045438408,60,1
edit_delta,sequence_holdout,rep2,position_additive,composition,0.06790234802071937,0.026217842536906073,0.10876791345935168,60,1
edit_delta,sequence_holdout,rep2,position_additive,1mer,0.06790234802071937,0.026217842536906073,0.10876791345935168,60,1
edit_delta,sequence_holdout,rep2,position_additive,2mer,-0.23490147828391716,-0.3781600685329813,-0.12380604770386733,60,1
edit_delta,sequence_holdout,rep2,position_additive,3mer,-0.3546260440837601,-0.5274924620525373,-0.22289062752869085,60,1
edit_delta,sequence_holdout,rep2,position_additive,kmer123,-0.4444341969301018,-0.6211203019910164,-0.3080305128152369,60,1
edit_delta,sequence_holdout,rep2,position_additive,position_pair,-0.42168445200848437,-0.6721076786550128,-0.23194852830122412,60,1
edit_delta,sequence_holdout,rep2,position_pair,composition,0.34437093219774617,0.23593053138432862,0.44859581961511974,60,1
edit_delta,sequence_holdout,rep2,position_pair,1mer,0.34437093219774617,0.23593053138432862,0.44859581961511974,60,1
edit_delta,sequence_holdout,rep2,position_pair,2mer,0.13138145631450748,0.06713538702832389,0.20168647738993506,60,1
edit_delta,sequence_holdout,rep2,position_pair,3mer,0.047168278326451096,-0.0491568670149738,0.14581532736518385,60,1
edit_delta,sequence_holdout,rep2,position_pair,kmer123,-0.01600196505594309,-0.09248519804749777,0.07081582870388436,60,1
edit_delta,sequence_holdout,rep2,position_pair,position_additive,0.29660903403195393,0.1882777616018317,0.40195238085002016,60,1
