stage,held,model,dataset,endpoint,pairs,contexts,brier,log_loss,ece,sharpness,components,constant_half_brier,constant_half_logloss,brier_gain_vs_constant_half,logloss_gain_vs_constant_half
held_assay,astrocyte_gse330741,H0,astrocyte_gse330741,replicate,1792,7,0.2542855724483993,0.7019401192442636,0.0498207136883619,0.0979075655354403,2,0.25,0.6931471805599453,-0.004285572448399277,-0.008792938684318297
held_assay,astrocyte_gse330741,P1,astrocyte_gse330741,replicate,1792,7,0.2531371410547042,0.6995864103343596,0.0434615031203659,0.0923001974089385,2,0.25,0.6931471805599453,-0.0031371410547041956,-0.006439229774414357
held_assay,astrocyte_gse330741,P2,astrocyte_gse330741,replicate,1792,7,0.2517451682272379,0.6966884217152735,0.0292850567249098,0.0709644844867691,2,0.25,0.6931471805599453,-0.0017451682272379143,-0.0035412411553281675
held_assay,astrocyte_gse330741,P3,astrocyte_gse330741,replicate,1792,7,0.2526982910553301,0.6986751559609297,0.0389790583702417,0.0877805154788978,2,0.25,0.6931471805599453,-0.002698291055330093,-0.005527975400984375
held_assay,mikl_gse173098,H0,mikl_gse173098,replicate,16677,4825,0.2762482330054556,0.7562079782504361,0.1348297206805497,0.2615746403243105,187,0.25,0.6931471805599453,-0.02624823300545559,-0.06306079769049078
held_assay,mikl_gse173098,P1,mikl_gse173098,replicate,16677,4825,0.2711092863070604,0.7428070833687319,0.111123853393805,0.2262392159379287,187,0.25,0.6931471805599453,-0.021109286307060382,-0.04965990280878663
held_assay,mikl_gse173098,P2,mikl_gse173098,replicate,16677,4825,0.2651283705814774,0.7268962714605434,0.1007633268811344,0.1940475538212345,187,0.25,0.6931471805599453,-0.015128370581477424,-0.03374909090059808
held_assay,mikl_gse173098,P3,mikl_gse173098,replicate,16677,4825,0.2719425763685275,0.7452716672473035,0.1177924195813414,0.2363335019638527,187,0.25,0.6931471805599453,-0.021942576368527478,-0.05212448668735825
held_assay,srle,H0,srle,replicate,2022,592,0.2576644692991546,0.7088925477303545,0.0698062847100919,0.1216749889826031,1,0.25,0.6931471805599453,-0.007664469299154597,-0.015745367170409197
held_assay,srle,P1,srle,replicate,2022,592,0.2521922024521278,0.6975496422051821,0.0419794258472765,0.0510759688116702,1,0.25,0.6931471805599453,-0.0021922024521278116,-0.004402461645236833
held_assay,srle,P2,srle,replicate,2022,592,0.2518290661522985,0.6968228032269891,0.0375358709637273,0.0491708410265538,1,0.25,0.6931471805599453,-0.0018290661522984974,-0.0036756226670437986
held_assay,srle,P3,srle,replicate,2022,592,0.2513825828292357,0.6959733407179588,0.0156128551372739,0.0729406394894774,1,0.25,0.6931471805599453,-0.0013825828292357012,-0.002826160158013513
held_assay,astrocyte_gse330741,Hraw,astrocyte_gse330741,replicate,1792,7,0.2543370695962444,0.70207748565839,0.0502449302344833,0.1041145723456318,2,0.25,0.6931471805599453,-0.004337069596244414,-0.008930305098444724
held_assay,astrocyte_gse330741,P2_weighted,astrocyte_gse330741,replicate,1792,7,0.2518416244726869,0.6968868799968782,0.0306544205574452,0.0727695754760154,2,0.25,0.6931471805599453,-0.0018416244726868758,-0.003739699436932864
held_assay,astrocyte_gse330741,Partial,astrocyte_gse330741,replicate,1792,7,0.2583302667064078,0.7106487936865371,0.0735134888816876,0.1409280690765759,2,0.25,0.6931471805599453,-0.008330266706407796,-0.01750161312659182
held_assay,astrocyte_gse330741,H0_pairfree,astrocyte_gse330741,replicate,1792,7,0.254438204908667,0.7022684722037043,0.0494310853943539,0.10012444475606,2,0.25,0.6931471805599453,-0.004438204908666976,-0.009121291643758966
held_assay,astrocyte_gse330741,P2_pairfree,astrocyte_gse330741,replicate,1792,7,0.2519487293532034,0.6971043443201629,0.0342063186341762,0.0734798085952894,2,0.25,0.6931471805599453,-0.0019487293532033934,-0.003957163760217597
held_assay,astrocyte_gse330741,P3_hetero,astrocyte_gse330741,replicate,1792,7,0.2526493725665378,0.6987069534442929,0.0394722469457725,0.0793089027032192,2,0.25,0.6931471805599453,-0.0026493725665378,-0.0055597728843476135
held_assay,mikl_gse173098,Hraw,mikl_gse173098,replicate,16677,4825,0.2759272357622197,0.7561318923252618,0.1306933819042608,0.256364662328385,187,0.25,0.6931471805599453,-0.025927235762219725,-0.0629847117653165
held_assay,mikl_gse173098,P2_weighted,mikl_gse173098,replicate,16677,4825,0.2668709435768351,0.7311955585593998,0.1061182921994158,0.2035429821767194,187,0.25,0.6931471805599453,-0.016870943576835107,-0.038048377999454486
held_assay,mikl_gse173098,Partial,mikl_gse173098,replicate,16677,4825,0.2944840592839167,0.8100837305502201,0.1708579529211976,0.3299340526962083,187,0.25,0.6931471805599453,-0.04448405928391669,-0.11693654999027481
held_assay,mikl_gse173098,H0_pairfree,mikl_gse173098,replicate,16677,4825,0.2765042209189206,0.7575883919394528,0.1320076543841668,0.2617989721304093,187,0.25,0.6931471805599453,-0.026504220918920574,-0.06444121137950753
held_assay,mikl_gse173098,P2_pairfree,mikl_gse173098,replicate,16677,4825,0.2657588865983895,0.7286408567587515,0.0975014489812578,0.1966309108710975,187,0.25,0.6931471805599453,-0.015758886598389477,-0.03549367619880617
held_assay,mikl_gse173098,P3_hetero,mikl_gse173098,replicate,16677,4825,0.2747654967139119,0.7542814234902836,0.1293912368291404,0.2507791460702445,187,0.25,0.6931471805599453,-0.024765496713911928,-0.06113424293033831
held_assay,srle,Hraw,srle,replicate,2022,592,0.2514059301233659,0.6960484271242227,0.0285706385364064,0.0869192693508051,1,0.25,0.6931471805599453,-0.0014059301233658728,-0.002901246564277371
held_assay,srle,P2_weighted,srle,replicate,2022,592,0.251677760694827,0.6965247347097923,0.0361930178484986,0.0539175672285288,1,0.25,0.6931471805599453,-0.0016777606948270019,-0.003377554149846973
held_assay,srle,Partial,srle,replicate,2022,592,0.2535372554051034,0.7006357406961393,0.0499408793439022,0.1361269324329782,1,0.25,0.6931471805599453,-0.003537255405103412,-0.0074885601361940335
held_assay,srle,H0_pairfree,srle,replicate,2022,592,0.4767459046586045,4.54831643647872,0.4472898616048988,0.8715567805251995,1,0.25,0.6931471805599453,-0.2267459046586045,-3.8551692559187742
held_assay,srle,P2_pairfree,srle,replicate,2022,592,0.4507363129834554,2.078152957592849,0.4116440177036936,0.7940498988259524,1,0.25,0.6931471805599453,-0.2007363129834554,-1.3850057770329034
held_assay,srle,P3_hetero,srle,replicate,2022,592,0.2508289935639267,0.6950458973332795,0.0284005792906942,0.0979529855875872,1,0.25,0.6931471805599453,-0.0008289935639266832,-0.001898716773334197
