context,edit_size_band,fold,rows,genes,gene_balanced_rmse
CAD,1,1.0,6,4,0.8610715127679668
CAD,1,2.0,1,1,0.9122492706359746
CAD,1,3.0,2,2,2.0025179530552157
CAD,1,4.0,4,4,1.3111799665103105
CAD,2,0.0,27,16,0.7918186130987829
CAD,2,1.0,37,14,0.837792661053053
CAD,2,2.0,13,9,1.0937770168508854
CAD,2,3.0,23,13,0.7683255026723399
CAD,2,4.0,47,20,0.7651115561430359
CAD,3,0.0,115,30,0.8454053251656338
CAD,3,1.0,149,29,0.805113982806593
CAD,3,2.0,86,33,0.8510472203860029
CAD,3,3.0,135,33,0.8996820585522549
CAD,3,4.0,178,32,0.7550176104109902
CAD,4-6,0.0,1595,38,0.8629721549425041
CAD,4-6,1.0,1928,33,0.8344823570778757
CAD,4-6,2.0,985,38,0.8897766569141408
CAD,4-6,3.0,1810,39,0.9382430368147322
CAD,4-6,4.0,2578,41,0.8669554068404097
Neuro-2a,1,1.0,6,4,0.9205802069417164
Neuro-2a,1,2.0,1,1,0.20623697755982712
Neuro-2a,1,3.0,2,2,2.861706134257486
Neuro-2a,1,4.0,4,4,1.3063753075182511
Neuro-2a,2,0.0,27,16,0.8907359654462612
Neuro-2a,2,1.0,37,14,1.2185589415951543
Neuro-2a,2,2.0,13,9,0.6225348572837269
Neuro-2a,2,3.0,23,13,0.8759618553845955
Neuro-2a,2,4.0,47,20,0.582486964335216
Neuro-2a,3,0.0,115,30,0.7291985485569753
Neuro-2a,3,1.0,149,29,0.6447773478811984
Neuro-2a,3,2.0,86,33,0.6447607127453765
Neuro-2a,3,3.0,135,33,0.8555421468467582
Neuro-2a,3,4.0,178,32,0.8517449300431453
Neuro-2a,4-6,0.0,1595,38,0.704635452413185
Neuro-2a,4-6,1.0,1928,33,0.7019572890642278
Neuro-2a,4-6,2.0,985,38,0.748153453873252
Neuro-2a,4-6,3.0,1810,39,0.7907438847519527
Neuro-2a,4-6,4.0,2578,41,0.7355680257082471
