dataset,paper,DOI,accession,URL,file,checksum,size,downloaded,organism,cell type,assay,public status,license,raw/processed,notes
Mikl,Systematic analysis of RNA localization elements,10.1093/nar/gkac806,GSE173098,https://ftp.ncbi.nlm.nih.gov/geo/series/GSE173nnn/GSE173098/suppl/GSE173098_RNAloc_MPRA_counts.csv.gz,data/raw/mikl_gse173098/GSE173098_RNAloc_MPRA_counts.csv.gz,sha256:809e4d3f286edd3373ebf2dfb3b93a658179a83eac85007a04ad381612f44d99,2327697,yes,Mus musculus,CAD and Neuro-2a neuronal cell lines,RNA localization MPRA,public,GEO terms; article CC BY,processed,"Raw per-replicate compartment counts for 47,989 library sequences."
Mikl,Systematic analysis of RNA localization elements,10.1093/nar/gkac806,GSE173098,https://pmc.ncbi.nlm.nih.gov/articles/PMC9561380/bin/gkac806_supplemental_files.zip,data/raw/mikl_gse173098/supplementary/gkac806_supplemental_files.zip,sha256:20254fcc65b10b81370e3a2f3903ec72153f303aebc3de50888d95f1a76b90df,16116656,yes,Mus musculus,CAD and Neuro-2a neuronal cell lines,RNA localization MPRA and ActD stability,public,CC BY,processed,"Supplementary tables, including analyzed construct-level outcomes and full library sequences."
N-zip,Massively parallel functional dissection of 3' UTRs in neurons,10.1038/s41593-022-01243-x,E-MTAB-10902; E-MTAB-11572; E-MTAB-11575,https://pmc.ncbi.nlm.nih.gov/articles/PMC9991926/bin/41593_2022_1243_MOESM2_ESM.xlsx,data/raw/nzip/supplementary/41593_2022_1243_MOESM2_ESM.xlsx,sha256:15560b562c86c3d8fea8611154c4b0504a9528051b6038c19ff96bb47cd9fec9,7203866,yes,Mus musculus,primary cortical neurons,"neurite/soma MPRA, knockdown MPRA and SLAM-seq",public,CC BY,processed,Initial library and mutagenesis library sequence/outcome tables.
N-zip,Massively parallel functional dissection of 3' UTRs in neurons,10.1038/s41593-022-01243-x,E-MTAB-10902,https://www.ebi.ac.uk/biostudies/files/E-MTAB-10902/E-MTAB-10902.sdrf.txt,data/raw/nzip/E-MTAB-10902.sdrf.txt,sha256:553a395eda9f892cd0372cfd500ea0487546bcd3fdc29213324149cc77b2372e,159790,yes,Mus musculus,primary cortical neurons,neurite/soma MPRA,public,BioStudies record,metadata,Public sample and raw-file metadata; processed workbook is sufficient for tuple reconstruction.
N-zip,Massively parallel functional dissection of 3' UTRs in neurons,10.1038/s41593-022-01243-x,E-MTAB-11572,https://www.ebi.ac.uk/biostudies/files/E-MTAB-11572/E-MTAB-11572.sdrf.txt,data/raw/nzip/E-MTAB-11572.sdrf.txt,sha256:565f7fb0ac567eb0b1ecbf643176fb88325096c1e7c4d334d319870e00af7a5a,8103,yes,Mus musculus,primary cortical neurons,compartment RNA-seq after degradation-machinery perturbation,public,BioStudies record,metadata,Public sample and raw-file metadata.
N-zip,Massively parallel functional dissection of 3' UTRs in neurons,10.1038/s41593-022-01243-x,E-MTAB-11575,https://www.ebi.ac.uk/biostudies/files/E-MTAB-11575/E-MTAB-11575.sdrf.txt,data/raw/nzip/E-MTAB-11575.sdrf.txt,sha256:7d1216dc0e2b8463c4d0a2faa07874375833d411a53567b25cfcfae09e22c8b8,15715,yes,Mus musculus,primary cortical neurons,SLAM-seq after degradation-machinery perturbation,public,BioStudies record,metadata,Public sample and raw-file metadata.
Astrocyte SN-MPRA,Massively parallel dissection of RNA localization elements in vivo,10.1101/2026.04.27.721172,GSE330741,https://ftp.ncbi.nlm.nih.gov/geo/series/GSE330nnn/GSE330741/suppl/GSE330741_RAW.tar,data/raw/astrocyte_gse330741/GSE330741_RAW.tar,sha256:88c883f41530b485ccacd98b276e90c8955138e64d7d02babf1a7738bee25f1f,5304320,yes,Mus musculus,adult astrocytes in vivo,AAV SN-MPRA with synaptoneurosome and TRAP fractions,public,GEO terms; preprint,processed counts,Complete GEO count-file archive; outcome values remain quarantined.
Astrocyte SN-MPRA,Massively parallel dissection of RNA localization elements in vivo,10.1101/2026.04.27.721172,GSE330741,https://pmc.ncbi.nlm.nih.gov/articles/PMC13142395/bin/media-1.xlsx,data/raw/astrocyte_gse330741/supplementary/media-1.xlsx,sha256:1d17c0631fc962b762dddf3f27f76494dadf882f28a0154b5af76dbedd57c3f6,5579342,yes,Mus musculus,adult astrocytes in vivo,AAV SN-MPRA with synaptoneurosome and TRAP fractions,public,preprint,processed,Design and result workbook; SHA-locked before model development.
Astrocyte SN-MPRA,Massively parallel dissection of RNA localization elements in vivo,10.1101/2026.04.27.721172,GSE330741,https://github.com/Dougherty-Lab/astrocyte_sn-mpra,data/raw/astrocyte_gse330741/code@94651f5ffc19d818c194bc4f56d3e5f2459349cc,git:94651f5ffc19d818c194bc4f56d3e5f2459349cc,directory,yes,Mus musculus,adult astrocytes in vivo,AAV SN-MPRA,public,repository terms,code,Public analysis code pinned to an exact commit.
SRLE-seq,High-throughput Screening of Sequence Elements Associated with RNA Localization,10.34133/csbj.0107,HRA016642,https://pmc.ncbi.nlm.nih.gov/articles/PMC13191086/bin/csbj.0107.f1.zip,data/raw/srle_seq/supplementary/csbj.0107.f1.zip,sha256:96f78de5943d4903a3c1e8edcdb490315db3172c1909d61538fc17a58f384b69,5407225,yes,Homo sapiens,HEK293T,fixed-backbone nuclear/cytoplasmic gain-of-function screen,public,CC BY-NC-ND,processed,"Supplementary tables include the complete 4,096 6-mer screen."
SRLE-seq,High-throughput Screening of Sequence Elements Associated with RNA Localization,10.34133/csbj.0107,HRA016642,https://download.cncb.ac.cn/gsa-human/HRA016642/Rawdata/md5sum.txt,data/raw/srle_seq/md5sum.txt,sha256:5020ececf7d0d55b763542664b46ac5fb1bdb6579782da4ef72fdb14521461e7,4500,yes,Homo sapiens,HEK293T,SRLE-seq,public,GSA-Human controlled terms,raw checksums,Checksums for 60 public FASTQ files; FASTQs intentionally deferred because processed tables satisfy Phase E.
SRLE-seq,High-throughput Screening of Sequence Elements Associated with RNA Localization,10.34133/csbj.0107,HRA016642,https://github.com/lysovosyl/SRLE-seq,data/raw/srle_seq/code@a65b8d3d26258647d41611cf1656c08ea34e9196,git:a65b8d3d26258647d41611cf1656c08ea34e9196,directory,yes,Homo sapiens,HEK293T,SRLE-seq,public,repository terms,code,Public processing and prediction code pinned to an exact commit.
Arora,A massively parallel reporter assay of 3' UTR sequence effects,10.1093/nar/gkac763,GSE183192,https://pmc.ncbi.nlm.nih.gov/articles/PMC9561290/bin/gkac763_supplemental_files.zip,data/raw/arora_gse183192/supplementary/gkac763_supplemental_files.zip,sha256:5c2ef29d3890ce9370e3c77c6ef03f8ebaf0c7077f6cae4a430cf7c9327f15a9,15190198,yes,Mus musculus,neuronal cells,3' UTR MPRA,public,CC BY,processed,Optional forward-model development source; not an intervention benchmark.
Moffatt 2026 candidate lock,Robust mammalian RNA localization elements are complex and multipartite,10.64898/2026.06.09.731215,GSE334718; PRJNA1476227,https://ftp.ncbi.nlm.nih.gov/geo/series/GSE334nnn/GSE334718/suppl/GSE334718_RAW.tar,data/raw/moffatt_gse334718/GSE334718_RAW.tar,sha256:abc6e571ed68833e3fb0c0028209303a0f468347ac5f6efbeffd788c35c7ade1,12697600,yes,Mus musculus,CAD neuronal cells,"neurite/soma MPRA across mutation, necessity, SHAPE, shuffle and sufficiency libraries",public,GEO terms; preprint CC BY-NC-ND,sealed processed counts,Downloaded and SHA-frozen during v3 Phase 1; archive not opened and outcomes not inspected. Exact parent-mutant reconstruction remains unverified.
