block,estimator,target,source,weighted_oof_r2,rows,status
geometry,ridge,M1,equal_source_pooled,0.7519844703678218,93208,"exploratory prediction reconstruction, not causal attribution"
geometry,ridge,M1,mikl_gse173098,0.05544024233113509,23616,"exploratory prediction reconstruction, not causal attribution"
geometry,ridge,M1,moffatt_gse334718,0.7340541118801431,65026,"exploratory prediction reconstruction, not causal attribution"
geometry,ridge,M1,tdp43_gse288185,0.8461732267588575,4566,"exploratory prediction reconstruction, not causal attribution"
geometry,ridge,M2,equal_source_pooled,0.7425701672419849,93208,"exploratory prediction reconstruction, not causal attribution"
geometry,ridge,M2,mikl_gse173098,0.04258218507848255,23616,"exploratory prediction reconstruction, not causal attribution"
geometry,ridge,M2,moffatt_gse334718,0.7091252236187846,65026,"exploratory prediction reconstruction, not causal attribution"
geometry,ridge,M2,tdp43_gse288185,0.8479931925268117,4566,"exploratory prediction reconstruction, not causal attribution"
geometry,ridge,M3,equal_source_pooled,-0.256613993594873,93208,"exploratory prediction reconstruction, not causal attribution"
geometry,ridge,M3,mikl_gse173098,-0.15551679498544368,23616,"exploratory prediction reconstruction, not causal attribution"
geometry,ridge,M3,moffatt_gse334718,-0.9336859628755958,65026,"exploratory prediction reconstruction, not causal attribution"
geometry,ridge,M3,tdp43_gse288185,0.4766207200693713,4566,"exploratory prediction reconstruction, not causal attribution"
geometry,ridge,M1_M2_M3_nested_selected,equal_source_pooled,-0.26690744063128724,93208,"exploratory prediction reconstruction, not causal attribution"
geometry,ridge,M1_M2_M3_nested_selected,mikl_gse173098,-0.3043279192275743,23616,"exploratory prediction reconstruction, not causal attribution"
geometry,ridge,M1_M2_M3_nested_selected,moffatt_gse334718,-0.4218504827776579,65026,"exploratory prediction reconstruction, not causal attribution"
geometry,ridge,M1_M2_M3_nested_selected,tdp43_gse288185,0.13452142982488158,4566,"exploratory prediction reconstruction, not causal attribution"
geometry,forest,M1,equal_source_pooled,0.5087927647946868,93208,"exploratory prediction reconstruction, not causal attribution"
geometry,forest,M1,mikl_gse173098,-0.03130995515779067,23616,"exploratory prediction reconstruction, not causal attribution"
geometry,forest,M1,moffatt_gse334718,0.3267190737554633,65026,"exploratory prediction reconstruction, not causal attribution"
geometry,forest,M1,tdp43_gse288185,0.708143946295396,4566,"exploratory prediction reconstruction, not causal attribution"
geometry,forest,M2,equal_source_pooled,0.50757341323853,93208,"exploratory prediction reconstruction, not causal attribution"
geometry,forest,M2,mikl_gse173098,-0.022155251854726332,23616,"exploratory prediction reconstruction, not causal attribution"
geometry,forest,M2,moffatt_gse334718,0.3141202611195806,65026,"exploratory prediction reconstruction, not causal attribution"
geometry,forest,M2,tdp43_gse288185,0.7142976069012464,4566,"exploratory prediction reconstruction, not causal attribution"
geometry,forest,M3,equal_source_pooled,0.07448782095471551,93208,"exploratory prediction reconstruction, not causal attribution"
geometry,forest,M3,mikl_gse173098,-0.12671081866869738,23616,"exploratory prediction reconstruction, not causal attribution"
geometry,forest,M3,moffatt_gse334718,-0.20821422741403817,65026,"exploratory prediction reconstruction, not causal attribution"
geometry,forest,M3,tdp43_gse288185,0.48805785201361984,4566,"exploratory prediction reconstruction, not causal attribution"
geometry,forest,M1_M2_M3_nested_selected,equal_source_pooled,-0.09036849531850133,93208,"exploratory prediction reconstruction, not causal attribution"
geometry,forest,M1_M2_M3_nested_selected,mikl_gse173098,-0.28080904340038604,23616,"exploratory prediction reconstruction, not causal attribution"
geometry,forest,M1_M2_M3_nested_selected,moffatt_gse334718,-0.11554764804901718,65026,"exploratory prediction reconstruction, not causal attribution"
geometry,forest,M1_M2_M3_nested_selected,tdp43_gse288185,0.18707764301199836,4566,"exploratory prediction reconstruction, not causal attribution"
size_class,ridge,M1,equal_source_pooled,0.6692523005888493,93208,"exploratory prediction reconstruction, not causal attribution"
size_class,ridge,M1,mikl_gse173098,-0.07495051546563114,23616,"exploratory prediction reconstruction, not causal attribution"
size_class,ridge,M1,moffatt_gse334718,0.64553340347357,65026,"exploratory prediction reconstruction, not causal attribution"
size_class,ridge,M1,tdp43_gse288185,0.7723501921595631,4566,"exploratory prediction reconstruction, not causal attribution"
size_class,ridge,M2,equal_source_pooled,0.6506340647148763,93208,"exploratory prediction reconstruction, not causal attribution"
size_class,ridge,M2,mikl_gse173098,-0.08521365839870909,23616,"exploratory prediction reconstruction, not causal attribution"
size_class,ridge,M2,moffatt_gse334718,0.5998838548502943,65026,"exploratory prediction reconstruction, not causal attribution"
size_class,ridge,M2,tdp43_gse288185,0.7721656768125023,4566,"exploratory prediction reconstruction, not causal attribution"
size_class,ridge,M3,equal_source_pooled,-0.31434896864990236,93208,"exploratory prediction reconstruction, not causal attribution"
size_class,ridge,M3,mikl_gse173098,-0.21330499393989633,23616,"exploratory prediction reconstruction, not causal attribution"
size_class,ridge,M3,moffatt_gse334718,-1.0646193393686163,65026,"exploratory prediction reconstruction, not causal attribution"
size_class,ridge,M3,tdp43_gse288185,0.5101032663637222,4566,"exploratory prediction reconstruction, not causal attribution"
size_class,ridge,M1_M2_M3_nested_selected,equal_source_pooled,-0.30301959790784094,93208,"exploratory prediction reconstruction, not causal attribution"
size_class,ridge,M1_M2_M3_nested_selected,mikl_gse173098,-0.30604041815018923,23616,"exploratory prediction reconstruction, not causal attribution"
size_class,ridge,M1_M2_M3_nested_selected,moffatt_gse334718,-0.4932671185762971,65026,"exploratory prediction reconstruction, not causal attribution"
size_class,ridge,M1_M2_M3_nested_selected,tdp43_gse288185,0.16370492324257047,4566,"exploratory prediction reconstruction, not causal attribution"
size_class,forest,M1,equal_source_pooled,0.5481012673429065,93208,"exploratory prediction reconstruction, not causal attribution"
size_class,forest,M1,mikl_gse173098,-0.02156647922535848,23616,"exploratory prediction reconstruction, not causal attribution"
size_class,forest,M1,moffatt_gse334718,0.5666268661545298,65026,"exploratory prediction reconstruction, not causal attribution"
size_class,forest,M1,tdp43_gse288185,0.5950646907053082,4566,"exploratory prediction reconstruction, not causal attribution"
size_class,forest,M2,equal_source_pooled,0.5383513297189084,93208,"exploratory prediction reconstruction, not causal attribution"
size_class,forest,M2,mikl_gse173098,-0.018035714560391325,23616,"exploratory prediction reconstruction, not causal attribution"
size_class,forest,M2,moffatt_gse334718,0.5359695089563974,65026,"exploratory prediction reconstruction, not causal attribution"
size_class,forest,M2,tdp43_gse288185,0.5976399426835981,4566,"exploratory prediction reconstruction, not causal attribution"
size_class,forest,M3,equal_source_pooled,-0.17377826714076217,93208,"exploratory prediction reconstruction, not causal attribution"
size_class,forest,M3,mikl_gse173098,-0.17718507586117926,23616,"exploratory prediction reconstruction, not causal attribution"
size_class,forest,M3,moffatt_gse334718,-0.679555982777589,65026,"exploratory prediction reconstruction, not causal attribution"
size_class,forest,M3,tdp43_gse288185,0.40102660388508127,4566,"exploratory prediction reconstruction, not causal attribution"
size_class,forest,M1_M2_M3_nested_selected,equal_source_pooled,-0.19962625406770207,93208,"exploratory prediction reconstruction, not causal attribution"
size_class,forest,M1_M2_M3_nested_selected,mikl_gse173098,-0.2983437196190428,23616,"exploratory prediction reconstruction, not causal attribution"
size_class,forest,M1_M2_M3_nested_selected,moffatt_gse334718,-0.30677252903113295,65026,"exploratory prediction reconstruction, not causal attribution"
size_class,forest,M1_M2_M3_nested_selected,tdp43_gse288185,0.1747406904693023,4566,"exploratory prediction reconstruction, not causal attribution"
composition_location,ridge,M1,equal_source_pooled,0.4315575240873428,93208,"exploratory prediction reconstruction, not causal attribution"
composition_location,ridge,M1,mikl_gse173098,-0.3949140202103574,23616,"exploratory prediction reconstruction, not causal attribution"
composition_location,ridge,M1,moffatt_gse334718,0.10916231219884631,65026,"exploratory prediction reconstruction, not causal attribution"
composition_location,ridge,M1,tdp43_gse288185,0.7738487414956803,4566,"exploratory prediction reconstruction, not causal attribution"
composition_location,ridge,M2,equal_source_pooled,0.43006687172575797,93208,"exploratory prediction reconstruction, not causal attribution"
composition_location,ridge,M2,mikl_gse173098,-0.38280086761578214,23616,"exploratory prediction reconstruction, not causal attribution"
composition_location,ridge,M2,moffatt_gse334718,0.10430893233759186,65026,"exploratory prediction reconstruction, not causal attribution"
composition_location,ridge,M2,tdp43_gse288185,0.774031882373947,4566,"exploratory prediction reconstruction, not causal attribution"
composition_location,ridge,M3,equal_source_pooled,0.11056005208522124,93208,"exploratory prediction reconstruction, not causal attribution"
composition_location,ridge,M3,mikl_gse173098,-0.2244996893833211,23616,"exploratory prediction reconstruction, not causal attribution"
composition_location,ridge,M3,moffatt_gse334718,0.04210520941712548,65026,"exploratory prediction reconstruction, not causal attribution"
composition_location,ridge,M3,tdp43_gse288185,0.32276267970165573,4566,"exploratory prediction reconstruction, not causal attribution"
composition_location,ridge,M1_M2_M3_nested_selected,equal_source_pooled,-0.05276576310149017,93208,"exploratory prediction reconstruction, not causal attribution"
composition_location,ridge,M1_M2_M3_nested_selected,mikl_gse173098,-0.21580114320860044,23616,"exploratory prediction reconstruction, not causal attribution"
composition_location,ridge,M1_M2_M3_nested_selected,moffatt_gse334718,-0.05079075048654835,65026,"exploratory prediction reconstruction, not causal attribution"
composition_location,ridge,M1_M2_M3_nested_selected,tdp43_gse288185,-0.011473450994408996,4566,"exploratory prediction reconstruction, not causal attribution"
composition_location,forest,M1,equal_source_pooled,0.422344129986439,93208,"exploratory prediction reconstruction, not causal attribution"
composition_location,forest,M1,mikl_gse173098,-0.028881093026448923,23616,"exploratory prediction reconstruction, not causal attribution"
composition_location,forest,M1,moffatt_gse334718,0.08520204595681458,65026,"exploratory prediction reconstruction, not causal attribution"
composition_location,forest,M1,tdp43_gse288185,0.7305666822223731,4566,"exploratory prediction reconstruction, not causal attribution"
composition_location,forest,M2,equal_source_pooled,0.4202612510652851,93208,"exploratory prediction reconstruction, not causal attribution"
composition_location,forest,M2,mikl_gse173098,-0.02458807815070041,23616,"exploratory prediction reconstruction, not causal attribution"
composition_location,forest,M2,moffatt_gse334718,0.07529879288107033,65026,"exploratory prediction reconstruction, not causal attribution"
composition_location,forest,M2,tdp43_gse288185,0.734910014794653,4566,"exploratory prediction reconstruction, not causal attribution"
composition_location,forest,M3,equal_source_pooled,0.11701774753266281,93208,"exploratory prediction reconstruction, not causal attribution"
composition_location,forest,M3,mikl_gse173098,-0.13856777258622,23616,"exploratory prediction reconstruction, not causal attribution"
composition_location,forest,M3,moffatt_gse334718,-0.043032239268890216,65026,"exploratory prediction reconstruction, not causal attribution"
composition_location,forest,M3,tdp43_gse288185,0.40440304896428536,4566,"exploratory prediction reconstruction, not causal attribution"
composition_location,forest,M1_M2_M3_nested_selected,equal_source_pooled,-0.08276925950695047,93208,"exploratory prediction reconstruction, not causal attribution"
composition_location,forest,M1_M2_M3_nested_selected,mikl_gse173098,-0.27055760351012537,23616,"exploratory prediction reconstruction, not causal attribution"
composition_location,forest,M1_M2_M3_nested_selected,moffatt_gse334718,-0.08831293041736088,65026,"exploratory prediction reconstruction, not causal attribution"
composition_location,forest,M1_M2_M3_nested_selected,tdp43_gse288185,0.07495690337642702,4566,"exploratory prediction reconstruction, not causal attribution"
absolute_parent_rbp,ridge,M1,equal_source_pooled,0.3099125743451653,93208,"exploratory prediction reconstruction, not causal attribution"
absolute_parent_rbp,ridge,M1,mikl_gse173098,-0.3572630171844182,23616,"exploratory prediction reconstruction, not causal attribution"
absolute_parent_rbp,ridge,M1,moffatt_gse334718,0.037655882442053756,65026,"exploratory prediction reconstruction, not causal attribution"
absolute_parent_rbp,ridge,M1,tdp43_gse288185,0.5917425456714737,4566,"exploratory prediction reconstruction, not causal attribution"
absolute_parent_rbp,ridge,M2,equal_source_pooled,0.3265064787909411,93208,"exploratory prediction reconstruction, not causal attribution"
absolute_parent_rbp,ridge,M2,mikl_gse173098,-0.36012462691191627,23616,"exploratory prediction reconstruction, not causal attribution"
absolute_parent_rbp,ridge,M2,moffatt_gse334718,0.07737412009612488,65026,"exploratory prediction reconstruction, not causal attribution"
absolute_parent_rbp,ridge,M2,tdp43_gse288185,0.5924458917022879,4566,"exploratory prediction reconstruction, not causal attribution"
absolute_parent_rbp,ridge,M3,equal_source_pooled,0.053446870095378296,93208,"exploratory prediction reconstruction, not causal attribution"
absolute_parent_rbp,ridge,M3,mikl_gse173098,-0.2118026215734694,23616,"exploratory prediction reconstruction, not causal attribution"
absolute_parent_rbp,ridge,M3,moffatt_gse334718,-0.2007437574703843,65026,"exploratory prediction reconstruction, not causal attribution"
absolute_parent_rbp,ridge,M3,tdp43_gse288185,0.46433646878276946,4566,"exploratory prediction reconstruction, not causal attribution"
absolute_parent_rbp,ridge,M1_M2_M3_nested_selected,equal_source_pooled,-0.1881125712085976,93208,"exploratory prediction reconstruction, not causal attribution"
absolute_parent_rbp,ridge,M1_M2_M3_nested_selected,mikl_gse173098,-0.45348413799253096,23616,"exploratory prediction reconstruction, not causal attribution"
absolute_parent_rbp,ridge,M1_M2_M3_nested_selected,moffatt_gse334718,-0.08385542834565007,65026,"exploratory prediction reconstruction, not causal attribution"
absolute_parent_rbp,ridge,M1_M2_M3_nested_selected,tdp43_gse288185,-0.4461460959898431,4566,"exploratory prediction reconstruction, not causal attribution"
absolute_parent_rbp,forest,M1,equal_source_pooled,0.2864699468176237,93208,"exploratory prediction reconstruction, not causal attribution"
absolute_parent_rbp,forest,M1,mikl_gse173098,-0.08974350204730697,23616,"exploratory prediction reconstruction, not causal attribution"
absolute_parent_rbp,forest,M1,moffatt_gse334718,0.045866266402928346,65026,"exploratory prediction reconstruction, not causal attribution"
absolute_parent_rbp,forest,M1,tdp43_gse288185,0.5079698443671646,4566,"exploratory prediction reconstruction, not causal attribution"
absolute_parent_rbp,forest,M2,equal_source_pooled,0.2849620778840033,93208,"exploratory prediction reconstruction, not causal attribution"
absolute_parent_rbp,forest,M2,mikl_gse173098,-0.09216996881835682,23616,"exploratory prediction reconstruction, not causal attribution"
absolute_parent_rbp,forest,M2,moffatt_gse334718,0.03244616175672277,65026,"exploratory prediction reconstruction, not causal attribution"
absolute_parent_rbp,forest,M2,tdp43_gse288185,0.5154457138969926,4566,"exploratory prediction reconstruction, not causal attribution"
absolute_parent_rbp,forest,M3,equal_source_pooled,0.1666540292747123,93208,"exploratory prediction reconstruction, not causal attribution"
absolute_parent_rbp,forest,M3,mikl_gse173098,-0.15508696172488579,23616,"exploratory prediction reconstruction, not causal attribution"
absolute_parent_rbp,forest,M3,moffatt_gse334718,0.06924329196588785,65026,"exploratory prediction reconstruction, not causal attribution"
absolute_parent_rbp,forest,M3,tdp43_gse288185,0.413258178879118,4566,"exploratory prediction reconstruction, not causal attribution"
absolute_parent_rbp,forest,M1_M2_M3_nested_selected,equal_source_pooled,-0.04288940009220421,93208,"exploratory prediction reconstruction, not causal attribution"
absolute_parent_rbp,forest,M1_M2_M3_nested_selected,mikl_gse173098,-0.23210841215932287,23616,"exploratory prediction reconstruction, not causal attribution"
absolute_parent_rbp,forest,M1_M2_M3_nested_selected,moffatt_gse334718,-0.04617910789050361,65026,"exploratory prediction reconstruction, not causal attribution"
absolute_parent_rbp,forest,M1_M2_M3_nested_selected,tdp43_gse288185,0.12668814141446982,4566,"exploratory prediction reconstruction, not causal attribution"
delta_rbp,ridge,M1,equal_source_pooled,0.3786185988774349,93208,"exploratory prediction reconstruction, not causal attribution"
delta_rbp,ridge,M1,mikl_gse173098,-0.2159522851475757,23616,"exploratory prediction reconstruction, not causal attribution"
delta_rbp,ridge,M1,moffatt_gse334718,0.03540293419540985,65026,"exploratory prediction reconstruction, not causal attribution"
delta_rbp,ridge,M1,tdp43_gse288185,0.7082078514182821,4566,"exploratory prediction reconstruction, not causal attribution"
delta_rbp,ridge,M2,equal_source_pooled,0.3853994236877676,93208,"exploratory prediction reconstruction, not causal attribution"
delta_rbp,ridge,M2,mikl_gse173098,-0.19008545240577512,23616,"exploratory prediction reconstruction, not causal attribution"
delta_rbp,ridge,M2,moffatt_gse334718,0.05315822241799317,65026,"exploratory prediction reconstruction, not causal attribution"
delta_rbp,ridge,M2,tdp43_gse288185,0.7049824736074539,4566,"exploratory prediction reconstruction, not causal attribution"
delta_rbp,ridge,M3,equal_source_pooled,-0.3567085328333348,93208,"exploratory prediction reconstruction, not causal attribution"
delta_rbp,ridge,M3,mikl_gse173098,-0.16194822014673727,23616,"exploratory prediction reconstruction, not causal attribution"
delta_rbp,ridge,M3,moffatt_gse334718,-1.1765901327551576,65026,"exploratory prediction reconstruction, not causal attribution"
delta_rbp,ridge,M3,tdp43_gse288185,0.5026407123578657,4566,"exploratory prediction reconstruction, not causal attribution"
delta_rbp,ridge,M1_M2_M3_nested_selected,equal_source_pooled,-0.1910655315595735,93208,"exploratory prediction reconstruction, not causal attribution"
delta_rbp,ridge,M1_M2_M3_nested_selected,mikl_gse173098,-0.40016327277150454,23616,"exploratory prediction reconstruction, not causal attribution"
delta_rbp,ridge,M1_M2_M3_nested_selected,moffatt_gse334718,-0.13364836130921387,65026,"exploratory prediction reconstruction, not causal attribution"
delta_rbp,ridge,M1_M2_M3_nested_selected,tdp43_gse288185,-0.3777310015853621,4566,"exploratory prediction reconstruction, not causal attribution"
delta_rbp,forest,M1,equal_source_pooled,0.41797534943073766,93208,"exploratory prediction reconstruction, not causal attribution"
delta_rbp,forest,M1,mikl_gse173098,-0.046840232974166396,23616,"exploratory prediction reconstruction, not causal attribution"
delta_rbp,forest,M1,moffatt_gse334718,0.220389365770281,65026,"exploratory prediction reconstruction, not causal attribution"
delta_rbp,forest,M1,tdp43_gse288185,0.6188085016870869,4566,"exploratory prediction reconstruction, not causal attribution"
delta_rbp,forest,M2,equal_source_pooled,0.42379473478248364,93208,"exploratory prediction reconstruction, not causal attribution"
delta_rbp,forest,M2,mikl_gse173098,-0.04114897094719394,23616,"exploratory prediction reconstruction, not causal attribution"
delta_rbp,forest,M2,moffatt_gse334718,0.22142280178425633,65026,"exploratory prediction reconstruction, not causal attribution"
delta_rbp,forest,M2,tdp43_gse288185,0.62803692987718,4566,"exploratory prediction reconstruction, not causal attribution"
delta_rbp,forest,M3,equal_source_pooled,0.2512529886180821,93208,"exploratory prediction reconstruction, not causal attribution"
delta_rbp,forest,M3,mikl_gse173098,-0.1021456933988596,23616,"exploratory prediction reconstruction, not causal attribution"
delta_rbp,forest,M3,moffatt_gse334718,0.10584100398155738,65026,"exploratory prediction reconstruction, not causal attribution"
delta_rbp,forest,M3,tdp43_gse288185,0.5845119798988474,4566,"exploratory prediction reconstruction, not causal attribution"
delta_rbp,forest,M1_M2_M3_nested_selected,equal_source_pooled,-0.032623719723600564,93208,"exploratory prediction reconstruction, not causal attribution"
delta_rbp,forest,M1_M2_M3_nested_selected,mikl_gse173098,-0.21030681941593077,23616,"exploratory prediction reconstruction, not causal attribution"
delta_rbp,forest,M1_M2_M3_nested_selected,moffatt_gse334718,-0.042919906844357314,65026,"exploratory prediction reconstruction, not causal attribution"
delta_rbp,forest,M1_M2_M3_nested_selected,tdp43_gse288185,0.14191963443126754,4566,"exploratory prediction reconstruction, not causal attribution"
geometry_delta_rbp,ridge,M1,equal_source_pooled,0.5952918492817308,93208,"exploratory prediction reconstruction, not causal attribution"
geometry_delta_rbp,ridge,M1,mikl_gse173098,0.2213061789130808,23616,"exploratory prediction reconstruction, not causal attribution"
geometry_delta_rbp,ridge,M1,moffatt_gse334718,0.44383525600775753,65026,"exploratory prediction reconstruction, not causal attribution"
geometry_delta_rbp,ridge,M1,tdp43_gse288185,0.752070139477731,4566,"exploratory prediction reconstruction, not causal attribution"
geometry_delta_rbp,ridge,M2,equal_source_pooled,0.5857258285532598,93208,"exploratory prediction reconstruction, not causal attribution"
geometry_delta_rbp,ridge,M2,mikl_gse173098,0.22186244670053523,23616,"exploratory prediction reconstruction, not causal attribution"
geometry_delta_rbp,ridge,M2,moffatt_gse334718,0.4218799608428567,65026,"exploratory prediction reconstruction, not causal attribution"
geometry_delta_rbp,ridge,M2,tdp43_gse288185,0.7506586547604217,4566,"exploratory prediction reconstruction, not causal attribution"
geometry_delta_rbp,ridge,M3,equal_source_pooled,-0.3628127626777895,93208,"exploratory prediction reconstruction, not causal attribution"
geometry_delta_rbp,ridge,M3,mikl_gse173098,-0.1472934146435958,23616,"exploratory prediction reconstruction, not causal attribution"
geometry_delta_rbp,ridge,M3,moffatt_gse334718,-1.226994310798752,65026,"exploratory prediction reconstruction, not causal attribution"
geometry_delta_rbp,ridge,M3,tdp43_gse288185,0.5421678227219071,4566,"exploratory prediction reconstruction, not causal attribution"
geometry_delta_rbp,ridge,M1_M2_M3_nested_selected,equal_source_pooled,-0.20086399747243444,93208,"exploratory prediction reconstruction, not causal attribution"
geometry_delta_rbp,ridge,M1_M2_M3_nested_selected,mikl_gse173098,-0.41317573391591456,23616,"exploratory prediction reconstruction, not causal attribution"
geometry_delta_rbp,ridge,M1_M2_M3_nested_selected,moffatt_gse334718,-0.16423148901065154,65026,"exploratory prediction reconstruction, not causal attribution"
geometry_delta_rbp,ridge,M1_M2_M3_nested_selected,tdp43_gse288185,-0.2602370497139097,4566,"exploratory prediction reconstruction, not causal attribution"
geometry_delta_rbp,forest,M1,equal_source_pooled,0.4237769072255363,93208,"exploratory prediction reconstruction, not causal attribution"
geometry_delta_rbp,forest,M1,mikl_gse173098,-0.02233093070261405,23616,"exploratory prediction reconstruction, not causal attribution"
geometry_delta_rbp,forest,M1,moffatt_gse334718,0.18792466036844246,65026,"exploratory prediction reconstruction, not causal attribution"
geometry_delta_rbp,forest,M1,tdp43_gse288185,0.6523193197979953,4566,"exploratory prediction reconstruction, not causal attribution"
geometry_delta_rbp,forest,M2,equal_source_pooled,0.42884054595360244,93208,"exploratory prediction reconstruction, not causal attribution"
geometry_delta_rbp,forest,M2,mikl_gse173098,-0.01417938498467386,23616,"exploratory prediction reconstruction, not causal attribution"
geometry_delta_rbp,forest,M2,moffatt_gse334718,0.18716604958465854,65026,"exploratory prediction reconstruction, not causal attribution"
geometry_delta_rbp,forest,M2,tdp43_gse288185,0.6616663843529271,4566,"exploratory prediction reconstruction, not causal attribution"
geometry_delta_rbp,forest,M3,equal_source_pooled,0.2504115526924009,93208,"exploratory prediction reconstruction, not causal attribution"
geometry_delta_rbp,forest,M3,mikl_gse173098,-0.15943751112276416,23616,"exploratory prediction reconstruction, not causal attribution"
geometry_delta_rbp,forest,M3,moffatt_gse334718,0.1166105146297517,65026,"exploratory prediction reconstruction, not causal attribution"
geometry_delta_rbp,forest,M3,tdp43_gse288185,0.6002408909933445,4566,"exploratory prediction reconstruction, not causal attribution"
geometry_delta_rbp,forest,M1_M2_M3_nested_selected,equal_source_pooled,-0.04533788573322406,93208,"exploratory prediction reconstruction, not causal attribution"
geometry_delta_rbp,forest,M1_M2_M3_nested_selected,mikl_gse173098,-0.2617066175960898,23616,"exploratory prediction reconstruction, not causal attribution"
geometry_delta_rbp,forest,M1_M2_M3_nested_selected,moffatt_gse334718,-0.03857726498777403,65026,"exploratory prediction reconstruction, not causal attribution"
geometry_delta_rbp,forest,M1_M2_M3_nested_selected,tdp43_gse288185,0.16079944699479087,4566,"exploratory prediction reconstruction, not causal attribution"
