model,dataset,baseline,regret,regret_gain,avoidable_wrong,avoidable_wrong_worsening
delta2,astrocyte_gse330741,uniform,0.4922912065289416,0.007708793471058406,0.5208333333333333,0.02083333333333326
delta2,mikl_gse173098,composition,0.5224486478975446,-0.034975965631395545,0.196667208066866,0.01253163077752259
delta2,moffatt_gse334718,uniform,0.5492149973118269,-0.04921499731182688,0.5,0.0
delta2,srle,uniform,0.5228267123109455,-0.022826712310945463,0.2668918918918919,0.01097972972972977
hierarchical,astrocyte_gse330741,uniform,0.5342748716193522,-0.034274871619352165,0.5,0.0
hierarchical,mikl_gse173098,composition,0.5281834177877669,-0.0407107355216178,0.1995872577648059,0.015451680475462498
hierarchical,moffatt_gse334718,uniform,0.4852133532536016,0.014786646746398402,0.4583333333333333,-0.041666666666666685
hierarchical,srle,uniform,0.5240580201691205,-0.02405802016912051,0.2660472972972973,0.010135135135135198
interaction_10,astrocyte_gse330741,uniform,0.4786925239422007,0.021307476057799313,0.4791666666666666,-0.020833333333333426
interaction_10,mikl_gse173098,composition,0.4977718408064565,-0.010299158540307385,0.1866474203348546,0.0025118430455111918
interaction_10,moffatt_gse334718,uniform,0.4745309254259806,0.025469074574019424,0.3333333333333333,-0.16666666666666669
interaction_10,srle,uniform,0.530954319159433,-0.03095431915943303,0.2820945945945945,0.0261824324324324
interaction_25,astrocyte_gse330741,uniform,0.5322848283717174,-0.03228482837171742,0.4375,-0.0625
interaction_25,mikl_gse173098,composition,0.5105729907009696,-0.023100308434820527,0.2019647311735697,0.01782915388422629
interaction_25,moffatt_gse334718,uniform,0.4691327431134779,0.030867256886522088,0.4166666666666667,-0.08333333333333331
interaction_25,srle,uniform,0.5396797089001619,-0.039679708900161925,0.2787162162162162,0.022804054054054057
interaction_3,astrocyte_gse330741,uniform,0.4698716900787144,0.030128309921285623,0.5,0.0
interaction_3,mikl_gse173098,composition,0.5171843069281292,-0.02971162466198013,0.1981238986501657,0.013988321360822287
interaction_3,moffatt_gse334718,uniform,0.4485105424040504,0.051489457595949584,0.4166666666666667,-0.08333333333333331
interaction_3,srle,uniform,0.5173435416832495,-0.017343541683249475,0.2668918918918919,0.01097972972972977
interaction_50,astrocyte_gse330741,uniform,0.5258791770741217,-0.025879177074121684,0.4166666666666666,-0.08333333333333343
interaction_50,mikl_gse173098,composition,0.5139401222646657,-0.026467439998516584,0.1980618938776051,0.013926316588261684
interaction_50,moffatt_gse334718,uniform,0.4493083041117044,0.050691695888295585,0.4166666666666667,-0.08333333333333331
interaction_50,srle,uniform,0.5266882242216443,-0.026688224221644297,0.2753378378378378,0.019425675675675658
interaction_full,astrocyte_gse330741,uniform,0.5314973283968258,-0.03149732839682584,0.5,0.0
interaction_full,mikl_gse173098,composition,0.5332117865218146,-0.045739104255665464,0.2055946996541988,0.021459122364855393
interaction_full,moffatt_gse334718,uniform,0.4742928731791285,0.025707126820871506,0.4583333333333333,-0.041666666666666685
interaction_full,srle,uniform,0.5268380362736609,-0.02683803627366088,0.2753378378378378,0.019425675675675658
kmer123,astrocyte_gse330741,uniform,0.52683197813893,-0.026831978138930013,0.5625,0.0625
kmer123,mikl_gse173098,composition,0.5243482994113715,-0.03687561714522242,0.1927702897518749,0.008634712462531502
kmer123,moffatt_gse334718,uniform,0.5050445102931402,-0.005044510293140236,0.5416666666666666,0.04166666666666663
kmer123,srle,uniform,0.5258187605499193,-0.025818760549919273,0.2711148648648648,0.015202702702702686
meta_shrink,astrocyte_gse330741,uniform,0.5558499309560282,-0.05584993095602819,0.5625,0.0625
meta_shrink,mikl_gse173098,composition,0.5155354205317368,-0.02806273826558775,0.1953457620930851,0.011210184803741696
meta_shrink,moffatt_gse334718,uniform,0.4247157988321306,0.07528420116786938,0.4583333333333333,-0.041666666666666685
meta_shrink,srle,uniform,0.5350903663483382,-0.035090366348338176,0.2677364864864865,0.011824324324324398
