dataset,gene_transcript,aggregate_effect_sign_concordance,effect_spearman,pair_order_concordance,kendall_tau_b,supported_opposing_effect_fraction,supported_opposing_pair_fraction
mikl_gse173098,2810459m11rik,0.625,0.49999999999999994,0.75,0.5,1.0,1.0
mikl_gse173098,9130008f23rik,0.611111111111111,-0.5,0.27777777777777773,-0.4444444444444445,0.0,
mikl_gse173098,a630089n07rik,0.375,0.9999999999999999,1.0,1.0,,0.0
mikl_gse173098,abhd17a,0.75,0.0,0.5,0.0,0.0,
mikl_gse173098,abi1,0.5915555555555555,0.19942932498157728,0.5865079365079365,0.17284004018046267,0.2,0.2777777777777778
mikl_gse173098,aco2,0.6666666666666666,0.9999999999999999,1.0,1.0,,0.0
mikl_gse173098,acsm1,0.0,0.9999999999999999,1.0,1.0,,
mikl_gse173098,actb,0.5,0.0,0.5,0.0,,
mikl_gse173098,adamts18,0.611111111111111,0.06666666666666667,0.5333333333333333,0.06666666666666667,0.5,0.0
mikl_gse173098,adap2,0.6666666666666666,1.0,1.0,1.0,,
mikl_gse173098,agtrap,0.696969696969697,0.15454545454545454,0.5606060606060607,0.12121212121212123,0.3333333333333333,0.0
mikl_gse173098,ankef1,0.8333333333333334,-0.3333333333333333,0.3333333333333333,-0.3333333333333333,0.0,0.0
mikl_gse173098,aox3,0.6666666666666666,-0.5,0.3333333333333333,-0.33333333333333337,,
mikl_gse173098,aqp4,0.6111111111111112,-0.05555555555555555,0.48148148148148145,-0.03703703703703704,0.0,0.0
mikl_gse173098,arhgap31,0.5,-0.9999999999999999,0.0,-1.0,,
mikl_gse173098,arid2,0.564957264957265,0.15116841877055173,0.5873015873015873,0.17358533718474994,0.11538461538461539,0.20512820512820512
mikl_gse173098,arpc1b,0.49333333333333335,-1.1102230246251566e-17,0.4966666666666667,-0.006666666666666654,,
mikl_gse173098,atad2,0.0,-0.9999999999999999,0.0,-1.0,,
mikl_gse173098,bdnf,0.6428571428571429,0.33798357988655586,0.6589285714285714,0.3171310672669368,0.0,0.2916666666666667
mikl_gse173098,brsk1,0.8541666666666666,0.24285714285714288,0.575,0.15000000000000002,0.2222222222222222,0.25
mikl_gse173098,c130026i21rik,0.5,-0.375,0.3333333333333333,-0.33333333333333337,0.0,0.0
mikl_gse173098,calm1,0.625,0.24999999999999997,0.625,0.25,0.0,0.0
mikl_gse173098,camk2a,0.6061904761904762,0.11755102040816326,0.5619047619047619,0.1238095238095238,0.2222222222222222,0.7142857142857143
mikl_gse173098,ccdc141,0.6,0.19999999999999998,0.6,0.2,0.0,
mikl_gse173098,ccnd1,0.4739583333333333,0.018750000000000017,0.5,1.3877787807814457e-17,0.5,0.5
mikl_gse173098,ccnd2,0.7103174603174602,0.1058651552822522,0.553968253968254,0.09919824988544727,0.3,0.027777777777777776
mikl_gse173098,ccni,0.75,0.0,0.5,0.0,0.0,
mikl_gse173098,cd84,0.47222222222222227,-0.125,0.4444444444444444,-0.11111111111111112,0.0,0.0
mikl_gse173098,cdc42,0.49877112135176654,0.16935483870967738,0.5711213517665131,0.14224270353302612,0.16666666666666666,0.23611111111111108
mikl_gse173098,cdk15,0.6666666666666666,-0.3333333333333333,0.3333333333333333,-0.3333333333333333,,0.5
mikl_gse173098,chmp3,0.6166666666666667,0.6666666666666666,0.8333333333333334,0.6666666666666666,0.0,0.0
mikl_gse173098,chrdl1,0.6153846153846154,-0.1153846153846154,0.46153846153846156,-0.07692307692307693,0.0,0.0
mikl_gse173098,cnot6l,0.5425306765732298,0.11655604690450881,0.5505924977929457,0.101396209398843,0.2281746031746032,0.20367670877874958
mikl_gse173098,cntn2,0.607638888888889,-0.10833333333333332,0.4444444444444444,-0.1111111111111111,0.2,
mikl_gse173098,col1a1,0.8,-0.19999999999999998,0.4,-0.2,0.0,0.5
mikl_gse173098,col27a1,0.6742424242424243,0.06818181818181818,0.5303030303030303,0.060606060606060615,0.0,0.5
mikl_gse173098,col3a1,0.5,0.0,0.5,0.0,1.0,
mikl_gse173098,col8a1,1.0,-0.9999999999999999,0.0,-1.0,,
mikl_gse173098,colec12,0.6098484848484849,-0.18353930851693737,0.4257575757575758,-0.1461086010987197,0.125,0.0
mikl_gse173098,cox8a,0.5,0.6666666666666666,0.7777777777777777,0.5555555555555556,,
mikl_gse173098,cplx2,0.5158730158730159,-0.19047619047619047,0.4126984126984127,-0.17460317460317462,0.2,0.3333333333333333
mikl_gse173098,ctdspl2,1.0,0.9999999999999999,1.0,1.0,0.0,
mikl_gse173098,cyp26b1,0.603030303030303,0.22727272727272724,0.6090909090909091,0.21818181818181817,0.0,0.0
mikl_gse173098,dcdc2a,0.5454545454545454,-0.09090909090909088,0.45454545454545453,-0.09090909090909091,0.0,0.0
mikl_gse173098,ddc,1.0,-0.9999999999999999,0.0,-1.0,,
mikl_gse173098,ddx58,0.5,0.8333333333333334,0.8888888888888888,0.7777777777777778,,
mikl_gse173098,disp2,0.47058823529411764,-0.28235294117647053,0.3431372549019608,-0.3137254901960785,0.5714285714285714,1.0
mikl_gse173098,dlg4,0.5389166666666667,0.19947445498180275,0.5976666666666667,0.19523645271355988,0.16666666666666666,0.21052631578947367
mikl_gse173098,dock8,0.6666666666666666,0.3333333333333333,0.6666666666666666,0.3333333333333333,,0.0
mikl_gse173098,dtx3l,0.65625,0.32499999999999996,0.6666666666666666,0.3333333333333333,0.25,0.0
mikl_gse173098,dusp18,0.7333333333333333,0.7999999999999999,0.8666666666666666,0.7333333333333334,0.0,0.0
mikl_gse173098,ebf1,0.5416666666666666,-0.19999999999999996,0.4166666666666667,-0.16666666666666666,0.25,0.0
mikl_gse173098,eef2,0.25,-0.9999999999999999,0.0,-1.0,,
mikl_gse173098,egf,0.5,-0.16666666666666666,0.4074074074074074,-0.18518518518518517,0.5,
mikl_gse173098,eif3f,0.5416666666666666,0.8749999999999999,0.9166666666666666,0.8333333333333334,0.0,
mikl_gse173098,ern1,0.6388888888888888,-0.25,0.38888888888888884,-0.22222222222222224,0.3333333333333333,
mikl_gse173098,esr1,0.25,0.0,0.5,0.0,,0.0
mikl_gse173098,etv4,1.0,0.9999999999999999,1.0,1.0,,
mikl_gse173098,exo1,0.3,-0.2910683602522959,0.3555555555555555,-0.27665532761740397,0.25,0.3333333333333333
mikl_gse173098,fgf13,1.0,-0.9999999999999999,0.0,-1.0,,
mikl_gse173098,fgf3,0.5333333333333333,0.18,0.6,0.2,0.0,0.0
mikl_gse173098,foxp2,0.5,-0.3333333333333333,0.3333333333333333,-0.3333333333333333,,
mikl_gse173098,ftl1,0.75,0.0,0.5,0.0,,
mikl_gse173098,gabra4,0.6666666666666666,-0.3333333333333333,0.3333333333333333,-0.3333333333333333,0.0,0.0
mikl_gse173098,gbp7,0.5833333333333333,0.0,0.5,0.0,0.3333333333333333,0.0
mikl_gse173098,gli3,0.5,0.3333333333333333,0.6666666666666666,0.3333333333333333,0.0,0.3333333333333333
mikl_gse173098,gpc6,0.25,0.0,0.5,0.0,1.0,1.0
mikl_gse173098,gpr17,0.5740740740740741,-0.3333333333333333,0.3333333333333333,-0.3333333333333333,0.5,0.0
mikl_gse173098,gpr35,0.5,0.3333333333333333,0.6666666666666666,0.3333333333333333,,
mikl_gse173098,grin1,0.5416666666666666,0.24999999999999994,0.6666666666666666,0.3333333333333333,,0.25
mikl_gse173098,hic2,0.6403508771929824,0.5105263157894736,0.7456140350877193,0.4912280701754386,0.2,0.0
mikl_gse173098,hpcal4,0.6666666666666666,0.1820019541372645,0.5897435897435896,0.16537153186623532,0.3333333333333333,0.5
mikl_gse173098,hspb2,0.6666666666666666,0.5,0.6666666666666666,0.33333333333333337,,
mikl_gse173098,ids,0.75,0.9999999999999999,1.0,1.0,0.0,0.0
mikl_gse173098,invs,0.26515151515151514,-0.3545454545454545,0.3333333333333333,-0.33333333333333337,0.0,1.0
mikl_gse173098,itga1,0.5769230769230769,-0.1538461538461538,0.41025641025641024,-0.17948717948717946,0.3333333333333333,0.16666666666666666
mikl_gse173098,itga4,0.5277777777777778,-1.850371707708594e-17,0.5,0.0,0.0,0.0
mikl_gse173098,itpr2,0.5757575757575757,0.13636363636363635,0.5757575757575757,0.1515151515151515,0.0,0.0
mikl_gse173098,jund,0.625,0.25,0.5833333333333333,0.16666666666666669,,0.1111111111111111
mikl_gse173098,kcna6,0.5321428571428571,-0.3142857142857142,0.34761904761904766,-0.30476190476190473,0.0,0.4
mikl_gse173098,kcnq5,0.6666666666666666,-0.5,0.26666666666666666,-0.4666666666666667,0.0,0.0
mikl_gse173098,kctd4,0.6666666666666666,0.3333333333333333,0.6666666666666666,0.3333333333333333,,
mikl_gse173098,kif1a,0.5641025641025641,0.11538461538461535,0.5641025641025641,0.1282051282051282,0.0,0.5
mikl_gse173098,kif5c,0.625,0.49999999999999994,0.75,0.5,0.0,
mikl_gse173098,liph,0.543859649122807,-0.3,0.34210526315789475,-0.3157894736842105,0.3333333333333333,0.0
mikl_gse173098,lypd1,0.4513888888888889,0.024999999999999984,0.5277777777777778,0.05555555555555555,0.0,0.25
mikl_gse173098,magi2,0.4444444444444444,-0.10238095238095234,0.44999999999999996,-0.10000000000000002,0.0,0.0
mikl_gse173098,malt1,0.5833333333333333,-0.24999999999999994,0.36666666666666664,-0.26666666666666666,0.0,
mikl_gse173098,map1a,0.6078947368421053,-0.010526315789473675,0.4947368421052632,-0.010526315789473687,0.16666666666666666,0.47222222222222227
mikl_gse173098,map2,0.5667989417989419,-0.14914499989350252,0.4391534391534392,-0.12652132605686975,0.08333333333333333,0.2222222222222222
mikl_gse173098,mapk8ip1,0.7083333333333333,-0.12499999999999997,0.41666666666666663,-0.16666666666666666,,1.0
mikl_gse173098,mavs,0.6,0.7,0.8666666666666666,0.7333333333333333,,0.0
mikl_gse173098,mcf2l,0.8095238095238094,0.3857142857142857,0.6904761904761905,0.38095238095238093,0.0,
mikl_gse173098,meis2,0.5,-0.49999999999999994,0.25,-0.5,,0.0
mikl_gse173098,mocs2,0.6202331961591221,-0.06293770128527286,0.47334901038604743,-0.05330197922790514,0.023809523809523808,0.4727272727272727
mikl_gse173098,mre11a,0.5416666666666666,-0.062499999999999986,0.4583333333333333,-0.08333333333333331,0.0,0.0
mikl_gse173098,ndnf,0.5952380952380951,0.42857142857142855,0.7142857142857143,0.42857142857142855,0.0,0.0
mikl_gse173098,ndufa12,0.6666666666666666,0.0,0.5,0.0,,
mikl_gse173098,ndufa2,0.75,0.0,0.5,0.0,0.0,
mikl_gse173098,ndufb8,1.0,0.9999999999999999,1.0,1.0,,
mikl_gse173098,nhsl2,0.5882352941176471,0.32352941176470584,0.6666666666666666,0.33333333333333337,0.0,0.5
mikl_gse173098,nnat,0.619047619047619,-0.4189222188619537,0.29047619047619044,-0.4115794129769285,0.2,0.0
mikl_gse173098,nrgn,0.6,0.19999999999999998,0.6,0.2,0.0,0.0
mikl_gse173098,nsmf,0.6527777777777778,0.3416666666666666,0.6666666666666666,0.3333333333333333,0.3333333333333333,
mikl_gse173098,oaf,0.7037037037037037,0.27777777777777773,0.6296296296296297,0.2592592592592593,0.0,0.4
mikl_gse173098,ociad2,0.5303703703703704,0.15015873015873013,0.5792592592592593,0.1585185185185185,0.3,0.25
mikl_gse173098,ogt,0.6387755102040816,0.1727891156462585,0.5619047619047619,0.12380952380952384,0.1,0.25
mikl_gse173098,oprd1,0.47692307692307695,-0.43076923076923074,0.28717948717948716,-0.4256410256410256,0.3333333333333333,0.5
mikl_gse173098,otc,0.0,0.9999999999999999,1.0,1.0,,
mikl_gse173098,oxct1,0.42638888888888893,0.20140696245785247,0.5851851851851851,0.16989521572268995,0.0,0.0
mikl_gse173098,pacsin1,0.5700000000000001,-0.019999999999999987,0.4711111111111111,-0.05777777777777777,0.0,0.4166666666666667
mikl_gse173098,pate2,0.625,0.0,0.5,0.0,1.0,
mikl_gse173098,pcdh15,0.5555555555555556,-0.13999999999999999,0.4222222222222222,-0.15555555555555553,0.4,0.0
mikl_gse173098,pde1c,0.625,0.09375,0.5416666666666666,0.08333333333333334,,0.5
mikl_gse173098,pde2a,0.6111111111111112,0.1111111111111111,0.5555555555555556,0.1111111111111111,0.5,
mikl_gse173098,pdp1,0.4867243867243868,0.15186119421917257,0.5678691678691679,0.13488622121342694,0.125,0.3333333333333333
mikl_gse173098,pdpk1,0.5421679197994987,0.039949270767279645,0.5183792815371763,0.03675856307435255,0.28125,0.25
mikl_gse173098,pgap1,0.5847789115646259,0.1501315178640942,0.570880574452003,0.14285865405757736,0.07142857142857142,0.27586206896551724
mikl_gse173098,plin3,0.5,-0.375,0.3333333333333333,-0.33333333333333337,,1.0
mikl_gse173098,ppp1r9b,0.5,-0.3125,0.3333333333333333,-0.3333333333333333,0.0,1.0
mikl_gse173098,prlr,0.5833333333333334,-0.3333333333333333,0.3333333333333333,-0.3333333333333333,1.0,0.0
mikl_gse173098,prrx1,0.46481481481481485,0.06666666666666667,0.537037037037037,0.0740740740740741,0.0,0.3333333333333333
mikl_gse173098,psd,0.0,0.9999999999999999,1.0,1.0,,
mikl_gse173098,ptgs2,0.5,0.9999999999999999,1.0,1.0,,
mikl_gse173098,ptpn14,0.8125,0.49999999999999994,0.75,0.5,0.0,0.0
mikl_gse173098,ptprb,0.7236111111111111,-0.025000000000000022,0.5138888888888888,0.027777777777777745,0.0,0.3333333333333333
mikl_gse173098,rab11fip2,0.5916149068322981,-0.013448757352737295,0.49787784679089025,-0.005767950951297118,0.18333333333333332,0.2
mikl_gse173098,rasgrp4,0.5882352941176471,0.3176470588235294,0.6372549019607843,0.27450980392156865,0.3333333333333333,0.0
mikl_gse173098,rasl10b,0.5615079365079365,0.12857142857142856,0.5674603174603174,0.13492063492063494,0.21428571428571427,0.5833333333333334
mikl_gse173098,rbm47,0.75,0.0,0.5,0.0,,
mikl_gse173098,rmi2,0.5357142857142857,-0.14285714285714285,0.42857142857142855,-0.14285714285714285,0.6666666666666666,
mikl_gse173098,rnf165,0.7172413793103448,0.10689655172413792,0.5471264367816092,0.09425287356321839,0.15,0.3333333333333333
mikl_gse173098,rorb,0.5476190476190476,-0.49999999999999994,0.23809523809523808,-0.5238095238095238,1.0,
mikl_gse173098,rpl21,0.40555555555555556,0.016190476190476175,0.5,1.1102230246251566e-17,0.0,0.4444444444444444
mikl_gse173098,rpl31,0.375,0.0785714285714286,0.525,0.04999999999999999,,
mikl_gse173098,rpl37,0.65,-0.36,0.3333333333333333,-0.33333333333333337,0.0,0.0
mikl_gse173098,rps19,0.25,0.9999999999999999,1.0,1.0,,
mikl_gse173098,rps20,0.25,-2.7755575615628914e-17,0.5,0.0,1.0,0.0
mikl_gse173098,rps24,0.5,-0.9999999999999999,0.0,-1.0,,
mikl_gse173098,rpsa,0.6,-0.21818181818181814,0.38484848484848483,-0.2303030303030303,0.0,0.0
mikl_gse173098,rragb,0.4444444444444444,-0.08333333333333336,0.4444444444444444,-0.1111111111111111,0.0,0.3333333333333333
mikl_gse173098,selenow,0.0,-0.9999999999999999,0.0,-1.0,,
mikl_gse173098,serbp1,0.5057471264367815,0.1206896551724138,0.5632183908045977,0.1264367816091954,0.1111111111111111,0.4
mikl_gse173098,serhl,0.375,0.49999999999999994,0.75,0.5,,
mikl_gse173098,serpine2,0.5,-0.9999999999999999,0.0,-1.0,,
mikl_gse173098,shank1,0.5611111111111111,0.17396537561150255,0.5858024691358025,0.18211634242962935,0.375,0.3333333333333333
mikl_gse173098,shank3,0.5694444444444444,0.20833333333333334,0.5833333333333334,0.16666666666666666,0.0,0.0
mikl_gse173098,slamf7,0.7777777777777777,0.1666666666666667,0.5555555555555555,0.11111111111111116,,0.0
mikl_gse173098,slc13a5,0.5,0.19999999999999998,0.6,0.2,0.0,
mikl_gse173098,slc17a7,0.625,0.0,0.5,0.0,0.5,
mikl_gse173098,slc17a9,1.0,-0.9999999999999999,0.0,-1.0,0.0,
mikl_gse173098,slc22a15,0.6666666666666666,0.0,0.5,0.0,0.0,0.5
mikl_gse173098,slc23a1,0.5833333333333333,-0.6249999999999999,0.16666666666666666,-0.6666666666666666,,0.3333333333333333
mikl_gse173098,slc28a3,0.5,-0.08333333333333336,0.4444444444444444,-0.1111111111111111,0.0,
mikl_gse173098,slc7a11,0.5,0.7777777777777777,0.8888888888888888,0.7777777777777778,,
mikl_gse173098,slfn8,0.5,0.3333333333333333,0.6666666666666666,0.3333333333333333,,
mikl_gse173098,snap91,0.5269005847953216,-0.022545272222589684,0.48594719121034907,-0.028002592510453433,0.22727272727272727,0.2436868686868687
mikl_gse173098,sptbn2,1.0,0.9999999999999999,1.0,1.0,,
mikl_gse173098,srl,0.5,0.0,0.5,0.0,,
mikl_gse173098,sspn,0.38541666666666663,0.06249999999999999,0.5416666666666666,0.08333333333333333,0.0,0.6
mikl_gse173098,st6gal1,0.5277777777777778,0.06666666666666664,0.5277777777777778,0.05555555555555558,0.5,0.75
mikl_gse173098,syt15,0.5416666666666666,0.06666666666666665,0.5277777777777778,0.05555555555555558,1.0,0.0
mikl_gse173098,tagln,0.625,0.5,0.75,0.5,0.0,0.0
mikl_gse173098,tbcel,0.4986486486486486,-0.017374517374517368,0.4828828828828829,-0.03423423423423423,0.25,0.3333333333333333
mikl_gse173098,tcte1,0.35833333333333334,0.275,0.6166666666666667,0.23333333333333336,0.0,1.0
mikl_gse173098,tfap2b,0.6428571428571429,-0.14285714285714285,0.42857142857142855,-0.14285714285714285,0.5,
mikl_gse173098,tfg,0.38,-0.16285714285714284,0.4066666666666666,-0.18666666666666668,1.0,0.0
mikl_gse173098,thbd,0.0,-0.9999999999999999,0.0,-1.0,,
mikl_gse173098,tirap,0.8333333333333333,0.75,0.8333333333333333,0.6666666666666667,0.0,
mikl_gse173098,tmem242,1.0,0.9999999999999999,1.0,1.0,0.0,
mikl_gse173098,tnfrsf19,0.5416666666666666,0.24999999999999997,0.625,0.25,1.0,0.5
mikl_gse173098,tor4a,1.0,-0.9999999999999999,0.0,-1.0,,
mikl_gse173098,tpt1,0.375,-0.505409255338946,0.2833333333333333,-0.4246204262508611,,0.0
mikl_gse173098,trim56,0.7182539682539683,0.33809523809523806,0.6666666666666666,0.3333333333333333,0.0,0.5
mikl_gse173098,trp63,0.6666666666666666,0.4444444444444444,0.7037037037037037,0.40740740740740744,0.0,0.0
mikl_gse173098,tulp1,0.8333333333333333,0.24999999999999994,0.6666666666666666,0.3333333333333333,,
mikl_gse173098,tusc3,0.5,0.6142857142857142,0.780952380952381,0.5619047619047619,0.0,0.0
mikl_gse173098,ube2m,0.125,-0.49999999999999994,0.25,-0.5,,
mikl_gse173098,unc5c,0.5496400885935769,0.1315262257122722,0.5609911406423034,0.12198228128460686,0.2623456790123457,0.16724137931034483
mikl_gse173098,uqcrq,0.75,0.9999999999999999,1.0,1.0,,
mikl_gse173098,vangl1,0.6474358974358974,0.4461538461538461,0.7051282051282051,0.4102564102564103,0.1,0.0
mikl_gse173098,vapb,0.507172035480859,0.004866946778711475,0.4983776844070962,-0.003244631185807671,0.4375,0.46875
mikl_gse173098,vma21,0.6428323412698412,0.19665349584523797,0.5948893467643468,0.1905916760074212,0.21428571428571427,0.17346938775510204
mikl_gse173098,wdr31,1.0,1.0,1.0,1.0,,
mikl_gse173098,zbtb20,0.5873737373737373,0.21406926406926405,0.5919191919191918,0.18383838383838383,0.26666666666666666,0.2777777777777778
mikl_gse173098,zfhx3,0.7192982456140351,0.24736842105263154,0.6228070175438597,0.24561403508771926,0.25,0.2
mikl_gse173098,zscan20,0.5833333333333334,-0.3333333333333333,0.3333333333333333,-0.3333333333333333,0.5,0.0
moffatt_gse334718,cdc42,0.8878048780487805,-0.02120739368444512,0.4937350549976088,-0.012529890004782399,,
moffatt_gse334718,gdf11,0.8184818481848185,-0.05743669957793966,0.4845583896137958,-0.030883220772408373,,
moffatt_gse334718,net1,0.9347471451876019,0.28414097650686765,0.5903037669662754,0.18060753393255072,,
moffatt_gse334718,rab13,0.17372881355932204,-0.06914231719063117,0.4743598990263253,-0.05128020194734943,,
moffatt_gse334718,trak2,0.9842312746386334,0.4131056154981802,0.6427346289508264,0.28546925790165295,,
moffatt_gse334718,trp53,0.7136752136752137,0.3161602159332991,0.609317520452424,0.2186350409048482,,
