model,parent_id,direction,n_candidates,selected_source_row,selected_edit,measured_effect,measured_utility,best_measured_utility,regret,normalized_regret,rank_percentile,spearman,random_expected_effect,random_expected_regret_at_1,random_expected_rank_percentile,success_at_1,precision_at_1,random_success_at_1,random_precision_at_1,success_at_3,precision_at_3,random_success_at_3,random_precision_at_3,random_expected_regret_at_3,success_at_5,precision_at_5,random_success_at_5,random_precision_at_5,random_expected_regret_at_5
factorized_context_tdp_aux,ENSMUSG00000006699|Cdc42_2|31,increase,300,236,A51C,-1.254438715688478,-1.254438715688478,0.566351838982787,1.820790554671265,0.8132323831012462,0.2240802675585284,0.015271280792008799,-1.1023414123825113,1.6686932513652981,0.5,0.0,0.0,0.0,0.0,0.0,0.0,0.0,0.0,1.4866962122189418,0.0,0.0,0.0,0.0,1.4025461584498196
factorized_context_tdp_aux,ENSMUSG00000006699|Cdc42_2|31,decrease,300,340,T85G,-0.9243976518914356,0.9243976518914356,1.672602969638723,0.7482053177472874,0.3341761588336595,0.1505016722408027,0.015271280792008799,1.1023414123825113,0.5702615572562124,0.5,1.0,1.0,0.9733333333333334,0.9733333333333334,1.0,0.6666666666666666,0.9999874301362484,0.9733333333333334,0.4015531714572611,1.0,0.8,0.9999999971403531,0.9733333333333334,0.3436685608699852
factorized_context_sequence,ENSMUSG00000006699|Cdc42_2|31,increase,300,162,G26C,-1.101230087207728,-1.101230087207728,0.566351838982787,1.6675819261905152,0.7448037449300818,0.5518394648829432,0.020000666674074154,-1.1023414123825113,1.6686932513652981,0.5,0.0,0.0,0.0,0.0,0.0,0.0,0.0,0.0,1.4866962122189418,0.0,0.0,0.0,0.0,1.4025461584498196
factorized_context_sequence,ENSMUSG00000006699|Cdc42_2|31,decrease,300,261,C59G,-1.249902714798478,1.249902714798478,1.672602969638723,0.422700254840245,0.18879356260901714,0.7692307692307692,0.020000666674074154,1.1023414123825113,0.5702615572562124,0.5,1.0,1.0,0.9733333333333334,0.9733333333333334,1.0,1.0,0.9999874301362484,0.9733333333333334,0.4015531714572611,1.0,1.0,0.9999999971403531,0.9733333333333334,0.3436685608699852
forward_lightgbm,ENSMUSG00000006699|Cdc42_2|31,increase,300,339,T85C,-1.26457333195612,-1.26457333195612,0.566351838982787,1.8309251709389072,0.8177588774407554,0.19732441471571904,0.035536187945485395,-1.1023414123825113,1.6686932513652981,0.5,0.0,0.0,0.0,0.0,0.0,0.0,0.0,0.0,1.4866962122189418,0.0,0.0,0.0,0.0,1.4025461584498196
forward_lightgbm,ENSMUSG00000006699|Cdc42_2|31,decrease,300,199,G38T,-0.8968166421976052,0.8968166421976052,1.672602969638723,0.7757863274411179,0.34649485753522535,0.1270903010033445,0.035536187945485395,1.1023414123825113,0.5702615572562124,0.5,1.0,1.0,0.9733333333333334,0.9733333333333334,1.0,1.0,0.9999874301362484,0.9733333333333334,0.4015531714572611,1.0,1.0,0.9999999971403531,0.9733333333333334,0.3436685608699852
metadata_only,ENSMUSG00000006699|Cdc42_2|31,increase,300,359,T92A,-1.155186747780377,-1.155186747780377,0.566351838982787,1.721538586763164,0.7689027845198398,0.39799331103678925,0.09554728385870952,-1.1023414123825113,1.6686932513652981,0.5,0.0,0.0,0.0,0.0,0.0,0.0,0.0,0.0,1.4866962122189418,0.0,0.0,0.0,0.0,1.4025461584498196
metadata_only,ENSMUSG00000006699|Cdc42_2|31,decrease,300,86,A2C,-1.162884218464706,1.162884218464706,1.672602969638723,0.5097187511740171,0.22765924046847696,0.6153846153846154,0.09554728385870952,1.1023414123825113,0.5702615572562124,0.5,1.0,1.0,0.9733333333333334,0.9733333333333334,1.0,1.0,0.9999874301362484,0.9733333333333334,0.4015531714572611,1.0,1.0,0.9999999971403531,0.9733333333333334,0.3436685608699852
factorized_context_tdp_aux,ENSMUSG00000014294|Ndufa2|11+12,increase,255,538,G11A,-1.43477891637376,-1.43477891637376,1.8330244235936897,3.2678033399674495,0.8427130878890849,0.3641732283464567,-0.28921172737842,-1.186323921989746,3.019348345583434,0.5,0.0,0.0,0.0039215686274509665,0.00392156862745098,0.0,0.0,0.0117647058823529,0.00392156862745098,2.621221998766157,0.0,0.0,0.019607843137254943,0.00392156862745098,2.3573204815041033
factorized_context_tdp_aux,ENSMUSG00000014294|Ndufa2|11+12,decrease,255,673,A56C,-0.620842743937508,0.620842743937508,2.0446931376144573,1.423850393676949,0.3671877518674496,0.1417322834645669,-0.28921172737842,1.186323921989746,0.8583692156247134,0.5,0.0,0.0,0.8470588235294118,0.8470588235294118,1.0,0.3333333333333333,0.996653772149674,0.8470588235294118,0.5842126267303265,1.0,0.6,0.9999333420746948,0.8470588235294118,0.551091047063778
factorized_context_sequence,ENSMUSG00000014294|Ndufa2|11+12,increase,255,717,A70T,-0.1844029815392101,-0.1844029815392101,1.8330244235936897,2.0174274051328998,0.5202615645127974,0.9173228346456693,-0.10508494147647786,-1.186323921989746,3.019348345583434,0.5,0.0,0.0,0.0039215686274509665,0.00392156862745098,0.0,0.0,0.0117647058823529,0.00392156862745098,2.621221998766157,0.0,0.0,0.019607843137254943,0.00392156862745098,2.3573204815041033
factorized_context_sequence,ENSMUSG00000014294|Ndufa2|11+12,decrease,255,673,A56C,-0.620842743937508,0.620842743937508,2.0446931376144573,1.423850393676949,0.3671877518674496,0.1417322834645669,-0.10508494147647786,1.186323921989746,0.8583692156247134,0.5,0.0,0.0,0.8470588235294118,0.8470588235294118,1.0,0.6666666666666666,0.996653772149674,0.8470588235294118,0.5842126267303265,1.0,0.6,0.9999333420746948,0.8470588235294118,0.551091047063778
forward_lightgbm,ENSMUSG00000014294|Ndufa2|11+12,increase,255,730,A75C,0.3824896471918999,0.3824896471918999,1.8330244235936897,1.4505347764017897,0.37406921816911776,0.9921259842519685,0.061809284614679674,-1.186323921989746,3.019348345583434,0.5,0.0,0.0,0.0039215686274509665,0.00392156862745098,0.0,0.0,0.0117647058823529,0.00392156862745098,2.621221998766157,0.0,0.0,0.019607843137254943,0.00392156862745098,2.3573204815041033
forward_lightgbm,ENSMUSG00000014294|Ndufa2|11+12,decrease,255,578,A24G,-1.43477891637376,1.43477891637376,2.0446931376144573,0.6099142212406972,0.15728691211091492,0.6358267716535433,0.061809284614679674,1.186323921989746,0.8583692156247134,0.5,1.0,1.0,0.8470588235294118,0.8470588235294118,1.0,1.0,0.996653772149674,0.8470588235294118,0.5842126267303265,1.0,1.0,0.9999333420746948,0.8470588235294118,0.551091047063778
metadata_only,ENSMUSG00000014294|Ndufa2|11+12,increase,255,748,T81A,-0.07857921450458,-0.07857921450458,1.8330244235936897,1.9116036380982697,0.4929713440766139,0.9448818897637795,0.05425645218961163,-1.186323921989746,3.019348345583434,0.5,0.0,0.0,0.0039215686274509665,0.00392156862745098,0.0,0.0,0.0117647058823529,0.00392156862745098,2.621221998766157,0.0,0.0,0.019607843137254943,0.00392156862745098,2.3573204815041033
metadata_only,ENSMUSG00000014294|Ndufa2|11+12,decrease,255,511,A2C,-1.870086252029991,1.870086252029991,2.0446931376144573,0.17460688558446624,0.045028262844926094,0.9881889763779528,0.05425645218961163,1.186323921989746,0.8583692156247134,0.5,1.0,1.0,0.8470588235294118,0.8470588235294118,1.0,1.0,0.996653772149674,0.8470588235294118,0.5842126267303265,1.0,1.0,0.9999333420746948,0.8470588235294118,0.551091047063778
factorized_context_tdp_aux,ENSMUSG00000015222|Map2|5,increase,300,893,C15G,0.632241278924324,0.632241278924324,2.6879719646066,2.055730685682276,0.5696400968290942,0.4347826086956522,0.15120458501440773,0.6885628544279796,1.9994091101786204,0.5,0.0,0.0,0.5266666666666666,0.5266666666666666,0.0,0.0,0.8951359116518147,0.5266666666666666,1.4670346654621365,1.0,0.2,0.9771191311459768,0.5266666666666666,1.2668282721514774
factorized_context_tdp_aux,ENSMUSG00000015222|Map2|5,decrease,300,973,A42C,-0.33428735929935,0.33428735929935,0.920851742020647,0.586564382721297,0.16253616978965463,0.9565217391304348,0.15120458501440773,-0.6885628544279796,1.6094145964486266,0.5,0.0,0.0,0.0033333333333332993,0.0033333333333333335,0.0,0.0,0.010000000000000009,0.0033333333333333335,1.077507642655375,0.0,0.0,0.01666666666666672,0.0033333333333333335,0.8812019123519352
factorized_context_sequence,ENSMUSG00000015222|Map2|5,increase,300,905,T19C,0.311197753968479,0.311197753968479,2.6879719646066,2.376774210638121,0.6586008084222598,0.28093645484949836,0.20393387395726909,0.6885628544279796,1.9994091101786204,0.5,0.0,0.0,0.5266666666666666,0.5266666666666666,1.0,0.3333333333333333,0.8951359116518147,0.5266666666666666,1.4670346654621365,1.0,0.4,0.9771191311459768,0.5266666666666666,1.2668282721514774
factorized_context_sequence,ENSMUSG00000015222|Map2|5,decrease,300,968,A40G,-0.2812013218055,0.2812013218055,0.920851742020647,0.639650420215147,0.1772462365065083,0.9431438127090301,0.20393387395726909,-0.6885628544279796,1.6094145964486266,0.5,0.0,0.0,0.0033333333333332993,0.0033333333333333335,0.0,0.0,0.010000000000000009,0.0033333333333333335,1.077507642655375,0.0,0.0,0.01666666666666672,0.0033333333333333335,0.8812019123519352
forward_lightgbm,ENSMUSG00000015222|Map2|5,increase,300,1109,G87C,0.591736779047608,0.591736779047608,2.6879719646066,2.0962351855589922,0.5808638370750735,0.4013377926421404,0.014306391363194228,0.6885628544279796,1.9994091101786204,0.5,0.0,0.0,0.5266666666666666,0.5266666666666666,1.0,0.6666666666666666,0.8951359116518147,0.5266666666666666,1.4670346654621365,1.0,0.8,0.9771191311459768,0.5266666666666666,1.2668282721514774
forward_lightgbm,ENSMUSG00000015222|Map2|5,decrease,300,894,C15T,0.600318212367615,-0.600318212367615,0.920851742020647,1.521169954388262,0.4215140660916143,0.5886287625418061,0.014306391363194228,-0.6885628544279796,1.6094145964486266,0.5,0.0,0.0,0.0033333333333332993,0.0033333333333333335,0.0,0.0,0.010000000000000009,0.0033333333333333335,1.077507642655375,0.0,0.0,0.01666666666666672,0.0033333333333333335,0.8812019123519352
metadata_only,ENSMUSG00000015222|Map2|5,increase,300,1099,T84A,1.45773542726701,1.45773542726701,2.6879719646066,1.23023653733959,0.3408968232724648,0.9063545150501673,0.26214907477846394,0.6885628544279796,1.9994091101786204,0.5,1.0,1.0,0.5266666666666666,0.5266666666666666,1.0,1.0,0.8951359116518147,0.5266666666666666,1.4670346654621365,1.0,1.0,0.9771191311459768,0.5266666666666666,1.2668282721514774
metadata_only,ENSMUSG00000015222|Map2|5,decrease,300,847,A1C,1.07560143613871,-1.07560143613871,0.920851742020647,1.996453178159357,0.5532143824296734,0.24749163879598657,0.26214907477846394,-0.6885628544279796,1.6094145964486266,0.5,0.0,0.0,0.0033333333333332993,0.0033333333333333335,0.0,0.0,0.010000000000000009,0.0033333333333333335,1.077507642655375,0.0,0.0,0.01666666666666672,0.0033333333333333335,0.8812019123519352
factorized_context_tdp_aux,ENSMUSG00000019820|Utrn|61,increase,300,1470,T79G,-1.184107433335557,-1.184107433335557,1.71405375981714,2.898161193152697,0.7969866186368783,0.7023411371237458,0.0687252080578673,-1.2701296056723257,2.984183365489467,0.5,0.0,0.0,0.0033333333333332993,0.0033333333333333335,0.0,0.0,0.010000000000000009,0.0033333333333333335,2.7770169117328463,0.0,0.0,0.01666666666666672,0.0033333333333333335,2.6833407763057844
factorized_context_tdp_aux,ENSMUSG00000019820|Utrn|61,decrease,300,1454,C74G,-1.326406356599251,1.326406356599251,1.922345052134749,0.5959386955354979,0.16388155599897455,0.5986622073578596,0.0687252080578673,1.2701296056723257,0.6522154464624237,0.5,1.0,1.0,0.9866666666666667,0.9866666666666667,1.0,1.0,0.9999991021525891,0.9866666666666667,0.4568536863773267,1.0,1.0,1.0,0.9866666666666667,0.38699996916121804
factorized_context_sequence,ENSMUSG00000019820|Utrn|61,increase,300,1325,T31C,-1.143175387780301,-1.143175387780301,1.71405375981714,2.857229147597441,0.7857304149936687,0.7525083612040133,0.09027166968521871,-1.2701296056723257,2.984183365489467,0.5,0.0,0.0,0.0033333333333332993,0.0033333333333333335,0.0,0.0,0.010000000000000009,0.0033333333333333335,2.7770169117328463,0.0,0.0,0.01666666666666672,0.0033333333333333335,2.6833407763057844
factorized_context_sequence,ENSMUSG00000019820|Utrn|61,decrease,300,1427,A65G,-1.517189286723697,1.517189286723697,1.922345052134749,0.405155765411052,0.11141675772179095,0.8595317725752508,0.09027166968521871,1.2701296056723257,0.6522154464624237,0.5,1.0,1.0,0.9866666666666667,0.9866666666666667,1.0,1.0,0.9999991021525891,0.9866666666666667,0.4568536863773267,1.0,1.0,1.0,0.9866666666666667,0.38699996916121804
forward_lightgbm,ENSMUSG00000019820|Utrn|61,increase,300,1445,G71C,-1.061088328357364,-1.061088328357364,1.71405375981714,2.775142088174504,0.7631566920144568,0.8494983277591973,0.17256043156541132,-1.2701296056723257,2.984183365489467,0.5,0.0,0.0,0.0033333333333332993,0.0033333333333333335,0.0,0.0,0.010000000000000009,0.0033333333333333335,2.7770169117328463,0.0,0.0,0.01666666666666672,0.0033333333333333335,2.6833407763057844
forward_lightgbm,ENSMUSG00000019820|Utrn|61,decrease,300,1337,A35G,-1.3397850129516229,1.3397850129516229,1.922345052134749,0.582560039183126,0.16020246109101238,0.6287625418060201,0.17256043156541132,1.2701296056723257,0.6522154464624237,0.5,1.0,1.0,0.9866666666666667,0.9866666666666667,1.0,1.0,0.9999991021525891,0.9866666666666667,0.4568536863773267,1.0,1.0,1.0,0.9866666666666667,0.38699996916121804
metadata_only,ENSMUSG00000019820|Utrn|61,increase,300,1528,T99A,-1.48533036754364,-1.48533036754364,1.71405375981714,3.19938412736078,0.8798221242525005,0.2006688963210702,0.19640129334770384,-1.2701296056723257,2.984183365489467,0.5,0.0,0.0,0.0033333333333332993,0.0033333333333333335,0.0,0.0,0.010000000000000009,0.0033333333333333335,2.7770169117328463,0.0,0.0,0.01666666666666672,0.0033333333333333335,2.6833407763057844
metadata_only,ENSMUSG00000019820|Utrn|61,decrease,300,1231,A1C,-1.302440602307642,1.302440602307642,1.922345052134749,0.6199044498271069,0.1704720746771899,0.5618729096989967,0.19640129334770384,1.2701296056723257,0.6522154464624237,0.5,1.0,1.0,0.9866666666666667,0.9866666666666667,1.0,1.0,0.9999991021525891,0.9866666666666667,0.4568536863773267,1.0,1.0,1.0,0.9866666666666667,0.38699996916121804
factorized_context_tdp_aux,ENSMUSG00000020821|Kif1c|80,increase,300,1776,G53T,-1.313496998545522,-1.313496998545522,0.3927449609251299,1.706241959470652,0.6440833331100414,0.47157190635451507,0.025749619440216004,-1.2756243683221418,1.6683693292472712,0.5,0.0,0.0,0.0,0.0,0.0,0.0,0.0,0.0,1.3460361738156017,0.0,0.0,0.0,0.0,1.2190962420924567
factorized_context_tdp_aux,ENSMUSG00000020821|Kif1c|80,decrease,300,1855,A80C,-1.756500377550812,1.756500377550812,2.25635628383436,0.4998559062835479,0.18868886467528329,0.8929765886287625,0.025749619440216004,1.2756243683221418,0.9807319155122189,0.5,1.0,1.0,0.9466666666666667,0.9466666666666667,1.0,1.0,0.9998743013624835,0.9466666666666667,0.6652448460035432,1.0,1.0,0.9999997769475447,0.9466666666666667,0.5515413484540352
factorized_context_sequence,ENSMUSG00000020821|Kif1c|80,increase,300,1801,A62C,-1.707611997836448,-1.707611997836448,0.3927449609251299,2.100356958761578,0.7928564311826699,0.1270903010033445,0.03744752719474661,-1.2756243683221418,1.6683693292472712,0.5,0.0,0.0,0.0,0.0,0.0,0.0,0.0,0.0,1.3460361738156017,0.0,0.0,0.0,0.0,1.2190962420924567
factorized_context_sequence,ENSMUSG00000020821|Kif1c|80,decrease,300,1896,G93T,-1.606515769217257,1.606515769217257,2.25635628383436,0.6498405146171029,0.24530603196183295,0.8127090301003345,0.03744752719474661,1.2756243683221418,0.9807319155122189,0.5,1.0,1.0,0.9466666666666667,0.9466666666666667,1.0,1.0,0.9998743013624835,0.9466666666666667,0.6652448460035432,1.0,1.0,0.9999997769475447,0.9466666666666667,0.5515413484540352
forward_lightgbm,ENSMUSG00000020821|Kif1c|80,increase,300,1667,T17C,-1.0108143062504595,-1.0108143062504595,0.3927449609251299,1.4035592671755894,0.5298246980752968,0.7692307692307692,0.08156116076377083,-1.2756243683221418,1.6683693292472712,0.5,0.0,0.0,0.0,0.0,0.0,0.0,0.0,0.0,1.3460361738156017,0.0,0.0,0.0,0.0,1.2190962420924567
forward_lightgbm,ENSMUSG00000020821|Kif1c|80,decrease,300,1654,A13C,-1.1211875074303606,1.1211875074303606,2.25635628383436,1.1351687764039993,0.4285109067271834,0.33444816053511706,0.08156116076377083,1.2756243683221418,0.9807319155122189,0.5,1.0,1.0,0.9466666666666667,0.9466666666666667,1.0,1.0,0.9998743013624835,0.9466666666666667,0.6652448460035432,1.0,1.0,0.9999997769475447,0.9466666666666667,0.5515413484540352
metadata_only,ENSMUSG00000020821|Kif1c|80,increase,300,1900,T95A,-1.1167668301439848,-1.1167668301439848,0.3927449609251299,1.5095117910691147,0.5698203472046468,0.6755852842809364,0.05713663485149834,-1.2756243683221418,1.6683693292472712,0.5,0.0,0.0,0.0,0.0,0.0,0.0,0.0,0.0,1.3460361738156017,0.0,0.0,0.0,0.0,1.2190962420924567
metadata_only,ENSMUSG00000020821|Kif1c|80,decrease,300,1621,A3C,-1.021212546065798,1.021212546065798,2.25635628383436,1.235143737768562,0.46625010660198446,0.24749163879598657,0.05713663485149834,1.2756243683221418,0.9807319155122189,0.5,1.0,1.0,0.9466666666666667,0.9466666666666667,1.0,0.6666666666666666,0.9998743013624835,0.9466666666666667,0.6652448460035432,1.0,0.8,0.9999997769475447,0.9466666666666667,0.5515413484540352
factorized_context_tdp_aux,ENSMUSG00000025795|Rassf3|91,increase,300,2151,C39G,-0.2973706834140999,-0.2973706834140999,4.60002980636361,4.897400489777709,0.5752880747286566,0.8595317725752508,0.030413747056007415,-1.3290002612520802,5.92903006761569,0.5,0.0,0.0,0.010000000000000009,0.01,0.0,0.0,0.0297995555655316,0.01,4.993394523453695,0.0,0.0,0.049333348297456836,0.01,4.731973312349389
factorized_context_tdp_aux,ENSMUSG00000025795|Rassf3|91,decrease,300,2289,A85G,-0.8664381217632902,0.8664381217632902,3.912923451163313,3.046485329400023,0.3578646842335711,0.4782608695652174,0.030413747056007415,1.3290002612520802,2.583923189911233,0.5,1.0,1.0,0.6433333333333333,0.6433333333333333,1.0,1.0,0.9554476891652264,0.6433333333333333,1.5338840312518376,1.0,0.8,0.9945713400484337,0.6433333333333333,1.0703019073486453
factorized_context_sequence,ENSMUSG00000025795|Rassf3|91,increase,300,2044,A4T,-0.93676464461515,-0.93676464461515,4.60002980636361,5.53679445097876,0.6503964351129586,0.4983277591973244,0.3375416990218955,-1.3290002612520802,5.92903006761569,0.5,0.0,0.0,0.010000000000000009,0.01,0.0,0.0,0.0297995555655316,0.01,4.993394523453695,0.0,0.0,0.049333348297456836,0.01,4.731973312349389
factorized_context_sequence,ENSMUSG00000025795|Rassf3|91,decrease,300,2226,A64G,-3.462939495771697,3.462939495771697,3.912923451163313,0.44998395539161606,0.05285873677196012,0.9498327759197325,0.3375416990218955,1.3290002612520802,2.583923189911233,0.5,1.0,1.0,0.6433333333333333,0.6433333333333333,1.0,1.0,0.9554476891652264,0.6433333333333333,1.5338840312518376,1.0,1.0,0.9945713400484337,0.6433333333333333,1.0703019073486453
forward_lightgbm,ENSMUSG00000025795|Rassf3|91,increase,300,2307,T91C,-0.5670695163737101,-0.5670695163737101,4.60002980636361,5.16709932273732,0.6069690701248371,0.7357859531772575,0.279368068449806,-1.3290002612520802,5.92903006761569,0.5,0.0,0.0,0.010000000000000009,0.01,0.0,0.0,0.0297995555655316,0.01,4.993394523453695,0.0,0.0,0.049333348297456836,0.01,4.731973312349389
forward_lightgbm,ENSMUSG00000025795|Rassf3|91,decrease,300,2213,A60C,-3.580146608489992,3.580146608489992,3.912923451163313,0.33277684267332086,0.039090646055067735,0.9698996655518395,0.279368068449806,1.3290002612520802,2.583923189911233,0.5,1.0,1.0,0.6433333333333333,0.6433333333333333,1.0,1.0,0.9554476891652264,0.6433333333333333,1.5338840312518376,1.0,1.0,0.9945713400484337,0.6433333333333333,1.0703019073486453
metadata_only,ENSMUSG00000025795|Rassf3|91,increase,300,2321,T96A,-0.5013012586368402,-0.5013012586368402,4.60002980636361,5.1013310650004495,0.5992434012826265,0.7625418060200668,-0.03424163437272405,-1.3290002612520802,5.92903006761569,0.5,0.0,0.0,0.010000000000000009,0.01,1.0,0.3333333333333333,0.0297995555655316,0.01,4.993394523453695,1.0,0.2,0.049333348297456836,0.01,4.731973312349389
metadata_only,ENSMUSG00000025795|Rassf3|91,decrease,300,2033,A1C,-0.6511166658366698,0.6511166658366698,3.912923451163313,3.2618067853266433,0.3831580753063153,0.34782608695652173,-0.03424163437272405,1.3290002612520802,2.583923189911233,0.5,0.0,0.0,0.6433333333333333,0.6433333333333333,1.0,0.6666666666666666,0.9554476891652264,0.6433333333333333,1.5338840312518376,1.0,0.4,0.9945713400484337,0.6433333333333333,1.0703019073486453
factorized_context_tdp_aux,ENSMUSG00000026031|Cflar_1|14,increase,300,2702,C88A,-1.2196101592382802,-1.2196101592382802,-0.03787780047631,1.1817323587619701,0.526643301131011,0.4983277591973244,-0.1103234970715326,-1.2603702892854622,1.2224924888091513,0.5,0.0,0.0,0.0,0.0,0.0,0.0,0.0,0.0,0.9288511132142663,0.0,0.0,0.0,0.0,0.8242426691835859
factorized_context_tdp_aux,ENSMUSG00000026031|Cflar_1|14,decrease,300,2462,T9A,-0.8695908725912711,0.8695908725912711,2.281772968655797,1.412182096064526,0.6293440603155517,0.11036789297658867,-0.1103234970715326,1.2603702892854622,1.0214026793703344,0.5,1.0,1.0,0.96,0.96,1.0,1.0,0.9999506183924042,0.96,0.7185871386058262,1.0,1.0,0.999999959556423,0.96,0.5973348375920167
factorized_context_sequence,ENSMUSG00000026031|Cflar_1|14,increase,300,2541,A34G,-1.33384991519563,-1.33384991519563,-0.03787780047631,1.29597211471932,0.5775546616871436,0.38795986622073575,0.24061344708874566,-1.2603702892854622,1.2224924888091513,0.5,0.0,0.0,0.0,0.0,0.0,0.0,0.0,0.0,0.9288511132142663,0.0,0.0,0.0,0.0,0.8242426691835859
factorized_context_sequence,ENSMUSG00000026031|Cflar_1|14,decrease,300,2645,A69C,-1.9015727737286,1.9015727737286,2.281772968655797,0.38020019492719714,0.16943759241464942,0.9531772575250836,0.24061344708874566,1.2603702892854622,1.0214026793703344,0.5,1.0,1.0,0.96,0.96,1.0,1.0,0.9999506183924042,0.96,0.7185871386058262,1.0,1.0,0.999999959556423,0.96,0.5973348375920167
forward_lightgbm,ENSMUSG00000026031|Cflar_1|14,increase,300,2634,T65C,-1.6442589041269091,-1.6442589041269091,-0.03787780047631,1.606381103650599,0.7158895506486095,0.137123745819398,0.1586928707909955,-1.2603702892854622,1.2224924888091513,0.5,0.0,0.0,0.0,0.0,0.0,0.0,0.0,0.0,0.9288511132142663,0.0,0.0,0.0,0.0,0.8242426691835859
forward_lightgbm,ENSMUSG00000026031|Cflar_1|14,decrease,300,2617,G59T,-1.7474165558513932,1.7474165558513932,2.281772968655797,0.5343564128044038,0.23813786864113484,0.903010033444816,0.1586928707909955,1.2603702892854622,1.0214026793703344,0.5,1.0,1.0,0.96,0.96,1.0,1.0,0.9999506183924042,0.96,0.7185871386058262,1.0,1.0,0.999999959556423,0.96,0.5973348375920167
metadata_only,ENSMUSG00000026031|Cflar_1|14,increase,300,2468,T100A,-1.53227102589664,-1.53227102589664,-0.03787780047631,1.49439322542033,0.6659817475487317,0.21404682274247488,-0.00011511244129933305,-1.2603702892854622,1.2224924888091513,0.5,0.0,0.0,0.0,0.0,0.0,0.0,0.0,0.0,0.9288511132142663,0.0,0.0,0.0,0.0,0.8242426691835859
metadata_only,ENSMUSG00000026031|Cflar_1|14,decrease,300,2438,A1C,-1.12141834004548,1.12141834004548,2.281772968655797,1.160354628610317,0.5171162383453652,0.3511705685618729,-0.00011511244129933305,1.2603702892854622,1.0214026793703344,0.5,1.0,1.0,0.96,0.96,1.0,1.0,0.9999506183924042,0.96,0.7185871386058262,1.0,1.0,0.999999959556423,0.96,0.5973348375920167
factorized_context_tdp_aux,ENSMUSG00000029761|Cald1|58,increase,300,3522,A91T,-1.409098484948625,-1.409098484948625,1.58453379595619,2.993632280904815,0.8325074394982974,0.19397993311036787,-0.06625451393904376,-1.1631660788984084,2.747699874854598,0.5,0.0,0.0,0.0033333333333332993,0.0033333333333333335,0.0,0.0,0.010000000000000009,0.0033333333333333335,2.488896210075542,0.0,0.0,0.01666666666666672,0.0033333333333333335,2.365414171767591
factorized_context_tdp_aux,ENSMUSG00000029761|Cald1|58,decrease,300,3276,T10G,-0.9353278391843628,0.9353278391843628,2.011388761455307,1.076060922270944,0.2992447432031295,0.17725752508361203,-0.06625451393904376,1.1631660788984084,0.8482226825568981,0.5,1.0,1.0,0.9366666666666666,0.9366666666666666,1.0,0.6666666666666666,0.9997824964647258,0.9366666666666666,0.6157496806222937,1.0,0.6,0.9999994062147549,0.9366666666666666,0.5429641469574753
factorized_context_sequence,ENSMUSG00000029761|Cald1|58,increase,300,3249,A1T,-0.814276613454039,-0.814276613454039,1.58453379595619,2.398810409410229,0.6670917882995228,0.8929765886287625,0.06520294669940777,-1.1631660788984084,2.747699874854598,0.5,0.0,0.0,0.0033333333333332993,0.0033333333333333335,0.0,0.0,0.010000000000000009,0.0033333333333333335,2.488896210075542,0.0,0.0,0.01666666666666672,0.0033333333333333335,2.365414171767591
factorized_context_sequence,ENSMUSG00000029761|Cald1|58,decrease,300,3402,G51T,-1.1706620009424946,1.1706620009424946,2.011388761455307,0.8407267605128124,0.23380001851819757,0.4448160535117057,0.06520294669940777,1.1631660788984084,0.8482226825568981,0.5,1.0,1.0,0.9366666666666666,0.9366666666666666,1.0,1.0,0.9997824964647258,0.9366666666666666,0.6157496806222937,1.0,0.8,0.9999994062147549,0.9366666666666666,0.5429641469574753
forward_lightgbm,ENSMUSG00000029761|Cald1|58,increase,300,3337,C30A,-1.575179684330758,-1.575179684330758,1.58453379595619,3.159713480286948,0.8786934172913469,0.04682274247491636,-0.03057654018620032,-1.1631660788984084,2.747699874854598,0.5,0.0,0.0,0.0033333333333332993,0.0033333333333333335,0.0,0.0,0.010000000000000009,0.0033333333333333335,2.488896210075542,0.0,0.0,0.01666666666666672,0.0033333333333333335,2.365414171767591
forward_lightgbm,ENSMUSG00000029761|Cald1|58,decrease,300,3413,C55G,-1.3042697534377752,1.3042697534377752,2.011388761455307,0.7071190080175318,0.19664467093711469,0.6588628762541806,-0.03057654018620032,1.1631660788984084,0.8482226825568981,0.5,1.0,1.0,0.9366666666666666,0.9366666666666666,1.0,1.0,0.9997824964647258,0.9366666666666666,0.6157496806222937,1.0,1.0,0.9999994062147549,0.9366666666666666,0.5429641469574753
metadata_only,ENSMUSG00000029761|Cald1|58,increase,300,3544,T99A,-1.25916841596538,-1.25916841596538,1.58453379595619,2.84370221192157,0.7908129740059229,0.4180602006688964,0.03172613029033656,-1.1631660788984084,2.747699874854598,0.5,0.0,0.0,0.0033333333333332993,0.0033333333333333335,0.0,0.0,0.010000000000000009,0.0033333333333333335,2.488896210075542,0.0,0.0,0.01666666666666672,0.0033333333333333335,2.365414171767591
metadata_only,ENSMUSG00000029761|Cald1|58,decrease,300,3247,A1C,-1.208613994485208,1.208613994485208,2.011388761455307,0.8027747669700991,0.22324584418969567,0.5050167224080268,0.03172613029033656,1.1631660788984084,0.8482226825568981,0.5,1.0,1.0,0.9366666666666666,0.9366666666666666,1.0,1.0,0.9997824964647258,0.9366666666666666,0.6157496806222937,1.0,1.0,0.9999994062147549,0.9366666666666666,0.5429641469574753
factorized_context_tdp_aux,ENSMUSG00000031207|Msn|48,increase,300,3791,T53C,-0.291811015385381,-0.291811015385381,0.927029935540179,1.21884095092556,0.08709555442592391,0.6722408026755853,-0.0288387817880086,-1.0778406897319635,2.004870625272137,0.5,0.0,0.0,0.00666666666666671,0.006666666666666667,0.0,0.0,0.019933110367893025,0.006666666666666667,1.1684942667110905,0.0,0.0,0.03311036789297661,0.006666666666666667,1.0830518615009832
factorized_context_tdp_aux,ENSMUSG00000031207|Msn|48,decrease,300,3737,C35G,-0.291811015385381,0.291811015385381,13.06726585784848,12.775454842463098,0.912904445574076,0.3277591973244147,-0.0288387817880086,1.0778406897319635,11.989425168116515,0.5,0.0,0.0,0.33999999999999997,0.34,0.0,0.0,0.7139916051267088,0.34,10.7153781512906,0.0,0.0,0.876925816975423,0.34,9.798056136204789
factorized_context_sequence,ENSMUSG00000031207|Msn|48,increase,300,3662,T100C,-0.291811015385381,-0.291811015385381,0.927029935540179,1.21884095092556,0.08709555442592391,0.6722408026755853,-0.05313866479088151,-1.0778406897319635,2.004870625272137,0.5,0.0,0.0,0.00666666666666671,0.006666666666666667,0.0,0.0,0.019933110367893025,0.006666666666666667,1.1684942667110905,0.0,0.0,0.03311036789297661,0.006666666666666667,1.0830518615009832
factorized_context_sequence,ENSMUSG00000031207|Msn|48,decrease,300,3671,C13G,-1.408652156453551,1.408652156453551,13.06726585784848,11.658613701394929,0.8330975615723959,0.8394648829431438,-0.05313866479088151,1.0778406897319635,11.989425168116515,0.5,1.0,1.0,0.33999999999999997,0.34,1.0,0.3333333333333333,0.7139916051267088,0.34,10.7153781512906,1.0,0.2,0.876925816975423,0.34,9.798056136204789
forward_lightgbm,ENSMUSG00000031207|Msn|48,increase,300,3738,C35T,-0.291811015385381,-0.291811015385381,0.927029935540179,1.21884095092556,0.08709555442592391,0.6722408026755853,0.03942847648941308,-1.0778406897319635,2.004870625272137,0.5,0.0,0.0,0.00666666666666671,0.006666666666666667,0.0,0.0,0.019933110367893025,0.006666666666666667,1.1684942667110905,0.0,0.0,0.03311036789297661,0.006666666666666667,1.0830518615009832
forward_lightgbm,ENSMUSG00000031207|Msn|48,decrease,300,3919,T96A,-0.291811015385381,0.291811015385381,13.06726585784848,12.775454842463098,0.912904445574076,0.3277591973244147,0.03942847648941308,1.0778406897319635,11.989425168116515,0.5,0.0,0.0,0.33999999999999997,0.34,0.0,0.0,0.7139916051267088,0.34,10.7153781512906,1.0,0.4,0.876925816975423,0.34,9.798056136204789
metadata_only,ENSMUSG00000031207|Msn|48,increase,300,3661,T100A,-0.291811015385381,-0.291811015385381,0.927029935540179,1.21884095092556,0.08709555442592391,0.6722408026755853,-0.06392636398528719,-1.0778406897319635,2.004870625272137,0.5,0.0,0.0,0.00666666666666671,0.006666666666666667,0.0,0.0,0.019933110367893025,0.006666666666666667,1.1684942667110905,0.0,0.0,0.03311036789297661,0.006666666666666667,1.0830518615009832
metadata_only,ENSMUSG00000031207|Msn|48,decrease,300,3658,A10C,-0.291811015385381,0.291811015385381,13.06726585784848,12.775454842463098,0.912904445574076,0.3277591973244147,-0.06392636398528719,1.0778406897319635,11.989425168116515,0.5,0.0,0.0,0.33999999999999997,0.34,0.0,0.0,0.7139916051267088,0.34,10.7153781512906,0.0,0.0,0.876925816975423,0.34,9.798056136204789
factorized_context_tdp_aux,ENSMUSG00000031442|Mcf2l|7,increase,300,4265,G83C,-0.502482502821455,-0.502482502821455,-0.07832170175515,0.424160801066305,0.128518183726032,0.9866220735785953,0.21657591530703396,-1.5366478151306626,1.4583261133755117,0.5,0.0,0.0,0.0,0.0,0.0,0.0,0.0,0.0,1.0789381256084996,0.0,0.0,0.0,0.0,0.9325355654751223
factorized_context_tdp_aux,ENSMUSG00000031442|Mcf2l|7,decrease,300,4089,T24G,-1.347186378470861,1.347186378470861,3.37871693586854,2.0315305573976787,0.6155415982908556,0.3110367892976589,0.21657591530703396,1.5366478151306626,1.842069120737878,0.5,1.0,1.0,0.9666666666666667,0.9666666666666667,1.0,0.6666666666666666,0.999973064577675,0.9666666666666667,1.4556874792359855,1.0,0.8,0.9999999871315891,0.9666666666666667,1.294967825896117
factorized_context_sequence,ENSMUSG00000031442|Mcf2l|7,increase,300,4026,A4T,-1.3995165058849504,-1.3995165058849504,-0.07832170175515,1.3211948041298003,0.40031411707110975,0.6354515050167224,0.12871926412326853,-1.5366478151306626,1.4583261133755117,0.5,0.0,0.0,0.0,0.0,0.0,0.0,0.0,0.0,1.0789381256084996,0.0,0.0,0.0,0.0,0.9325355654751223
factorized_context_sequence,ENSMUSG00000031442|Mcf2l|7,decrease,300,4214,C66G,-2.8118501539999,2.8118501539999,3.37871693586854,0.5668667818686397,0.1717572416810623,0.9866220735785953,0.12871926412326853,1.5366478151306626,1.842069120737878,0.5,1.0,1.0,0.9666666666666667,0.9666666666666667,1.0,1.0,0.999973064577675,0.9666666666666667,1.4556874792359855,1.0,1.0,0.9999999871315891,0.9666666666666667,1.294967825896117
forward_lightgbm,ENSMUSG00000031442|Mcf2l|7,increase,300,4140,A41T,-0.862354612645822,-0.862354612645822,-0.07832170175515,0.7840329108906721,0.2375572788333918,0.9264214046822743,0.11160527789765674,-1.5366478151306626,1.4583261133755117,0.5,0.0,0.0,0.0,0.0,0.0,0.0,0.0,0.0,1.0789381256084996,0.0,0.0,0.0,0.0,0.9325355654751223
forward_lightgbm,ENSMUSG00000031442|Mcf2l|7,decrease,300,4127,T37C,-3.37871693586854,3.37871693586854,3.37871693586854,0.0,0.0,1.0,0.11160527789765674,1.5366478151306626,1.842069120737878,0.5,1.0,1.0,0.9666666666666667,0.9666666666666667,1.0,1.0,0.999973064577675,0.9666666666666667,1.4556874792359855,1.0,1.0,0.9999999871315891,0.9666666666666667,1.294967825896117
metadata_only,ENSMUSG00000031442|Mcf2l|7,increase,300,4312,T99A,-1.35885285808871,-1.35885285808871,-0.07832170175515,1.28053115633356,0.3879932751986168,0.6739130434782609,0.07791761320923178,-1.5366478151306626,1.4583261133755117,0.5,0.0,0.0,0.0,0.0,0.0,0.0,0.0,0.0,1.0789381256084996,0.0,0.0,0.0,0.0,0.9325355654751223
metadata_only,ENSMUSG00000031442|Mcf2l|7,decrease,300,4018,A2C,-1.48128266351531,1.48128266351531,3.37871693586854,1.8974342723532298,0.5749112266134246,0.4280936454849499,0.07791761320923178,1.5366478151306626,1.842069120737878,0.5,1.0,1.0,0.9666666666666667,0.9666666666666667,1.0,1.0,0.999973064577675,0.9666666666666667,1.4556874792359855,1.0,1.0,0.9999999871315891,0.9666666666666667,1.294967825896117
factorized_context_tdp_aux,ENSMUSG00000034109|Golim4|56,increase,300,4436,A12G,-1.020256122947061,-1.020256122947061,0.484793975374524,1.505050098321585,0.5289468139241129,0.7424749163879598,0.14536288776871803,-1.2042430011986862,1.689036976573211,0.5,0.0,0.0,0.0,0.0,0.0,0.0,0.0,0.0,1.4202168705660205,0.0,0.0,0.0,0.0,1.311897487048968
factorized_context_tdp_aux,ENSMUSG00000034109|Golim4|56,decrease,300,4646,A82G,-1.155492276487822,1.155492276487822,2.360577352521426,1.205085076033604,0.42352471335427466,0.4247491638795987,0.14536288776871803,1.2042430011986862,1.156334351322739,0.5,1.0,1.0,0.9633333333333334,0.9633333333333334,1.0,1.0,0.9999629637943032,0.9633333333333334,0.8921838576027759,1.0,1.0,0.9999999764079134,0.9633333333333334,0.7929078072000126
factorized_context_sequence,ENSMUSG00000034109|Golim4|56,increase,300,4419,A7T,-1.0405477717198028,-1.0405477717198028,0.484793975374524,1.525341747094327,0.5360782728566617,0.705685618729097,-0.004178273290009457,-1.2042430011986862,1.689036976573211,0.5,0.0,0.0,0.0,0.0,0.0,0.0,0.0,0.0,1.4202168705660205,0.0,0.0,0.0,0.0,1.311897487048968
factorized_context_sequence,ENSMUSG00000034109|Golim4|56,decrease,300,4496,A32G,-1.567877649434661,1.567877649434661,2.360577352521426,0.7926997030867651,0.27859270785333246,0.8896321070234113,-0.004178273290009457,1.2042430011986862,1.156334351322739,0.5,1.0,1.0,0.9633333333333334,0.9633333333333334,1.0,1.0,0.9999629637943032,0.9633333333333334,0.8921838576027759,1.0,1.0,0.9999999764079134,0.9633333333333334,0.7929078072000126
forward_lightgbm,ENSMUSG00000034109|Golim4|56,increase,300,4411,G5A,-1.185101040900672,-1.185101040900672,0.484793975374524,1.669895016275196,0.5868812270312794,0.5418060200668897,0.09587345159197298,-1.2042430011986862,1.689036976573211,0.5,0.0,0.0,0.0,0.0,0.0,0.0,0.0,0.0,1.4202168705660205,0.0,0.0,0.0,0.0,1.311897487048968
forward_lightgbm,ENSMUSG00000034109|Golim4|56,decrease,300,4680,T93G,-0.854935030497945,0.854935030497945,2.360577352521426,1.5056423220234811,0.5291549497466995,0.12040133779264217,0.09587345159197298,1.2042430011986862,1.156334351322739,0.5,1.0,1.0,0.9633333333333334,0.9633333333333334,1.0,1.0,0.9999629637943032,0.9633333333333334,0.8921838576027759,1.0,1.0,0.9999999764079134,0.9633333333333334,0.7929078072000126
metadata_only,ENSMUSG00000034109|Golim4|56,increase,300,4696,T99A,0.484793975374524,0.484793975374524,0.484793975374524,0.0,0.0,1.0,0.152808534326625,-1.2042430011986862,1.689036976573211,0.5,0.0,0.0,0.0,0.0,0.0,0.0,0.0,0.0,1.4202168705660205,0.0,0.0,0.0,0.0,1.311897487048968
metadata_only,ENSMUSG00000034109|Golim4|56,decrease,300,4405,A3C,-1.881733599412686,1.881733599412686,2.360577352521426,0.47884375310873994,0.16828866883354296,0.9832775919732442,0.152808534326625,1.2042430011986862,1.156334351322739,0.5,1.0,1.0,0.9633333333333334,0.9633333333333334,1.0,1.0,0.9999629637943032,0.9633333333333334,0.8921838576027759,1.0,1.0,0.9999999764079134,0.9633333333333334,0.7929078072000126
factorized_context_tdp_aux,ENSMUSG00000046447|Camk2n1|12,increase,300,5075,A97G,-1.03725794566577,-1.03725794566577,1.44085023841015,2.47810818407592,0.2445459785995925,0.7591973244147157,0.05562335073990471,-1.547936969546874,2.9887872079570252,0.5,0.0,0.0,0.00666666666666671,0.006666666666666667,0.0,0.0,0.019933110367893025,0.006666666666666667,2.309522763785571,0.0,0.0,0.03311036789297661,0.006666666666666667,2.0357046236603393
factorized_context_tdp_aux,ENSMUSG00000046447|Camk2n1|12,decrease,300,4802,A7G,-1.0335565209031998,1.0335565209031998,8.69265593603998,7.65909941513678,0.7558192873506966,0.23745819397993306,0.05562335073990471,1.547936969546874,7.144718966493106,0.5,1.0,1.0,0.8733333333333333,0.8733333333333333,1.0,1.0,0.9981064398105542,0.8733333333333333,6.466796817163615,1.0,1.0,0.9999743682702539,0.8733333333333333,6.19207391411985
factorized_context_sequence,ENSMUSG00000046447|Camk2n1|12,increase,300,4833,A16T,-1.643430838812181,-1.643430838812181,1.44085023841015,3.084281077222331,0.3043646516936861,0.4682274247491639,0.12916293016294234,-1.547936969546874,2.9887872079570252,0.5,0.0,0.0,0.00666666666666671,0.006666666666666667,1.0,0.3333333333333333,0.019933110367893025,0.006666666666666667,2.309522763785571,1.0,0.2,0.03311036789297661,0.006666666666666667,2.0357046236603393
factorized_context_sequence,ENSMUSG00000046447|Camk2n1|12,decrease,300,4976,A64G,-2.186197151266241,2.186197151266241,8.69265593603998,6.50645878477374,0.6420737968442396,0.8127090301003345,0.12916293016294234,1.547936969546874,7.144718966493106,0.5,1.0,1.0,0.8733333333333333,0.8733333333333333,1.0,1.0,0.9981064398105542,0.8733333333333333,6.466796817163615,1.0,1.0,0.9999743682702539,0.8733333333333333,6.19207391411985
forward_lightgbm,ENSMUSG00000046447|Camk2n1|12,increase,300,4998,A71T,-0.76138903069472,-0.76138903069472,1.44085023841015,2.20223926910487,0.21732253685870667,0.8561872909698997,-0.060007736572996725,-1.547936969546874,2.9887872079570252,0.5,0.0,0.0,0.00666666666666671,0.006666666666666667,0.0,0.0,0.019933110367893025,0.006666666666666667,2.309522763785571,0.0,0.0,0.03311036789297661,0.006666666666666667,2.0357046236603393
forward_lightgbm,ENSMUSG00000046447|Camk2n1|12,decrease,300,4820,T12C,-1.25011246437475,1.25011246437475,8.69265593603998,7.44254347166523,0.7344489995407816,0.33444816053511706,-0.060007736572996725,1.547936969546874,7.144718966493106,0.5,1.0,1.0,0.8733333333333333,0.8733333333333333,1.0,1.0,0.9981064398105542,0.8733333333333333,6.466796817163615,1.0,1.0,0.9999743682702539,0.8733333333333333,6.19207391411985
metadata_only,ENSMUSG00000046447|Camk2n1|12,increase,300,4813,T100A,-2.30620570170779,-2.30620570170779,1.44085023841015,3.74705594011794,0.369768950214437,0.11036789297658867,0.18801726571920874,-1.547936969546874,2.9887872079570252,0.5,0.0,0.0,0.00666666666666671,0.006666666666666667,0.0,0.0,0.019933110367893025,0.006666666666666667,2.309522763785571,0.0,0.0,0.03311036789297661,0.006666666666666667,2.0357046236603393
metadata_only,ENSMUSG00000046447|Camk2n1|12,decrease,300,4816,G11A,-2.30620570170779,2.30620570170779,8.69265593603998,6.38645023433219,0.630231049785563,0.8896321070234113,0.18801726571920874,1.547936969546874,7.144718966493106,0.5,1.0,1.0,0.8733333333333333,0.8733333333333333,1.0,0.6666666666666666,0.9981064398105542,0.8733333333333333,6.466796817163615,1.0,0.6,0.9999743682702539,0.8733333333333333,6.19207391411985
factorized_context_tdp_aux,ENSMUSG00000048482|Bdnf|56,increase,300,5365,T66A,-1.0299443963090191,-1.0299443963090191,1.66331537623178,2.693259772540799,0.8217559096686462,0.7558528428093645,0.041505794508827874,-1.1477679132860217,2.8110832895178017,0.5,0.0,0.0,0.0033333333333332993,0.0033333333333333335,0.0,0.0,0.010000000000000009,0.0033333333333333335,2.633093507664098,0.0,0.0,0.01666666666666672,0.0033333333333333335,2.552023524139963
factorized_context_tdp_aux,ENSMUSG00000048482|Bdnf|56,decrease,300,5317,G50A,-1.217166223406412,1.217166223406412,1.614129593560762,0.39696337015435,0.12111976671250631,0.6086956521739131,0.041505794508827874,1.1477679132860217,0.4663616802747399,0.5,1.0,1.0,0.9833333333333333,0.9833333333333333,1.0,1.0,0.999997755381473,0.9833333333333333,0.3000608702099361,1.0,1.0,0.9999999999489348,0.9833333333333333,0.2425991149373088
factorized_context_sequence,ENSMUSG00000048482|Bdnf|56,increase,300,5198,A100G,1.66331537623178,1.66331537623178,1.66331537623178,0.0,0.0,1.0,0.10784075378615317,-1.1477679132860217,2.8110832895178017,0.5,1.0,1.0,0.0033333333333332993,0.0033333333333333335,1.0,0.3333333333333333,0.010000000000000009,0.0033333333333333335,2.633093507664098,1.0,0.2,0.01666666666666672,0.0033333333333333335,2.552023524139963
factorized_context_sequence,ENSMUSG00000048482|Bdnf|56,decrease,300,5318,G50C,-1.093658545285183,1.093658545285183,1.614129593560762,0.520471048275579,0.15880390153691096,0.36454849498327757,0.10784075378615317,1.1477679132860217,0.4663616802747399,0.5,1.0,1.0,0.9833333333333333,0.9833333333333333,1.0,1.0,0.999997755381473,0.9833333333333333,0.3000608702099361,1.0,1.0,0.9999999999489348,0.9833333333333333,0.2425991149373088
forward_lightgbm,ENSMUSG00000048482|Bdnf|56,increase,300,5428,A87C,-1.0939682179808912,-1.0939682179808912,1.66331537623178,2.757283594212671,0.8412905844723316,0.6321070234113713,-0.03450759938371553,-1.1477679132860217,2.8110832895178017,0.5,0.0,0.0,0.0033333333333332993,0.0033333333333333335,0.0,0.0,0.010000000000000009,0.0033333333333333335,2.633093507664098,0.0,0.0,0.01666666666666672,0.0033333333333333335,2.552023524139963
forward_lightgbm,ENSMUSG00000048482|Bdnf|56,decrease,300,5195,T10C,-0.8610572424871911,0.8610572424871911,1.614129593560762,0.753072351073571,0.2297742168104929,0.03678929765886285,-0.03450759938371553,1.1477679132860217,0.4663616802747399,0.5,1.0,1.0,0.9833333333333333,0.9833333333333333,1.0,1.0,0.999997755381473,0.9833333333333333,0.3000608702099361,1.0,1.0,0.9999999999489348,0.9833333333333333,0.2425991149373088
metadata_only,ENSMUSG00000048482|Bdnf|56,increase,300,5458,T97A,-0.9775557233762112,-0.9775557233762112,1.66331537623178,2.6408710996079914,0.8057713017146875,0.8494983277591973,0.2061654018377982,-1.1477679132860217,2.8110832895178017,0.5,0.0,0.0,0.0033333333333332993,0.0033333333333333335,0.0,0.0,0.010000000000000009,0.0033333333333333335,2.633093507664098,0.0,0.0,0.01666666666666672,0.0033333333333333335,2.552023524139963
metadata_only,ENSMUSG00000048482|Bdnf|56,decrease,300,5203,A12C,-1.397690140877672,1.397690140877672,1.614129593560762,0.21643945268308995,0.06603908064909181,0.903010033444816,0.2061654018377982,1.1477679132860217,0.4663616802747399,0.5,1.0,1.0,0.9833333333333333,0.9833333333333333,1.0,1.0,0.999997755381473,0.9833333333333333,0.3000608702099361,1.0,1.0,0.9999999999489348,0.9833333333333333,0.2425991149373088
factorized_context_tdp_aux,ENSMUSG00000049517|Rps23|11+12,increase,270,5594,G18A,-1.363083497971632,-1.363083497971632,-0.5984196522010301,0.7646638457706019,0.5242668385197534,0.4200743494423792,0.10546439775240321,-1.3273366434203526,0.7289169912193227,0.5,0.0,0.0,0.0,0.0,0.0,0.0,0.0,0.0,0.5455133878952945,0.0,0.0,0.0,0.0,0.4783741043941192
factorized_context_tdp_aux,ENSMUSG00000049517|Rps23|11+12,decrease,270,5748,T69C,-1.1694305174146264,1.1694305174146264,2.056959063027776,0.8875285456131494,0.6085050146914237,0.22676579925650553,0.10546439775240321,1.3273366434203526,0.7296224196074237,0.5,1.0,1.0,0.9962962962962963,0.9962962962962963,1.0,1.0,1.0,0.9962962962962963,0.5432742082657702,1.0,1.0,1.0,0.9962962962962963,0.47084231651038766
factorized_context_sequence,ENSMUSG00000049517|Rps23|11+12,increase,270,5628,A29G,-1.33672895254907,-1.33672895254907,-0.5984196522010301,0.7383093003480399,0.5061977035845353,0.46840148698884754,0.09518715860280821,-1.3273366434203526,0.7289169912193227,0.5,0.0,0.0,0.0,0.0,0.0,0.0,0.0,0.0,0.5455133878952945,0.0,0.0,0.0,0.0,0.4783741043941192
factorized_context_sequence,ENSMUSG00000049517|Rps23|11+12,decrease,270,5799,G86C,-1.020624731959093,1.020624731959093,2.056959063027776,1.0363343310686828,0.7105288505582829,0.0780669144981413,0.09518715860280821,1.3273366434203526,0.7296224196074237,0.5,1.0,1.0,0.9962962962962963,0.9962962962962963,1.0,1.0,1.0,0.9962962962962963,0.5432742082657702,1.0,1.0,1.0,0.9962962962962963,0.47084231651038766
forward_lightgbm,ENSMUSG00000049517|Rps23|11+12,increase,270,5692,T50G,-1.503583781092186,-1.503583781092186,-0.5984196522010301,0.9051641288911558,0.6205962774623145,0.20446096654275092,0.042275057195054935,-1.3273366434203526,0.7289169912193227,0.5,0.0,0.0,0.0,0.0,0.0,0.0,0.0,0.0,0.5455133878952945,0.0,0.0,0.0,0.0,0.4783741043941192
forward_lightgbm,ENSMUSG00000049517|Rps23|11+12,decrease,270,5574,A11G,-1.408965703258807,1.408965703258807,2.056959063027776,0.6479933597689689,0.4442755231424744,0.654275092936803,0.042275057195054935,1.3273366434203526,0.7296224196074237,0.5,1.0,1.0,0.9962962962962963,0.9962962962962963,1.0,1.0,1.0,0.9962962962962963,0.5432742082657702,1.0,1.0,1.0,0.9962962962962963,0.47084231651038766
metadata_only,ENSMUSG00000049517|Rps23|11+12,increase,270,5807,T89A,-1.12628507451011,-1.12628507451011,-0.5984196522010301,0.52786542230908,0.36191371888255613,0.8364312267657993,0.23518855475147593,-1.3273366434203526,0.7289169912193227,0.5,0.0,0.0,0.0,0.0,0.0,0.0,0.0,0.0,0.5455133878952945,0.0,0.0,0.0,0.0,0.4783741043941192
metadata_only,ENSMUSG00000049517|Rps23|11+12,decrease,270,5543,A1C,-1.702853185491115,1.702853185491115,2.056959063027776,0.3541058775366608,0.24278115140950665,0.9628252788104089,0.23518855475147593,1.3273366434203526,0.7296224196074237,0.5,1.0,1.0,0.9962962962962963,0.9962962962962963,1.0,1.0,1.0,0.9962962962962963,0.5432742082657702,1.0,1.0,1.0,0.9962962962962963,0.47084231651038766
factorized_context_tdp_aux,ENSMUSG00000061518|Cox5b|6+7,increase,270,6058,G57C,1.53921657128185,1.53921657128185,3.78090467072406,2.24168809944221,0.5106852916562736,0.39033457249070636,0.3513824991476909,1.4886360003385288,2.292268670385531,0.5,1.0,1.0,0.737037037037037,0.737037037037037,1.0,1.0,0.9823820796882995,0.737037037037037,1.4821575318618376,1.0,1.0,0.9988698256182577,0.737037037037037,1.256619341534475
factorized_context_tdp_aux,ENSMUSG00000061518|Cox5b|6+7,decrease,270,6005,T39G,-0.608663887579007,0.608663887579007,0.608663887579007,0.0,0.0,1.0,0.3513824991476909,-1.4886360003385288,2.097299887917536,0.5,0.0,0.0,0.0,0.0,0.0,0.0,0.0,0.0,1.2078347653019323,0.0,0.0,0.0,0.0,0.8413023646415996
factorized_context_sequence,ENSMUSG00000061518|Cox5b|6+7,increase,270,6070,A61G,2.04820197399873,2.04820197399873,3.78090467072406,1.73270269672533,0.3947318907795266,0.6617100371747212,0.2602161828427833,1.4886360003385288,2.292268670385531,0.5,1.0,1.0,0.737037037037037,0.737037037037037,1.0,1.0,0.9823820796882995,0.737037037037037,1.4821575318618376,1.0,0.8,0.9988698256182577,0.737037037037037,1.256619341534475
factorized_context_sequence,ENSMUSG00000061518|Cox5b|6+7,decrease,270,5990,T34G,-0.426337715171211,0.426337715171211,0.608663887579007,0.18232617240779603,0.04153623983453177,0.9888475836431226,0.2602161828427833,-1.4886360003385288,2.097299887917536,0.5,0.0,0.0,0.0,0.0,0.0,0.0,0.0,0.0,1.2078347653019323,0.0,0.0,0.0,0.0,0.8413023646415996
forward_lightgbm,ENSMUSG00000061518|Cox5b|6+7,increase,270,5934,T16A,1.83476053476254,1.83476053476254,3.78090467072406,1.94614413596152,0.4433565873530556,0.5315985130111525,0.5109545651206947,1.4886360003385288,2.292268670385531,0.5,1.0,1.0,0.737037037037037,0.737037037037037,1.0,1.0,0.9823820796882995,0.737037037037037,1.4821575318618376,1.0,0.6,0.9988698256182577,0.737037037037037,1.256619341534475
forward_lightgbm,ENSMUSG00000061518|Cox5b|6+7,decrease,270,6031,A48G,-0.513755539514788,0.513755539514788,0.608663887579007,0.094908348064219,0.021621338590257482,0.9962825278810409,0.5109545651206947,-1.4886360003385288,2.097299887917536,0.5,0.0,0.0,0.0,0.0,0.0,0.0,0.0,0.0,1.2078347653019323,0.0,0.0,0.0,0.0,0.8413023646415996
metadata_only,ENSMUSG00000061518|Cox5b|6+7,increase,270,6153,C89A,2.66536613840342,2.66536613840342,3.78090467072406,1.11553853232064,0.2541339809377276,0.9182156133828996,0.2094661326481152,1.4886360003385288,2.292268670385531,0.5,1.0,1.0,0.737037037037037,0.737037037037037,1.0,0.6666666666666666,0.9823820796882995,0.737037037037037,1.4821575318618376,1.0,0.8,0.9988698256182577,0.737037037037037,1.256619341534475
metadata_only,ENSMUSG00000061518|Cox5b|6+7,decrease,270,5897,T3G,1.9053077350958,-1.9053077350958,0.608663887579007,2.513971622674807,0.5727149694289468,0.43122676579925645,0.2094661326481152,-1.4886360003385288,2.097299887917536,0.5,0.0,0.0,0.0,0.0,0.0,0.0,0.0,0.0,1.2078347653019323,0.0,0.0,0.0,0.0,0.8413023646415996
