task,outer_fold,inner_fold,configuration,regret,training_ids_sha256,training_rows,validation_rows
CAD_to_N2A,0,1,pair_005,0.48492990781028344,2a29149053a5ad391410e86c6c5298f5cee23cc520acfe1c6ffc53a71215c9c1,1460,2639
CAD_to_N2A,0,2,pair_005,0.518930695444673,eff05e6b792aeea781aef4974b3ee17acc939724f4d1609f9d33c2e656d8632a,2639,1460
CAD_to_N2A,0,1,pair_05,0.4661745847896656,2a29149053a5ad391410e86c6c5298f5cee23cc520acfe1c6ffc53a71215c9c1,1460,2639
CAD_to_N2A,0,2,pair_05,0.48353545483037874,eff05e6b792aeea781aef4974b3ee17acc939724f4d1609f9d33c2e656d8632a,2639,1460
CAD_to_N2A,0,1,pair_5,0.49943675361037343,2a29149053a5ad391410e86c6c5298f5cee23cc520acfe1c6ffc53a71215c9c1,1460,2639
CAD_to_N2A,0,2,pair_5,0.5002255651952416,eff05e6b792aeea781aef4974b3ee17acc939724f4d1609f9d33c2e656d8632a,2639,1460
CAD_to_N2A,1,0,pair_005,0.5179587850218724,2a29149053a5ad391410e86c6c5298f5cee23cc520acfe1c6ffc53a71215c9c1,1460,2790
CAD_to_N2A,1,2,pair_005,0.529843004267729,399d727dd9fd35cc07e550a87746f5ab360622495ae67ec7a63d280263f57708,2790,1460
CAD_to_N2A,1,0,pair_05,0.508330119611984,2a29149053a5ad391410e86c6c5298f5cee23cc520acfe1c6ffc53a71215c9c1,1460,2790
CAD_to_N2A,1,2,pair_05,0.5391018466707101,399d727dd9fd35cc07e550a87746f5ab360622495ae67ec7a63d280263f57708,2790,1460
CAD_to_N2A,1,0,pair_5,0.5250077439690217,2a29149053a5ad391410e86c6c5298f5cee23cc520acfe1c6ffc53a71215c9c1,1460,2790
CAD_to_N2A,1,2,pair_5,0.5401567954646577,399d727dd9fd35cc07e550a87746f5ab360622495ae67ec7a63d280263f57708,2790,1460
CAD_to_N2A,2,0,pair_005,0.5414471626414048,eff05e6b792aeea781aef4974b3ee17acc939724f4d1609f9d33c2e656d8632a,2639,2790
CAD_to_N2A,2,1,pair_005,0.5216299688866272,399d727dd9fd35cc07e550a87746f5ab360622495ae67ec7a63d280263f57708,2790,2639
CAD_to_N2A,2,0,pair_05,0.520927735369799,eff05e6b792aeea781aef4974b3ee17acc939724f4d1609f9d33c2e656d8632a,2639,2790
CAD_to_N2A,2,1,pair_05,0.4717925377211907,399d727dd9fd35cc07e550a87746f5ab360622495ae67ec7a63d280263f57708,2790,2639
CAD_to_N2A,2,0,pair_5,0.48110789966162704,eff05e6b792aeea781aef4974b3ee17acc939724f4d1609f9d33c2e656d8632a,2639,2790
CAD_to_N2A,2,1,pair_5,0.43241965966513896,399d727dd9fd35cc07e550a87746f5ab360622495ae67ec7a63d280263f57708,2790,2639
N2A_to_CAD,0,1,pair_005,0.44015185024457604,e95531e41dc676870fdbd2a2c2b1f9fe0017cdb11c875de4a778e3155c833b6f,1463,2641
N2A_to_CAD,0,2,pair_005,0.42073629363053155,ca63d3633191103127399801cb09f59657c7e54a0ffd68e6fb8078dd6ef0030c,2641,1463
N2A_to_CAD,0,1,pair_05,0.4686731529992352,e95531e41dc676870fdbd2a2c2b1f9fe0017cdb11c875de4a778e3155c833b6f,1463,2641
N2A_to_CAD,0,2,pair_05,0.42096862477431457,ca63d3633191103127399801cb09f59657c7e54a0ffd68e6fb8078dd6ef0030c,2641,1463
N2A_to_CAD,0,1,pair_5,0.4892790729068455,e95531e41dc676870fdbd2a2c2b1f9fe0017cdb11c875de4a778e3155c833b6f,1463,2641
N2A_to_CAD,0,2,pair_5,0.43935610428024774,ca63d3633191103127399801cb09f59657c7e54a0ffd68e6fb8078dd6ef0030c,2641,1463
N2A_to_CAD,1,0,pair_005,0.5872395167605816,e95531e41dc676870fdbd2a2c2b1f9fe0017cdb11c875de4a778e3155c833b6f,1463,2788
N2A_to_CAD,1,2,pair_005,0.5848802795799422,80e95c5c54b8f0dca17b742eb9da931b7ba595b4766a5578c8b503646d019a6f,2788,1463
N2A_to_CAD,1,0,pair_05,0.5706441529957894,e95531e41dc676870fdbd2a2c2b1f9fe0017cdb11c875de4a778e3155c833b6f,1463,2788
N2A_to_CAD,1,2,pair_05,0.5462273948366324,80e95c5c54b8f0dca17b742eb9da931b7ba595b4766a5578c8b503646d019a6f,2788,1463
N2A_to_CAD,1,0,pair_5,0.5484559165849939,e95531e41dc676870fdbd2a2c2b1f9fe0017cdb11c875de4a778e3155c833b6f,1463,2788
N2A_to_CAD,1,2,pair_5,0.5427459708164537,80e95c5c54b8f0dca17b742eb9da931b7ba595b4766a5578c8b503646d019a6f,2788,1463
N2A_to_CAD,2,0,pair_005,0.5268101511428588,ca63d3633191103127399801cb09f59657c7e54a0ffd68e6fb8078dd6ef0030c,2641,2788
N2A_to_CAD,2,1,pair_005,0.5618005140038127,80e95c5c54b8f0dca17b742eb9da931b7ba595b4766a5578c8b503646d019a6f,2788,2641
N2A_to_CAD,2,0,pair_05,0.5646676793568329,ca63d3633191103127399801cb09f59657c7e54a0ffd68e6fb8078dd6ef0030c,2641,2788
N2A_to_CAD,2,1,pair_05,0.49934529031976,80e95c5c54b8f0dca17b742eb9da931b7ba595b4766a5578c8b503646d019a6f,2788,2641
N2A_to_CAD,2,0,pair_5,0.4808461948289794,ca63d3633191103127399801cb09f59657c7e54a0ffd68e6fb8078dd6ef0030c,2641,2788
N2A_to_CAD,2,1,pair_5,0.4832461496896202,80e95c5c54b8f0dca17b742eb9da931b7ba595b4766a5578c8b503646d019a6f,2788,2641
